,aun,records,compensation,netprofits,miscellaneousincome,dividends&interest,outofstatetaxrecords,outofstatetaxcredit,outofstateincome(calculated),totalpersonalincome,adjustedpersonalincome
0,112011103.0,6904.0,287057940.0,29871300.0,13022435.0,8390248.0,41.0,48009.0,1563811.0,338341923.0,336778112.0
1,112011603.0,14243.0,560031343.0,56512251.0,31090865.0,18342024.0,112.0,342952.0,11171075.0,665976483.0,654805408.0
2,112013054.0,4258.0,261092055.0,10492767.0,6242166.0,8849257.0,63.0,58950.0,1920195.0,286676245.0,284756050.0
3,112013753.0,12747.0,498616153.0,63782120.0,78866023.0,50032739.0,174.0,284365.0,9262704.0,691297035.0,682034331.0
4,112015203.0,7202.0,313242163.0,28938836.0,21952086.0,8645479.0,93.0,160565.0,5230130.0,372778564.0,367548434.0
5,112018523.0,6016.0,223580569.0,19880411.0,9132399.0,6720221.0,65.0,79862.0,2601368.0,259313600.0,256712232.0
6,103020603.0,6012.0,224593745.0,23583806.0,16345075.0,15940829.0,55.0,100694.0,3279935.0,280463455.0,277183520.0
7,103020753.0,5673.0,450368866.0,59391603.0,34892180.0,22243711.0,102.0,495160.0,16128990.0,566896360.0,550767370.0
8,103021102.0,18885.0,840524717.0,45228076.0,35191752.0,34011966.0,103.0,61846.0,2014528.0,954956511.0,952941983.0
9,103021252.0,17241.0,903659113.0,84200591.0,38696866.0,44479549.0,147.0,122491.0,3989935.0,1071036119.0,1067046184.0
10,103021453.0,5004.0,196928656.0,6996351.0,2633015.0,3439778.0,14.0,12242.0,398762.0,209997800.0,209599038.0
11,103021603.0,7267.0,322629491.0,24151498.0,12678390.0,10343893.0,55.0,82700.0,2693811.0,369803272.0,367109461.0
12,103021752.0,16253.0,960145969.0,96961461.0,869664098.0,68995903.0,173.0,1162381.0,37862573.0,1995767431.0,1957904858.0
13,103021903.0,2688.0,72542716.0,2093106.0,1765846.0,2073981.0,4.0,2064.0,67231.0,78475649.0,78408418.0
14,103022103.0,3242.0,112753687.0,4313765.0,2118103.0,1935342.0,12.0,12698.0,413616.0,121120897.0,120707281.0
15,103022253.0,7371.0,335655149.0,22957410.0,16457598.0,10940195.0,36.0,29066.0,946775.0,386010352.0,385063577.0
16,103022503.0,2024.0,47815355.0,1507356.0,668170.0,966187.0,5.0,2268.0,73876.0,50957068.0,50883192.0
17,103022803.0,6774.0,224145958.0,10299950.0,6507475.0,4858496.0,18.0,16808.0,547492.0,245811879.0,245264387.0
18,103023153.0,9012.0,382235635.0,24858702.0,22070827.0,12864159.0,40.0,34305.0,1117427.0,442029323.0,440911896.0
19,103023912.0,14145.0,1243513061.0,311242668.0,289343192.0,181341798.0,475.0,1558597.0,50768632.0,2025440719.0,1974672087.0
20,103024102.0,15838.0,698602417.0,56200952.0,34020228.0,34152818.0,110.0,127741.0,4160945.0,822976415.0,818815470.0
21,103024603.0,9283.0,697476423.0,103810266.0,87559719.0,48439357.0,168.0,334146.0,10884235.0,937285765.0,926401530.0
22,103024753.0,9991.0,359585060.0,23787497.0,13268630.0,13060040.0,38.0,41644.0,1356482.0,409701227.0,408344745.0
23,103025002.0,11021.0,490255908.0,31040754.0,18028654.0,13843950.0,83.0,116475.0,3793974.0,553169266.0,549375292.0
24,103026002.0,13167.0,401764556.0,17533631.0,21564613.0,11561518.0,28.0,28180.0,917915.0,452424318.0,451506403.0
25,103026303.0,13830.0,763441903.0,71830489.0,32620470.0,29225406.0,128.0,156264.0,5090033.0,897118268.0,892028235.0
26,103026343.0,13134.0,847278293.0,93682613.0,33139860.0,33784705.0,170.0,293353.0,9555472.0,1007885471.0,998329999.0
27,103026402.0,17038.0,1321405991.0,231617223.0,128121275.0,119592108.0,460.0,1229676.0,40054593.0,1800736597.0,1760682004.0
28,103026852.0,24684.0,2148360822.0,319925150.0,200637155.0,137604962.0,579.0,1403058.0,45702215.0,2806528089.0,2760825874.0
29,103026902.0,20415.0,1031912005.0,66845298.0,39109778.0,41139990.0,143.0,139678.0,4549772.0,1179007071.0,1174457299.0
30,103026873.0,7020.0,264282076.0,12648307.0,5593085.0,5314028.0,34.0,44320.0,1443648.0,287837496.0,286393848.0
31,103027352.0,19323.0,699345509.0,30675767.0,21160918.0,21624027.0,64.0,89013.0,2899446.0,772806221.0,769906775.0
32,103021003.0,11321.0,1230404979.0,168403206.0,109452731.0,61591288.0,292.0,966230.0,31473290.0,1569852204.0,1538378914.0
33,102027451.0,132962.0,6020025686.0,642264265.0,1206120317.0,378676903.0,1730.0,4430512.0,144316352.0,8247087171.0,8102770819.0
34,103027503.0,13328.0,672759279.0,55354314.0,26531175.0,29485550.0,82.0,61951.0,2017948.0,784130318.0,782112370.0
35,103027753.0,6858.0,704756928.0,171924319.0,158794455.0,107980680.0,248.0,1413596.0,46045472.0,1143456382.0,1097410910.0
36,103028203.0,4594.0,243701211.0,25380716.0,24525783.0,13519804.0,46.0,214417.0,6984267.0,307127514.0,300143247.0
37,103028302.0,20256.0,923809507.0,56903397.0,34872349.0,32769488.0,117.0,82217.0,2678078.0,1048354741.0,1045676663.0
38,103028653.0,5275.0,181260888.0,5925153.0,2644550.0,3769033.0,12.0,5882.0,191596.0,193599624.0,193408028.0
39,103028703.0,7363.0,551421359.0,51221612.0,27419319.0,18464354.0,90.0,157043.0,5115407.0,648526644.0,643411237.0
40,103028753.0,6924.0,360276468.0,19867520.0,7784904.0,10295878.0,36.0,25061.0,816319.0,398224770.0,397408451.0
41,103028833.0,7407.0,271669364.0,10573623.0,6284951.0,6781323.0,24.0,10006.0,325928.0,295309261.0,294983333.0
42,103028853.0,5493.0,146676851.0,6899287.0,2635413.0,3021852.0,10.0,26977.0,878730.0,159233403.0,158354673.0
43,103029203.0,9479.0,911760485.0,193285839.0,126075477.0,100094883.0,329.0,1020748.0,33249121.0,1331216684.0,1297967563.0
44,103029403.0,11005.0,643756661.0,42622080.0,17933041.0,12929193.0,117.0,152194.0,4957459.0,717240975.0,712283516.0
45,103029553.0,9777.0,559851918.0,59449337.0,50139602.0,22647291.0,98.0,283594.0,9237590.0,692088148.0,682850558.0
46,103029603.0,10617.0,396281827.0,14132377.0,7352696.0,9595244.0,38.0,29550.0,962541.0,427362144.0,426399603.0
47,103029803.0,7100.0,239080274.0,14983796.0,8230217.0,7249877.0,57.0,56564.0,1842476.0,269544164.0,267701688.0
48,103029902.0,21828.0,874477786.0,79269742.0,59194834.0,47398654.0,143.0,145765.0,4748046.0,1060341016.0,1055592970.0
49,128030603.0,4367.0,153312134.0,8358001.0,5723563.0,4052189.0,19.0,32051.0,1044007.0,171445887.0,170401880.0
50,128030852.0,19072.0,684272205.0,60711035.0,40224466.0,24814688.0,79.0,87258.0,2842280.0,810022394.0,807180114.0
51,128033053.0,5782.0,302216309.0,35070917.0,22161782.0,9065184.0,46.0,107718.0,3508730.0,368514192.0,365005462.0
52,128034503.0,2983.0,102104947.0,5266584.0,4746642.0,3916271.0,6.0,9179.0,298990.0,116034444.0,115735454.0
53,127040503.0,4152.0,110796451.0,5763555.0,1980597.0,2120748.0,6.0,6761.0,220228.0,120661351.0,120441123.0
54,127040703.0,11796.0,495789728.0,31389921.0,15364599.0,14519245.0,62.0,38239.0,1245570.0,557063493.0,555817923.0
55,127041203.0,7313.0,370208490.0,33583181.0,23900051.0,17581134.0,75.0,99797.0,3250717.0,445272856.0,442022139.0
56,127041503.0,5843.0,175138077.0,9181422.0,3432248.0,3252917.0,19.0,7201.0,234560.0,191004664.0,190770104.0
57,127041603.0,8433.0,393245669.0,33596057.0,21690477.0,14043784.0,72.0,110735.0,3607003.0,462575987.0,458968984.0
58,127042003.0,8915.0,416438371.0,31479668.0,14343446.0,10017622.0,61.0,135849.0,4425049.0,472279107.0,467854058.0
59,127042853.0,5427.0,210205794.0,14608948.0,11960573.0,7071117.0,23.0,33218.0,1082020.0,243846432.0,242764412.0
60,127044103.0,8998.0,410183115.0,20753655.0,14083313.0,11399759.0,51.0,31817.0,1036384.0,456419842.0,455383458.0
61,127045303.0,1205.0,34975269.0,835776.0,472241.0,532175.0,4.0,4351.0,141726.0,36815461.0,36673735.0
62,127045653.0,4887.0,168255439.0,7542694.0,4133250.0,2681359.0,21.0,23234.0,756808.0,182612742.0,181855934.0
63,127045853.0,4902.0,204905764.0,19718070.0,11084864.0,8695957.0,20.0,24010.0,782085.0,244404655.0,243622570.0
64,127046903.0,3317.0,107703441.0,3513743.0,1900729.0,1902094.0,12.0,32868.0,1070619.0,115020007.0,113949388.0
65,127047404.0,3114.0,156828112.0,11110349.0,7062215.0,2949657.0,34.0,33997.0,1107394.0,177950333.0,176842939.0
66,127049303.0,2492.0,106777879.0,3944396.0,2081051.0,2190086.0,9.0,15690.0,511075.0,114993412.0,114482337.0
67,108051003.0,7764.0,258445445.0,38894665.0,17926502.0,10987511.0,80.0,178590.0,5817264.0,326254123.0,320436859.0
68,108051503.0,4742.0,160130891.0,15627557.0,8672586.0,5242130.0,26.0,83623.0,2723876.0,189673164.0,186949288.0
69,108053003.0,4412.0,135439875.0,19144832.0,8211338.0,4172299.0,45.0,45363.0,1477622.0,166968344.0,165490722.0
70,108056004.0,2895.0,98450589.0,17165130.0,7531742.0,2573839.0,15.0,11684.0,380586.0,125721300.0,125340714.0
71,108058003.0,2931.0,93038721.0,5362430.0,2438577.0,1624358.0,14.0,20173.0,657101.0,102464086.0,101806985.0
72,114060503.0,3408.0,136616834.0,8374884.0,2211822.0,3928329.0,19.0,8433.0,274691.0,151131869.0,150857178.0
73,114060753.0,23402.0,1289578180.0,119219055.0,68656829.0,43648071.0,256.0,491674.0,16015440.0,1521102135.0,1505086695.0
74,114060853.0,6429.0,307874718.0,25012200.0,13023939.0,12366595.0,59.0,99908.0,3254332.0,358277452.0,355023120.0
75,114061103.0,9810.0,430352843.0,42506386.0,23198488.0,18658587.0,91.0,99322.0,3235244.0,514716304.0,511481060.0
76,114061503.0,10224.0,590940627.0,49475736.0,42485553.0,16018618.0,113.0,168684.0,5494593.0,698920534.0,693425941.0
77,114062003.0,13148.0,695226018.0,52656975.0,49849950.0,23945214.0,154.0,214365.0,6982573.0,821678157.0,814695584.0
78,114062503.0,8400.0,402979346.0,30903704.0,10281174.0,16423675.0,75.0,144948.0,4721433.0,460587899.0,455866466.0
79,114063003.0,15871.0,811820984.0,95899650.0,45354296.0,49499193.0,188.0,398134.0,12968534.0,1002574123.0,989605589.0
80,114063503.0,9017.0,386901243.0,29547144.0,13914650.0,12015516.0,59.0,154221.0,5023485.0,442378553.0,437355068.0
81,114064003.0,6516.0,277649837.0,32060785.0,24933853.0,15357754.0,73.0,111152.0,3620586.0,350002229.0,346381643.0
82,114065503.0,12672.0,490128393.0,23426388.0,9225691.0,15471839.0,79.0,91817.0,2990782.0,538252311.0,535261529.0
83,114066503.0,6358.0,329918635.0,37289284.0,52055529.0,18913008.0,56.0,570379.0,18579121.0,438176456.0,419597335.0
84,114067002.0,34590.0,833222217.0,39219428.0,10013362.0,13634442.0,176.0,167442.0,5454137.0,896089449.0,890635312.0
85,114067503.0,6780.0,346981315.0,40760362.0,28576424.0,12459889.0,60.0,47506.0,1547427.0,428777990.0,427230563.0
86,114068003.0,5838.0,240635941.0,48496770.0,18122820.0,10676448.0,48.0,68756.0,2239609.0,317931979.0,315692370.0
87,114068103.0,11671.0,588780009.0,80075993.0,33462821.0,23261972.0,200.0,279503.0,9104332.0,725580795.0,716476463.0
88,114069103.0,19356.0,1048273889.0,106945574.0,121931345.0,57639373.0,259.0,356547.0,11613909.0,1334790181.0,1323176272.0
89,114069353.0,6489.0,425813983.0,84013835.0,69110856.0,66094095.0,134.0,273289.0,8901922.0,645032769.0,636130847.0
90,108070502.0,25444.0,851866499.0,70662966.0,52298999.0,28755224.0,109.0,228097.0,7429870.0,1003583688.0,996153818.0
91,108071003.0,3937.0,158852724.0,20163817.0,8256406.0,10594249.0,24.0,19006.0,619088.0,197867196.0,197248108.0
92,108071504.0,2409.0,79220874.0,6796718.0,2570227.0,1896924.0,15.0,9032.0,294202.0,90484743.0,90190541.0
93,108073503.0,12795.0,588911358.0,107427754.0,71050192.0,34583821.0,134.0,349382.0,11380521.0,801973125.0,790592604.0
94,108077503.0,6353.0,217092445.0,46254714.0,16840961.0,9951714.0,36.0,37547.0,1223029.0,290139834.0,288916805.0
95,108078003.0,5977.0,214401029.0,17307800.0,10439063.0,6319806.0,35.0,56989.0,1856319.0,248467698.0,246611379.0
96,108079004.0,1593.0,52095748.0,3815981.0,6830321.0,1350632.0,6.0,1603.0,52215.0,64092682.0,64040467.0
97,117080503.0,6384.0,252881452.0,25910472.0,18899935.0,9925611.0,1190.0,1616278.0,52647492.0,307617470.0,254969978.0
98,117081003.0,2659.0,85191982.0,9485196.0,12362383.0,2426898.0,80.0,88012.0,2866840.0,109466459.0,106599619.0
99,117083004.0,2574.0,82141270.0,10722177.0,14154983.0,2716215.0,376.0,453750.0,14780130.0,109734645.0,94954515.0
100,117086003.0,3635.0,140369473.0,6390694.0,5831458.0,5210326.0,729.0,829039.0,27004528.0,157801951.0,130797423.0
101,117086503.0,5047.0,168896311.0,17668568.0,37400065.0,8463899.0,181.0,203834.0,6639544.0,232428843.0,225789299.0
102,117086653.0,4661.0,151513617.0,15900407.0,39913313.0,7022464.0,687.0,949892.0,30941107.0,214349801.0,183408694.0
103,117089003.0,4270.0,139475683.0,12976120.0,55604677.0,5934410.0,65.0,73153.0,2382834.0,213990890.0,211608056.0
104,122091002.0,29283.0,1380284073.0,111530235.0,53087211.0,32331582.0,500.0,703524.0,22916091.0,1577233101.0,1554317010.0
105,122091303.0,4770.0,173067967.0,10077374.0,4063519.0,2856155.0,52.0,68258.0,2223388.0,190065015.0,187841627.0
106,122091352.0,25314.0,1043183138.0,46854271.0,14446728.0,13218240.0,295.0,424456.0,13825928.0,1117702377.0,1103876449.0
107,122092002.0,25900.0,1201962629.0,110975816.0,53696333.0,74516574.0,363.0,487092.0,15866189.0,1441151352.0,1425285163.0
108,122092102.0,57002.0,4744877990.0,657837007.0,463169109.0,251410236.0,1853.0,5593229.0,182189870.0,6117294342.0,5935104472.0
109,122092353.0,35969.0,3456394000.0,746954688.0,470968704.0,230556385.0,2108.0,11132798.0,362631857.0,4904873777.0,4542241920.0
110,122097203.0,4253.0,181917830.0,10725570.0,2891864.0,3215525.0,123.0,175382.0,5712769.0,198750789.0,193038020.0
111,122097502.0,34701.0,1988038532.0,188563063.0,101385416.0,82189428.0,856.0,1999148.0,65118827.0,2360176439.0,2295057612.0
112,122097604.0,6526.0,763268346.0,220933998.0,227820053.0,100591958.0,572.0,4627275.0,150725570.0,1312614355.0,1161888785.0
113,122098003.0,7524.0,413572035.0,93377644.0,77275673.0,36678960.0,261.0,949699.0,30934821.0,620904312.0,589969491.0
114,122098103.0,24102.0,1421140408.0,163975713.0,124805510.0,59127775.0,362.0,1134054.0,36939870.0,1769049406.0,1732109536.0
115,122098202.0,33761.0,2531753337.0,271757569.0,184743636.0,145460099.0,1731.0,5562243.0,181180554.0,3133714641.0,2952534087.0
116,122098403.0,17827.0,913865509.0,89344207.0,41893330.0,29763801.0,233.0,726299.0,23657948.0,1074866847.0,1051208899.0
117,104101252.0,26341.0,1025723019.0,87259360.0,62538861.0,39953422.0,98.0,134023.0,4365570.0,1215474662.0,1211109092.0
118,104103603.0,4421.0,176161277.0,9717482.0,7859964.0,5396145.0,12.0,11585.0,377362.0,199134868.0,198757506.0
119,104105003.0,10699.0,885275726.0,134229674.0,71287107.0,54595767.0,212.0,576558.0,18780391.0,1145388274.0,1126607883.0
120,104105353.0,4224.0,158476819.0,11360802.0,12897319.0,3833723.0,24.0,35361.0,1151824.0,186568663.0,185416839.0
121,104107903.0,24299.0,1750776098.0,154286660.0,88582019.0,76895542.0,305.0,507452.0,16529381.0,2070540319.0,2054010938.0
122,104107503.0,8110.0,327709495.0,30656183.0,33391462.0,14088820.0,69.0,52124.0,1697850.0,405845960.0,404148110.0
123,104107803.0,9262.0,416879438.0,57793897.0,40085045.0,23682364.0,66.0,131250.0,4275244.0,538440744.0,534165500.0
124,108110603.0,2195.0,71761386.0,2661559.0,1091233.0,744315.0,12.0,3730.0,121498.0,76258493.0,76136995.0
125,108111203.0,4658.0,166118931.0,11687672.0,8189746.0,4852263.0,23.0,51377.0,1673518.0,190848612.0,189175094.0
126,108111303.0,6402.0,243193575.0,20879889.0,11134475.0,8740635.0,29.0,44062.0,1435244.0,283948574.0,282513330.0
127,108111403.0,3046.0,101673545.0,3432153.0,1686889.0,1809283.0,15.0,10375.0,337948.0,108601870.0,108263922.0
128,108112003.0,2181.0,63866378.0,1917279.0,622841.0,1400051.0,7.0,614.0,20000.0,67806549.0,67786549.0
129,108112203.0,6049.0,231533456.0,24807962.0,8506285.0,6564562.0,23.0,23839.0,776515.0,271412265.0,270635750.0
130,108112502.0,10878.0,265584526.0,11152323.0,5405978.0,7303554.0,31.0,38386.0,1250358.0,289446381.0,288196023.0
131,108114503.0,3548.0,123640799.0,10338017.0,3164085.0,2968442.0,14.0,8929.0,290847.0,140111343.0,139820496.0
132,108116003.0,5893.0,225715413.0,19049325.0,9459914.0,6273327.0,26.0,48492.0,1579544.0,260497979.0,258918435.0
133,108116303.0,2831.0,97626453.0,3401511.0,2714321.0,2331158.0,5.0,1159.0,37752.0,106073443.0,106035691.0
134,108116503.0,6517.0,283635066.0,30295572.0,15848017.0,13074905.0,57.0,37467.0,1220423.0,342853560.0,341633137.0
135,108118503.0,6265.0,288845606.0,39064614.0,22361660.0,25762878.0,74.0,59707.0,1944853.0,376034758.0,374089905.0
136,109122703.0,2338.0,70679106.0,4667053.0,3759092.0,4141675.0,16.0,11160.0,363518.0,83246926.0,82883408.0
137,121135003.0,6787.0,255628771.0,21680381.0,8027419.0,8912708.0,204.0,360808.0,11752704.0,294249279.0,282496575.0
138,121135503.0,8628.0,329817388.0,22325352.0,17719318.0,10065550.0,99.0,142155.0,4630456.0,379927608.0,375297152.0
139,121136503.0,6361.0,257218428.0,22708738.0,10410947.0,9410405.0,45.0,75330.0,2453746.0,299748518.0,297294772.0
140,121136603.0,5457.0,170652534.0,6271502.0,3057982.0,4694288.0,34.0,44168.0,1438697.0,184676306.0,183237609.0
141,121139004.0,2388.0,83203448.0,6668226.0,10616756.0,3415970.0,21.0,254127.0,8277752.0,103904400.0,95626648.0
142,110141003.0,6346.0,237733371.0,18097371.0,7262088.0,5635553.0,44.0,35906.0,1169577.0,268728383.0,267558806.0
143,110141103.0,11471.0,487018598.0,39838375.0,18292936.0,13219360.0,69.0,65198.0,2123713.0,558369269.0,556245556.0
144,110147003.0,5824.0,208719166.0,32513563.0,23408391.0,9694823.0,43.0,58872.0,1917655.0,274335943.0,272418288.0
145,110148002.0,29970.0,1582549296.0,203190603.0,171324874.0,121729389.0,631.0,625807.0,20384593.0,2078794162.0,2058409569.0
146,124150503.0,14027.0,1030812650.0,101072863.0,69857427.0,52206781.0,3296.0,11063293.0,360367850.0,1253949721.0,893581871.0
147,124151902.0,29792.0,1495580935.0,94302237.0,80039914.0,41311733.0,785.0,1393798.0,45400586.0,1711234819.0,1665834233.0
148,124152003.0,32276.0,3015376537.0,348120823.0,226570968.0,127608988.0,1548.0,4403442.0,143434593.0,3717677316.0,3574242723.0
149,124153503.0,14217.0,1427304720.0,346970761.0,441705493.0,143248562.0,778.0,3618218.0,117857264.0,2359229536.0,2241372272.0
150,124154003.0,12860.0,988660009.0,162465217.0,130195432.0,89568179.0,2910.0,12365879.0,402797362.0,1370888837.0,968091475.0
151,124156503.0,8305.0,371545286.0,63856312.0,49299133.0,96320918.0,431.0,765465.0,24933713.0,581021649.0,556087936.0
152,124156603.0,16288.0,1278799094.0,211819274.0,131134266.0,138188737.0,436.0,1488848.0,48496678.0,1759941371.0,1711444693.0
153,124156703.0,10744.0,542208656.0,44286131.0,24418084.0,16270691.0,1291.0,2577844.0,83968860.0,627183562.0,543214702.0
154,124157203.0,16442.0,1191757608.0,138931984.0,165629308.0,61136200.0,401.0,1132204.0,36879609.0,1557455100.0,1520575491.0
155,124157802.0,19730.0,2467089317.0,499712489.0,459383982.0,247514291.0,1301.0,5397689.0,175820489.0,3673700079.0,3497879590.0
156,124158503.0,10963.0,1284220079.0,243485504.0,232811109.0,149474832.0,2260.0,13726711.0,447124137.0,1909991524.0,1462867387.0
157,124159002.0,52566.0,4157749702.0,596249129.0,411538224.0,267227675.0,3477.0,12187248.0,396978762.0,5432764730.0,5035785968.0
158,106160303.0,2641.0,89556449.0,6237085.0,7399734.0,3080704.0,15.0,8459.0,275537.0,106273972.0,105998435.0
159,106161203.0,3242.0,120772518.0,14392057.0,9301041.0,10383423.0,27.0,15081.0,491238.0,154849039.0,154357801.0
160,106161703.0,3119.0,103202746.0,13512113.0,6155477.0,5111486.0,17.0,14703.0,478925.0,127981822.0,127502897.0
161,106166503.0,3509.0,115331012.0,14919695.0,6640081.0,4541196.0,15.0,6434.0,209577.0,141431984.0,141222407.0
162,106167504.0,2201.0,75746050.0,7898467.0,5115514.0,5989845.0,9.0,5572.0,181498.0,94749876.0,94568378.0
163,106168003.0,3669.0,121636061.0,10377410.0,7779829.0,4222563.0,17.0,20640.0,672313.0,144015863.0,143343550.0
164,106169003.0,1802.0,55241728.0,4423012.0,3041992.0,1773553.0,8.0,4479.0,145896.0,64480285.0,64334389.0
165,110171003.0,8741.0,280770164.0,21518106.0,13028155.0,12857244.0,37.0,31154.0,1014788.0,328173669.0,327158881.0
166,110171803.0,3415.0,110051122.0,9780031.0,3958848.0,3276259.0,20.0,23472.0,764560.0,127066260.0,126301700.0
167,106172003.0,14473.0,522206764.0,68086728.0,26478850.0,21239766.0,86.0,81097.0,2641596.0,638012108.0,635370512.0
168,110173003.0,2349.0,76185993.0,3443085.0,1182638.0,2014453.0,8.0,19476.0,634397.0,82826169.0,82191772.0
169,110173504.0,979.0,30687798.0,3193523.0,1957912.0,877117.0,4.0,1933.0,62964.0,36716350.0,36653386.0
170,110175003.0,2939.0,101756140.0,4674564.0,1754834.0,2284784.0,13.0,7683.0,250261.0,110470322.0,110220061.0
171,110177003.0,6125.0,220427003.0,13203211.0,6161193.0,4927095.0,39.0,38264.0,1246384.0,244718502.0,243472118.0
172,110179003.0,3324.0,116583451.0,5390077.0,3137170.0,2213581.0,15.0,6402.0,208534.0,127324279.0,127115745.0
173,110183602.0,15420.0,561133652.0,47242400.0,27592609.0,14965967.0,75.0,80825.0,2632736.0,650934628.0,648301892.0
174,116191004.0,2556.0,90095565.0,6120268.0,4104190.0,3234642.0,19.0,11170.0,363844.0,103554665.0,103190821.0
175,116191103.0,10530.0,374736999.0,22726677.0,16056752.0,12021809.0,81.0,116369.0,3790521.0,425542237.0,421751716.0
176,116191203.0,6312.0,252343288.0,18407897.0,11347550.0,9117196.0,62.0,53636.0,1747101.0,291215931.0,289468830.0
177,116191503.0,7176.0,321734069.0,28302440.0,27437709.0,13802562.0,75.0,85155.0,2773779.0,391276780.0,388503001.0
178,116195004.0,2507.0,92975968.0,8550203.0,4304247.0,3554607.0,22.0,18005.0,586482.0,109385025.0,108798543.0
179,116197503.0,5269.0,223408443.0,20768343.0,13470870.0,10676966.0,36.0,27476.0,894984.0,268324622.0,267429638.0
180,105201033.0,8056.0,256443600.0,48975096.0,16303233.0,10314161.0,77.0,76584.0,2494593.0,332036090.0,329541497.0
181,105201352.0,13517.0,461955632.0,74361001.0,28015316.0,24666764.0,107.0,157399.0,5127003.0,588998713.0,583871710.0
182,105204703.0,9922.0,359508519.0,44596804.0,17555680.0,10696812.0,60.0,57943.0,1887394.0,432357815.0,430470421.0
183,115210503.0,10147.0,388238442.0,48047861.0,33373036.0,20456905.0,82.0,89123.0,2903029.0,490116244.0,487213215.0
184,115211003.0,4267.0,239497408.0,31859073.0,15151690.0,13963374.0,70.0,84239.0,2743941.0,300471545.0,297727604.0
185,115211103.0,17691.0,715500833.0,63906046.0,49483347.0,35949359.0,170.0,173730.0,5658958.0,864839585.0,859180627.0
186,115211603.0,29207.0,1844499125.0,262896824.0,125656011.0,92669740.0,442.0,1039555.0,33861726.0,2325721700.0,2291859974.0
187,115212503.0,10411.0,508072452.0,35842331.0,13578130.0,14645763.0,75.0,74164.0,2415765.0,572138676.0,569722911.0
188,115216503.0,15477.0,772632897.0,107334801.0,257237270.0,44661019.0,160.0,1447045.0,47135016.0,1181865987.0,1134730971.0
189,115218003.0,11876.0,439595552.0,51057692.0,21560757.0,12469145.0,81.0,60885.0,1983225.0,524683146.0,522699921.0
190,115218303.0,7507.0,349702306.0,34887083.0,23665170.0,18893600.0,84.0,73309.0,2387915.0,427148159.0,424760244.0
191,115221402.0,47421.0,2354734316.0,184813049.0,121277226.0,86038182.0,369.0,988749.0,32206808.0,2746862773.0,2714655965.0
192,115221753.0,12096.0,849603521.0,83846319.0,82206157.0,51227242.0,218.0,503165.0,16389739.0,1066883239.0,1050493500.0
193,115222504.0,3666.0,161980619.0,11158987.0,5347283.0,5161222.0,17.0,18659.0,607785.0,183648111.0,183040326.0
194,115222752.0,21120.0,582062766.0,28947865.0,10239714.0,8955506.0,97.0,76755.0,2500163.0,630205851.0,627705688.0
195,115224003.0,12190.0,700739973.0,70894992.0,40567584.0,28143258.0,130.0,308883.0,10061336.0,840345807.0,830284471.0
196,115226003.0,9188.0,372649961.0,17324226.0,9649604.0,8849170.0,44.0,53050.0,1728013.0,408472961.0,406744948.0
197,115226103.0,3164.0,117755426.0,11633282.0,186918818.0,5536250.0,14.0,26645.0,867915.0,321843776.0,320975861.0
198,115228003.0,4006.0,114200370.0,2963104.0,879791.0,1426065.0,11.0,3515.0,114495.0,119469330.0,119354835.0
199,115228303.0,12727.0,599503361.0,54181023.0,31609069.0,27497415.0,104.0,149785.0,4878990.0,712790868.0,707911878.0
200,115229003.0,4318.0,146638009.0,20597442.0,10795294.0,4424418.0,21.0,9021.0,293844.0,182455163.0,182161319.0
201,125231232.0,13293.0,348341965.0,16207229.0,16959430.0,3510613.0,497.0,393523.0,12818339.0,385019237.0,372200898.0
202,125231303.0,10944.0,491288890.0,21664740.0,6606098.0,7406040.0,1103.0,1482189.0,48279772.0,526965768.0,478685996.0
203,125234103.0,13301.0,1085977686.0,148939910.0,83516185.0,66923830.0,2064.0,7215366.0,235028208.0,1385357611.0,1150329403.0
204,125234502.0,22972.0,1835355690.0,252554503.0,200032115.0,120369862.0,930.0,2661584.0,86696547.0,2408312170.0,2321615623.0
205,125235103.0,10937.0,475332813.0,18084653.0,5696777.0,6400690.0,361.0,456503.0,14869805.0,505514933.0,490645128.0
206,125235502.0,18514.0,1415499215.0,347561328.0,251058349.0,130880864.0,874.0,3788112.0,123391270.0,2144999756.0,2021608486.0
207,125236903.0,12963.0,692948720.0,35435070.0,12427457.0,16193414.0,937.0,1482006.0,48273811.0,757004661.0,708730850.0
208,125237603.0,11371.0,1582349485.0,431473016.0,638334114.0,217293388.0,879.0,6004504.0,195586450.0,2869450003.0,2673863553.0
209,125237702.0,18807.0,933105389.0,40127390.0,23280345.0,17918777.0,780.0,1135451.0,36985375.0,1014431901.0,977446526.0
210,125237903.0,16990.0,1350923936.0,277553771.0,132878224.0,115410069.0,1224.0,5131027.0,167134430.0,1876766000.0,1709631570.0
211,125238402.0,12455.0,451097052.0,15942637.0,4090046.0,4420115.0,243.0,257056.0,8373160.0,475549850.0,467176690.0
212,125238502.0,13259.0,845906791.0,61248086.0,30948234.0,34384399.0,586.0,1105342.0,36004625.0,972487510.0,936482885.0
213,125239452.0,39575.0,1643272677.0,107540218.0,32602029.0,31554060.0,847.0,1122486.0,36563062.0,1814968984.0,1778405922.0
214,125239603.0,9448.0,844116366.0,158410653.0,76620697.0,65054980.0,867.0,3128768.0,101914267.0,1144202696.0,1042288429.0
215,125239652.0,18989.0,717156791.0,32138886.0,14560160.0,10121801.0,348.0,394373.0,12846026.0,773977638.0,761131612.0
216,109243503.0,2228.0,81187910.0,4740206.0,1535558.0,1811152.0,15.0,10050.0,327362.0,89274826.0,88947464.0
217,109246003.0,3404.0,118800628.0,10214149.0,6187629.0,5998444.0,15.0,8233.0,268176.0,141200850.0,140932674.0
218,109248003.0,9707.0,376326398.0,52699182.0,29488084.0,16457529.0,76.0,63751.0,2076580.0,474971193.0,472894613.0
219,105251453.0,6240.0,192621594.0,26753309.0,11474278.0,6357611.0,261.0,257612.0,8391270.0,237206792.0,228815522.0
220,105252602.0,41262.0,1219421279.0,88185748.0,33292235.0,38467644.0,283.0,287906.0,9378046.0,1379366906.0,1369988860.0
221,105253303.0,5198.0,304656290.0,66331278.0,38846066.0,42799837.0,135.0,274593.0,8944397.0,452633471.0,443689074.0
222,105253553.0,6934.0,272123275.0,28968644.0,13613120.0,10880404.0,80.0,48044.0,1564951.0,325585443.0,324020492.0
223,105253903.0,7036.0,297678565.0,44436831.0,18589075.0,10863181.0,97.0,200917.0,6544528.0,371567652.0,365023124.0
224,105254053.0,5323.0,186145761.0,12773422.0,8729303.0,5333924.0,35.0,21726.0,707687.0,212982410.0,212274723.0
225,105254353.0,7283.0,321847466.0,37232803.0,14712591.0,14407891.0,111.0,346462.0,11285407.0,388200751.0,376915344.0
226,105256553.0,3300.0,108641977.0,9265268.0,1546827.0,3542651.0,31.0,130846.0,4262085.0,122996723.0,118734638.0
227,105257602.0,27494.0,1296803636.0,184600630.0,100058133.0,81954991.0,422.0,715746.0,23314202.0,1663417390.0,1640103188.0
228,105258303.0,5307.0,200665963.0,24477862.0,10338389.0,7361094.0,245.0,313635.0,10216124.0,242843308.0,232627184.0
229,105258503.0,4345.0,149537003.0,11932474.0,8427211.0,3211235.0,25.0,10863.0,353844.0,173107923.0,172754079.0
230,105259103.0,2891.0,92185318.0,7839259.0,2570633.0,2530690.0,44.0,21508.0,700586.0,105125900.0,104425314.0
231,105259703.0,4792.0,203944921.0,16577479.0,6104706.0,5535224.0,132.0,112714.0,3671466.0,232162330.0,228490864.0
232,101260303.0,9690.0,349167959.0,22459107.0,13400804.0,6414018.0,66.0,64499.0,2100945.0,391441888.0,389340943.0
233,101260803.0,5227.0,174390042.0,9138625.0,7555857.0,4532367.0,19.0,7881.0,256710.0,195616891.0,195360181.0
234,101261302.0,15057.0,523537566.0,43036555.0,32092675.0,12674229.0,64.0,43249.0,1408762.0,611341025.0,609932263.0
235,101262903.0,3644.0,136731124.0,9577652.0,16404266.0,4104034.0,12.0,43842.0,1428078.0,166817076.0,165388998.0
236,101264003.0,10267.0,375189059.0,38881821.0,28514885.0,19359904.0,53.0,60623.0,1974691.0,461945669.0,459970978.0
237,101268003.0,10697.0,358440450.0,37511546.0,21799789.0,15040704.0,71.0,90963.0,2962964.0,432792489.0,429829525.0
238,106272003.0,2266.0,65324868.0,4204501.0,3870287.0,3990922.0,17.0,13004.0,423583.0,77390578.0,76966995.0
239,112281302.0,33210.0,1249634675.0,142235555.0,88425047.0,64804360.0,302.0,448066.0,14594984.0,1545099637.0,1530504653.0
240,112282004.0,1891.0,65687403.0,9879604.0,3485539.0,1521377.0,14.0,25439.0,828632.0,80573923.0,79745291.0
241,112283003.0,9385.0,436986916.0,46733285.0,29237769.0,14511793.0,158.0,436999.0,14234495.0,527469763.0,513235268.0
242,112286003.0,8361.0,324603314.0,34734446.0,19016760.0,10206087.0,97.0,238612.0,7772378.0,388560607.0,380788229.0
243,112289003.0,15142.0,566393560.0,51319156.0,24658418.0,22362767.0,166.0,182207.0,5935081.0,664733901.0,658798820.0
244,111291304.0,2909.0,103007537.0,7928365.0,4968999.0,4065399.0,23.0,26477.0,862443.0,119970300.0,119107857.0
245,111292304.0,1363.0,46050410.0,4205379.0,1692942.0,1864480.0,8.0,7524.0,245081.0,53813211.0,53568130.0
246,111297504.0,2494.0,91184975.0,8846173.0,3192303.0,2832656.0,39.0,41059.0,1337427.0,106056107.0,104718680.0
247,101301303.0,2941.0,116907100.0,4329819.0,10092703.0,2478844.0,17.0,11585.0,377362.0,133808466.0,133431104.0
248,101301403.0,5660.0,237460931.0,22735272.0,61942763.0,8699302.0,66.0,38469.0,1253062.0,330838268.0,329585206.0
249,101303503.0,2621.0,105339317.0,4766729.0,14977022.0,2499335.0,11.0,4782.0,155765.0,127582403.0,127426638.0
250,101306503.0,1882.0,76096963.0,3011814.0,7728785.0,1548071.0,17.0,10026.0,326580.0,88385633.0,88059053.0
251,101308503.0,2005.0,82698239.0,3834504.0,42128623.0,2367165.0,26.0,20635.0,672150.0,131028531.0,130356381.0
252,111312503.0,7290.0,246712969.0,30748805.0,15054673.0,11341478.0,46.0,47619.0,1551107.0,303857925.0,302306818.0
253,111312804.0,2331.0,82849902.0,8267829.0,4569044.0,2232350.0,8.0,13538.0,440977.0,97919125.0,97478148.0
254,111316003.0,4131.0,126527042.0,6698050.0,4212776.0,2093601.0,31.0,26790.0,872638.0,139531469.0,138658831.0
255,111317503.0,3448.0,122022653.0,11763122.0,4020087.0,2574811.0,35.0,49094.0,1599153.0,140380673.0,138781520.0
256,128321103.0,6021.0,224688997.0,19621136.0,10509312.0,6945037.0,22.0,64712.0,2107883.0,261764482.0,259656599.0
257,128323303.0,3130.0,104559892.0,6427907.0,8118759.0,3191203.0,13.0,7970.0,259609.0,122297761.0,122038152.0
258,128323703.0,11462.0,460267807.0,53415138.0,42028279.0,30150243.0,110.0,88564.0,2884821.0,585861467.0,582976646.0
259,128325203.0,4295.0,153420107.0,29892137.0,7227272.0,7420977.0,19.0,8157.0,265700.0,197960493.0,197694793.0
260,128326303.0,2587.0,91903701.0,6090884.0,3683680.0,2631805.0,13.0,5507.0,179381.0,104310070.0,104130689.0
261,128327303.0,2913.0,94296754.0,9921301.0,3958607.0,1741731.0,16.0,11460.0,373290.0,109918393.0,109545103.0
262,128328003.0,3397.0,123680893.0,10187023.0,3651509.0,2430230.0,24.0,23759.0,773909.0,139949655.0,139175746.0
263,106330703.0,3853.0,127121603.0,15976500.0,7731126.0,6060560.0,24.0,27416.0,893029.0,156889789.0,155996760.0
264,106330803.0,5628.0,183079232.0,21932725.0,17915615.0,8011064.0,42.0,36496.0,1188795.0,230938636.0,229749841.0
265,106338003.0,9261.0,296089025.0,44575041.0,14661809.0,11880687.0,51.0,39756.0,1294984.0,367206562.0,365911578.0
266,111343603.0,10777.0,356990051.0,60153661.0,25177946.0,12893633.0,52.0,52015.0,1694300.0,455215291.0,453520991.0
267,119350303.0,11786.0,679124103.0,125289688.0,68159636.0,64913454.0,293.0,651513.0,21221922.0,937486881.0,916264959.0
268,119351303.0,4881.0,148271582.0,8345372.0,5007186.0,4968755.0,53.0,56446.0,1838632.0,166592895.0,164754263.0
269,119352203.0,6825.0,264232172.0,25589924.0,23976909.0,12467630.0,61.0,39816.0,1296938.0,326266635.0,324969697.0
270,119354603.0,5900.0,231978813.0,21216271.0,8253863.0,9861524.0,90.0,135617.0,4417492.0,271310471.0,266892979.0
271,119355503.0,7598.0,284329293.0,16329616.0,12424119.0,8853276.0,53.0,261840.0,8528990.0,321936304.0,313407314.0
272,119356503.0,9603.0,450588001.0,63219492.0,21813472.0,17431237.0,179.0,403605.0,13146743.0,553052202.0,539905459.0
273,119356603.0,4248.0,163881871.0,10452313.0,7028075.0,6633321.0,16.0,16251.0,529349.0,187995580.0,187466231.0
274,119357003.0,5553.0,229751386.0,33243337.0,16311140.0,8937147.0,38.0,83996.0,2736026.0,288243010.0,285506984.0
275,119357402.0,30502.0,932185732.0,61053954.0,32533129.0,29768022.0,234.0,276471.0,9005570.0,1055540837.0,1046535267.0
276,119358403.0,9287.0,360392376.0,27285850.0,10773998.0,14445458.0,87.0,101948.0,3320782.0,412897682.0,409576900.0
277,113361303.0,10929.0,502001016.0,102305217.0,29677405.0,14613388.0,136.0,282649.0,9206808.0,648597026.0,639390218.0
278,113361503.0,5040.0,157948380.0,7156255.0,3063036.0,3493290.0,15.0,8352.0,272052.0,171660961.0,171388909.0
279,113361703.0,16569.0,653936763.0,177864286.0,69865215.0,33291374.0,290.0,450253.0,14666221.0,934957638.0,920291417.0
280,113362203.0,11326.0,512646250.0,45867527.0,19077685.0,14290546.0,84.0,56367.0,1836059.0,591882008.0,590045949.0
281,113362303.0,15968.0,530780417.0,210885527.0,69274409.0,42535928.0,351.0,382351.0,12454430.0,853476281.0,841021851.0
282,113362403.0,14169.0,685525663.0,87960943.0,50348912.0,28323317.0,128.0,262167.0,8539642.0,852158835.0,843619193.0
283,113362603.0,17363.0,676993161.0,132235231.0,41733353.0,28565722.0,178.0,240151.0,7822508.0,879527467.0,871704959.0
284,113363103.0,23963.0,1258294447.0,250109885.0,107589966.0,69956765.0,334.0,823304.0,26817720.0,1685951063.0,1659133343.0
285,113363603.0,11890.0,493718719.0,92844557.0,77339057.0,62575912.0,258.0,442652.0,14418632.0,726478245.0,712059613.0
286,113364002.0,35804.0,1158493667.0,189257997.0,72424180.0,58809196.0,317.0,2445337.0,79652671.0,1478985040.0,1399332369.0
287,113364403.0,12512.0,542280950.0,159008021.0,66200502.0,26061830.0,129.0,637398.0,20762150.0,793551303.0,772789153.0
288,113364503.0,19848.0,1135321581.0,218440141.0,138637133.0,93243694.0,416.0,771355.0,25125570.0,1585642549.0,1560516979.0
289,113365203.0,19299.0,854234313.0,123160463.0,56560541.0,34938024.0,218.0,352963.0,11497166.0,1068893341.0,1057396175.0
290,113365303.0,9469.0,270248736.0,165551099.0,32279492.0,13525435.0,330.0,440777.0,14357557.0,481604762.0,467247205.0
291,113367003.0,13764.0,488641294.0,119214622.0,51462775.0,21683122.0,434.0,676601.0,22039121.0,681001813.0,658962692.0
292,113369003.0,15838.0,744547845.0,135257952.0,77933399.0,39252541.0,194.0,237386.0,7732443.0,996991737.0,989259294.0
293,104372003.0,6922.0,252833590.0,21520955.0,11501475.0,6009120.0,25.0,28963.0,943420.0,291865140.0,290921720.0
294,104374003.0,3744.0,150246433.0,13110925.0,6674045.0,4270233.0,26.0,13982.0,455440.0,174301636.0,173846196.0
295,104375003.0,4839.0,190866190.0,15749417.0,11629263.0,4810118.0,41.0,34390.0,1120195.0,223054988.0,221934793.0
296,104375203.0,4673.0,233467881.0,33982182.0,27496033.0,18081929.0,52.0,79200.0,2579805.0,313028025.0,310448220.0
297,104375302.0,9667.0,263128461.0,12995717.0,4848270.0,5786161.0,34.0,14689.0,478469.0,286758609.0,286280140.0
298,104376203.0,3699.0,152241748.0,11697043.0,3962851.0,3867997.0,24.0,14214.0,462997.0,171769639.0,171306642.0
299,104377003.0,2482.0,81766932.0,5777893.0,1373613.0,2312990.0,3.0,3777.0,123029.0,91231428.0,91108399.0
300,104378003.0,4889.0,183944085.0,29810477.0,18632609.0,10245780.0,48.0,32022.0,1043062.0,242632951.0,241589889.0
301,113380303.0,5550.0,230876792.0,34935928.0,20907934.0,11797250.0,43.0,37964.0,1236612.0,298517904.0,297281292.0
302,113381303.0,16183.0,731932671.0,87315726.0,48339065.0,48231001.0,150.0,173037.0,5636384.0,915818463.0,910182079.0
303,113382303.0,10196.0,368189427.0,93561894.0,26523377.0,19484292.0,91.0,163657.0,5330847.0,507758990.0,502428143.0
304,113384603.0,13162.0,356968470.0,15648330.0,8341194.0,9567419.0,67.0,63274.0,2061042.0,390525413.0,388464371.0
305,113385003.0,8863.0,347634805.0,45804611.0,23886750.0,9457011.0,51.0,216961.0,7067134.0,426783177.0,419716043.0
306,113385303.0,12232.0,606300766.0,37642419.0,19543096.0,22863922.0,87.0,67692.0,2204951.0,686350203.0,684145252.0
307,121390302.0,50979.0,1456495650.0,75173423.0,31465572.0,40404615.0,547.0,662041.0,21564853.0,1603539260.0,1581974407.0
308,121391303.0,5477.0,206609162.0,7153277.0,3660528.0,4216344.0,40.0,40921.0,1332932.0,221639311.0,220306379.0
309,121392303.0,27873.0,1640893477.0,154098591.0,83616447.0,89507875.0,495.0,808061.0,26321205.0,1968116390.0,1941795185.0
310,121394503.0,6233.0,251566503.0,14239192.0,6022969.0,6960381.0,37.0,29883.0,973388.0,278789045.0,277815657.0
311,121394603.0,7303.0,441001230.0,62202351.0,21753641.0,21039355.0,116.0,218356.0,7112573.0,545996577.0,538884004.0
312,121395103.0,30347.0,1932609131.0,228921118.0,163415486.0,117897079.0,615.0,1150825.0,37486156.0,2442842814.0,2405356658.0
313,121395603.0,7294.0,383724910.0,43650847.0,26267633.0,33786909.0,112.0,245846.0,8008013.0,487430299.0,479422286.0
314,121395703.0,10897.0,853211324.0,144403391.0,78883762.0,47300410.0,271.0,898727.0,29274495.0,1123798887.0,1094524392.0
315,121397803.0,15914.0,614391816.0,35648569.0,17699112.0,21066539.0,155.0,180188.0,5869316.0,688806036.0,682936720.0
316,118401403.0,9891.0,545260329.0,60894869.0,21697976.0,18783002.0,135.0,239615.0,7805049.0,646636176.0,638831127.0
317,118401603.0,9755.0,526357539.0,110106212.0,67722168.0,36077014.0,152.0,284727.0,9274495.0,740262933.0,730988438.0
318,118402603.0,7705.0,253758636.0,8706929.0,5014924.0,6338060.0,38.0,21857.0,711954.0,273818549.0,273106595.0
319,118403003.0,7860.0,267730734.0,12728844.0,7023748.0,7373194.0,43.0,35205.0,1146743.0,294856520.0,293709777.0
320,118403302.0,35658.0,1190214036.0,88990216.0,49418380.0,42934880.0,285.0,330512.0,10765863.0,1371557512.0,1360791649.0
321,118403903.0,6704.0,311514746.0,46303444.0,21877027.0,18916440.0,78.0,120847.0,3936384.0,398611657.0,394675273.0
322,118406003.0,4051.0,163379877.0,8096305.0,9405118.0,3718915.0,32.0,52820.0,1720521.0,184600215.0,182879694.0
323,118406602.0,13417.0,514054180.0,43451046.0,18757268.0,20281344.0,88.0,127206.0,4143518.0,596543838.0,592400320.0
324,118408852.0,25309.0,832879371.0,58691222.0,31728877.0,28712932.0,199.0,222022.0,7231987.0,952012402.0,944780415.0
325,118409203.0,9457.0,361608120.0,32715465.0,19019433.0,12490598.0,56.0,113264.0,3689381.0,425833616.0,422144235.0
326,118409302.0,19815.0,693704231.0,52133543.0,33559349.0,27802822.0,153.0,183674.0,5982866.0,807199945.0,801217079.0
327,117412003.0,5058.0,198578650.0,18289041.0,10568395.0,5830703.0,35.0,34746.0,1131792.0,233266789.0,232134997.0
328,117414003.0,8094.0,307052654.0,20654233.0,15345285.0,9216948.0,48.0,49469.0,1611368.0,352269120.0,350657752.0
329,117414203.0,5363.0,237554745.0,38616339.0,30420923.0,23137452.0,70.0,90874.0,2960065.0,329729459.0,326769394.0
330,117415004.0,2813.0,111415646.0,7459254.0,4281687.0,2099398.0,23.0,35828.0,1167036.0,125255985.0,124088949.0
331,117415103.0,6634.0,271321397.0,31012022.0,26343505.0,13925254.0,75.0,72796.0,2371205.0,342602178.0,340230973.0
332,117415303.0,3597.0,136947888.0,11349319.0,8372645.0,4844603.0,31.0,31163.0,1015081.0,161514455.0,160499374.0
333,117416103.0,4539.0,167894975.0,8577715.0,5506495.0,3790978.0,25.0,12026.0,391726.0,185770163.0,185378437.0
334,117417202.0,17502.0,587427620.0,40868659.0,40691955.0,20858930.0,125.0,84414.0,2749642.0,689847164.0,687097522.0
335,109420803.0,8484.0,292730595.0,31156113.0,37164787.0,28979353.0,741.0,792146.0,25802801.0,390030848.0,364228047.0
336,109422303.0,3417.0,115606634.0,9362294.0,12371702.0,4878967.0,55.0,46938.0,1528925.0,142219597.0,140690672.0
337,109426003.0,1947.0,64555038.0,5586930.0,1971923.0,1948063.0,430.0,558016.0,18176417.0,74061954.0,55885537.0
338,109426303.0,2528.0,82761481.0,9515724.0,15019833.0,2892000.0,159.0,159395.0,5192020.0,110189038.0,104997018.0
339,109427503.0,2623.0,87493547.0,7527839.0,7019635.0,4143733.0,147.0,161377.0,5256580.0,106184754.0,100928174.0
340,104431304.0,2016.0,59439588.0,8033258.0,3558111.0,2248810.0,19.0,18539.0,603876.0,73279767.0,72675891.0
341,104432503.0,2100.0,52896025.0,1731929.0,594312.0,1191930.0,8.0,3012.0,98111.0,56414196.0,56316085.0
342,104432803.0,4590.0,144697998.0,13022110.0,7070838.0,7587218.0,32.0,19990.0,651140.0,172378164.0,171727024.0
343,104432903.0,7358.0,288471419.0,38647713.0,19515378.0,14206516.0,58.0,44831.0,1460293.0,360841026.0,359380733.0
344,104433303.0,8172.0,330163365.0,40808856.0,28563361.0,20966569.0,90.0,132158.0,4304821.0,420502151.0,416197330.0
345,104433604.0,2006.0,59008909.0,7313557.0,2855587.0,2085435.0,23.0,14656.0,477394.0,71263488.0,70786094.0
346,104433903.0,4025.0,131759897.0,21463172.0,8136378.0,6081968.0,37.0,32571.0,1060945.0,167441415.0,166380470.0
347,104435003.0,4374.0,159116943.0,14591377.0,11422325.0,10053378.0,30.0,24572.0,800391.0,195184023.0,194383632.0
348,104435303.0,4073.0,132817714.0,9421360.0,6265301.0,6115924.0,28.0,37248.0,1213290.0,154620299.0,153407009.0
349,104435603.0,5525.0,152348507.0,13052063.0,4734739.0,5792459.0,38.0,39568.0,1288860.0,175927768.0,174638908.0
350,104435703.0,3789.0,138605876.0,11778729.0,15077406.0,5327264.0,39.0,42933.0,1398469.0,170789275.0,169390806.0
351,104437503.0,3270.0,122189292.0,11232387.0,8090997.0,3710066.0,23.0,35504.0,1156482.0,145222742.0,144066260.0
352,111444602.0,19160.0,626295415.0,80058985.0,27790897.0,17827637.0,78.0,57995.0,1889088.0,751972934.0,750083846.0
353,120452003.0,18751.0,765277848.0,52332699.0,37705015.0,18603174.0,2088.0,4971902.0,161951205.0,873918736.0,711967531.0
354,120455203.0,14356.0,601429238.0,43781842.0,24761185.0,12360470.0,753.0,1717343.0,55939511.0,682332735.0,626393224.0
355,120455403.0,26973.0,1028260282.0,81084406.0,36864813.0,32922847.0,2204.0,4834212.0,157466189.0,1179132348.0,1021666159.0
356,120456003.0,15465.0,652881236.0,70000332.0,37035466.0,27343265.0,1225.0,2791764.0,90936938.0,787260299.0,696323361.0
357,123460302.0,28607.0,1746764332.0,247849658.0,192625669.0,164172435.0,672.0,1799507.0,58615863.0,2351412094.0,2292796231.0
358,123460504.0,594.0,30990620.0,29654765.0,544942718.0,6466823.0,46.0,9930792.0,323478567.0,612054926.0,288576359.0
359,123461302.0,16021.0,962801149.0,121441371.0,73778277.0,68097950.0,485.0,880943.0,28695212.0,1226118747.0,1197423535.0
360,123461602.0,22085.0,1711471770.0,273040263.0,226662473.0,114230897.0,718.0,2232302.0,72713420.0,2325405403.0,2252691983.0
361,123463603.0,17307.0,1201941931.0,149131762.0,65437679.0,48145168.0,355.0,812051.0,26451173.0,1464656540.0,1438205367.0
362,123463803.0,2721.0,161005396.0,38555789.0,15645696.0,11909279.0,82.0,334840.0,10906840.0,227116160.0,216209320.0
363,123464502.0,31672.0,4222540156.0,1304052212.0,1323132560.0,706025521.0,2634.0,15884209.0,517400945.0,7555750449.0,7038349504.0
364,123464603.0,6630.0,502936667.0,192424291.0,117357087.0,56118497.0,267.0,1240575.0,40409609.0,868836542.0,828426933.0
365,123465303.0,16406.0,1293910934.0,163269759.0,123989592.0,87734901.0,484.0,1179659.0,38425375.0,1668905186.0,1630479811.0
366,123465602.0,33138.0,1564488095.0,113703064.0,72795322.0,57228326.0,449.0,733383.0,23888697.0,1808214807.0,1784326110.0
367,123465702.0,50061.0,3213247427.0,260538465.0,179679032.0,139466503.0,926.0,1630011.0,53094821.0,3792931427.0,3739836606.0
368,123466103.0,16302.0,1263624257.0,103285723.0,51186538.0,40374059.0,298.0,529412.0,17244691.0,1458470577.0,1441225886.0
369,123466303.0,10159.0,539401889.0,29117062.0,14499243.0,14485122.0,121.0,138621.0,4515342.0,597503316.0,592987974.0
370,123466403.0,10255.0,373122379.0,14513728.0,5957363.0,6645379.0,49.0,99973.0,3256450.0,400238849.0,396982399.0
371,123467103.0,23030.0,1425376106.0,169313226.0,86744950.0,73024555.0,374.0,692334.0,22551596.0,1754458837.0,1731907241.0
372,123467203.0,8870.0,698260652.0,104747228.0,72324213.0,49054687.0,284.0,813913.0,26511824.0,924386780.0,897874956.0
373,123467303.0,22876.0,1790665774.0,144425468.0,84565211.0,53268019.0,448.0,1086533.0,35391954.0,2072924472.0,2037532518.0
374,123468303.0,12132.0,1107522743.0,212335760.0,188147641.0,93748645.0,512.0,1784151.0,58115668.0,1601754789.0,1543639121.0
375,123468402.0,16722.0,1154611906.0,131855238.0,164769539.0,81835770.0,457.0,1318175.0,42937296.0,1533072453.0,1490135157.0
376,123468503.0,12449.0,638245304.0,55638628.0,59351169.0,32171614.0,168.0,629844.0,20516091.0,785406715.0,764890624.0
377,123468603.0,11202.0,570756179.0,52939437.0,26779618.0,19157552.0,95.0,168850.0,5500000.0,669632786.0,664132786.0
378,123469303.0,18747.0,1750825138.0,445808908.0,351927933.0,214561426.0,833.0,3674983.0,119706287.0,2763123405.0,2643417118.0
379,116471803.0,9190.0,499601046.0,54250764.0,35139644.0,18926472.0,87.0,326036.0,10620065.0,607917926.0,597297861.0
380,120480803.0,10546.0,473995508.0,59128744.0,17605933.0,26411282.0,323.0,807565.0,26305049.0,577141467.0,550836418.0
381,120481002.0,54814.0,2433218425.0,227814425.0,145918891.0,121884010.0,1027.0,1762631.0,57414691.0,2928835751.0,2871421060.0
382,120483302.0,29112.0,1412844618.0,94876752.0,109395673.0,56898903.0,881.0,1843401.0,60045635.0,1674015946.0,1613970311.0
383,120484803.0,14093.0,839611420.0,97932642.0,41712490.0,38844272.0,346.0,899228.0,29290814.0,1018100824.0,988810010.0
384,120484903.0,22030.0,1016560182.0,79472631.0,43100324.0,33781847.0,240.0,442003.0,14397492.0,1172914984.0,1158517492.0
385,120485603.0,6099.0,254458332.0,18259863.0,8933159.0,8145120.0,73.0,127821.0,4163550.0,289796474.0,285632924.0
386,120486003.0,8447.0,541060687.0,71915346.0,44155596.0,42479555.0,228.0,498255.0,16229805.0,699611184.0,683381379.0
387,120488603.0,7630.0,344970643.0,31620376.0,24101830.0,12557528.0,168.0,442578.0,14416221.0,413250377.0,398834156.0
388,116493503.0,4143.0,146581581.0,16020634.0,69460036.0,5722102.0,32.0,23342.0,760326.0,237784353.0,237024027.0
389,116495003.0,7812.0,269405046.0,18954961.0,11702478.0,7985202.0,41.0,24973.0,813453.0,308047687.0,307234234.0
390,116495103.0,5304.0,165904436.0,6564331.0,3677354.0,3807953.0,26.0,17748.0,578111.0,179954074.0,179375963.0
391,116496503.0,7781.0,247489635.0,13772701.0,9410711.0,4792044.0,30.0,29495.0,960749.0,275465091.0,274504342.0
392,116496603.0,10828.0,367688725.0,26809481.0,15351422.0,19711693.0,45.0,40077.0,1305440.0,429561321.0,428255881.0
393,116498003.0,6088.0,223653755.0,20349763.0,18641649.0,6706627.0,35.0,42068.0,1370293.0,269351794.0,267981501.0
394,115503004.0,2559.0,101862662.0,12046132.0,8868417.0,3631171.0,15.0,13595.0,442834.0,126408382.0,125965548.0
395,115504003.0,3617.0,132820910.0,9711904.0,15939868.0,3302517.0,15.0,6085.0,198208.0,161775199.0,161576991.0
396,115506003.0,7050.0,295995126.0,14950293.0,7171134.0,6121524.0,30.0,15240.0,496417.0,324238077.0,323741660.0
397,115508003.0,8750.0,329738918.0,41197221.0,15726228.0,10775227.0,45.0,72677.0,2367329.0,397437594.0,395070265.0
398,126515001.0,574942.0,23179527141.0,1838993965.0,1161668113.0,713121451.0,10419.0,20928550.0,681711726.0,26893310670.0,26211598944.0
399,120522003.0,12776.0,555119950.0,53482950.0,24438710.0,21253482.0,2855.0,5745726.0,187157199.0,654295092.0,467137893.0
400,119648303.0,11090.0,364364749.0,48188105.0,29411624.0,32489843.0,862.0,1896027.0,61759837.0,474454321.0,412694484.0
401,109530304.0,610.0,18544696.0,1370650.0,3184163.0,703501.0,6.0,5737.0,186873.0,23803010.0,23616137.0
402,109531304.0,2557.0,90495886.0,13098400.0,37503690.0,4012673.0,99.0,150674.0,4907948.0,145110649.0,140202701.0
403,109532804.0,1244.0,33284609.0,5078317.0,7717621.0,1696187.0,40.0,40830.0,1329967.0,47776734.0,46446767.0
404,109535504.0,1640.0,47627718.0,5610593.0,24038875.0,1456003.0,216.0,212957.0,6936710.0,78733189.0,71796479.0
405,109537504.0,1323.0,43794310.0,9641199.0,3297386.0,1491599.0,365.0,438102.0,14270423.0,58224494.0,43954071.0
406,129540803.0,9651.0,445688483.0,61224252.0,37758635.0,19701192.0,91.0,101287.0,3299251.0,564372562.0,561073311.0
407,129544503.0,3264.0,107513071.0,4099492.0,1340909.0,3270539.0,12.0,10603.0,345375.0,116224011.0,115878636.0
408,129544703.0,3975.0,138845713.0,6132275.0,4159418.0,2845263.0,13.0,8488.0,276482.0,151982669.0,151706187.0
409,129545003.0,6962.0,256770358.0,10300236.0,6153652.0,7426688.0,49.0,42633.0,1388697.0,280650934.0,279262237.0
410,129546003.0,5481.0,205797583.0,17903281.0,7535237.0,5359647.0,20.0,12464.0,405993.0,236595748.0,236189755.0
411,129546103.0,9107.0,319068743.0,60000705.0,35924852.0,16457508.0,43.0,520083.0,16940814.0,431451808.0,414510994.0
412,129546803.0,3052.0,100608913.0,4003156.0,1522094.0,1948854.0,10.0,8271.0,269414.0,108083017.0,107813603.0
413,129547303.0,4127.0,165310742.0,10842035.0,6149096.0,5224098.0,21.0,8780.0,285993.0,187525971.0,187239978.0
414,129547203.0,2956.0,86541790.0,6085011.0,1057238.0,2711442.0,9.0,11202.0,364886.0,96395481.0,96030595.0
415,129547603.0,7398.0,270383200.0,30456224.0,8875070.0,10902474.0,44.0,45188.0,1471922.0,320616968.0,319145046.0
416,129547803.0,3183.0,120958332.0,12738056.0,5022864.0,4125512.0,19.0,10759.0,350456.0,142844764.0,142494308.0
417,129548803.0,3486.0,123700318.0,4438417.0,1802662.0,2009989.0,7.0,4499.0,146547.0,131951386.0,131804839.0
418,116555003.0,7898.0,245885115.0,43885963.0,10665484.0,8110310.0,48.0,96096.0,3130163.0,308546872.0,305416709.0
419,116557103.0,9980.0,357593084.0,62760146.0,24680500.0,16910683.0,56.0,66790.0,2175570.0,461944413.0,459768843.0
420,108561003.0,2741.0,95768839.0,8174009.0,5954327.0,3306107.0,15.0,12699.0,413648.0,113203282.0,112789634.0
421,108561803.0,3711.0,132988053.0,10189495.0,5339962.0,6341581.0,22.0,29661.0,966156.0,154859091.0,153892935.0
422,108565203.0,2964.0,100060076.0,7283456.0,3477357.0,2730768.0,24.0,25880.0,842997.0,113551657.0,112708660.0
423,108565503.0,4029.0,128577313.0,13417156.0,4958173.0,4834917.0,15.0,10210.0,332573.0,151787559.0,151454986.0
424,108566303.0,2609.0,93239451.0,11706675.0,7401753.0,4930798.0,26.0,79039.0,2574560.0,117278677.0,114704117.0
425,108567004.0,1215.0,36264939.0,7263855.0,1557151.0,1382461.0,20.0,52699.0,1716580.0,46468406.0,44751826.0
426,108567204.0,1672.0,53287137.0,2326815.0,1295302.0,949811.0,6.0,2231.0,72671.0,57859065.0,57786394.0
427,108567404.0,1225.0,46217199.0,5983024.0,3060873.0,3361903.0,13.0,13725.0,447068.0,58622999.0,58175931.0
428,108567703.0,8369.0,296371683.0,44697865.0,27961866.0,23726520.0,57.0,51500.0,1677524.0,392757934.0,391080410.0
429,108568404.0,1183.0,33390477.0,2629113.0,1986407.0,2597282.0,7.0,10979.0,357622.0,40603279.0,40245657.0
430,108569103.0,4309.0,143114187.0,8569903.0,4400253.0,4120466.0,29.0,33233.0,1082508.0,160204809.0,159122301.0
431,117576303.0,2816.0,83148038.0,10603184.0,20107319.0,6447187.0,40.0,47497.0,1547134.0,120305728.0,118758594.0
432,119581003.0,3319.0,100954029.0,11234217.0,28760123.0,4496860.0,808.0,1036767.0,33770912.0,145445229.0,111674317.0
433,119582503.0,3545.0,106971566.0,10941982.0,59030505.0,5524323.0,139.0,160780.0,5237134.0,182468376.0,177231242.0
434,119583003.0,2625.0,89175084.0,7712138.0,5873283.0,5084988.0,49.0,71289.0,2322117.0,107845493.0,105523376.0
435,119584503.0,5405.0,174421839.0,31242662.0,45724722.0,10399528.0,1219.0,1902723.0,61977948.0,261788751.0,199810803.0
436,119584603.0,4089.0,130221754.0,28476259.0,71806854.0,6899643.0,153.0,206544.0,6727818.0,237404510.0,230676692.0
437,119586503.0,2657.0,86737257.0,7966745.0,9717588.0,2951363.0,441.0,522926.0,17033420.0,107372953.0,90339533.0
438,117596003.0,6290.0,207970208.0,18850781.0,37671357.0,7824277.0,1330.0,1957366.0,63757850.0,272316623.0,208558773.0
439,117597003.0,6297.0,208803462.0,24505047.0,41039180.0,9159683.0,303.0,374110.0,12185993.0,283507372.0,271321379.0
440,117598503.0,5469.0,196762544.0,19471986.0,30675062.0,9036757.0,233.0,309382.0,10077590.0,255946349.0,245868759.0
441,116604003.0,6823.0,361723250.0,58588378.0,29094018.0,26110374.0,110.0,150610.0,4905863.0,475516020.0,470610157.0
442,116605003.0,7414.0,239343627.0,56323218.0,19345151.0,10220323.0,57.0,54799.0,1784984.0,325232319.0,323447335.0
443,106611303.0,4285.0,146822057.0,12371356.0,6341196.0,5972574.0,28.0,14717.0,479381.0,171507183.0,171027802.0
444,106612203.0,7134.0,233823251.0,23447829.0,9142947.0,9042230.0,37.0,30631.0,997752.0,275456257.0,274458505.0
445,106616203.0,6237.0,191140678.0,19704392.0,11041311.0,11736262.0,23.0,12229.0,398339.0,233622643.0,233224304.0
446,106617203.0,5544.0,165880251.0,22213205.0,8213317.0,6188975.0,31.0,18843.0,613779.0,202495748.0,201881969.0
447,106618603.0,2921.0,95161557.0,8431603.0,5309784.0,3340954.0,11.0,10787.0,351368.0,112243898.0,111892530.0
448,105628302.0,17089.0,584425902.0,53818477.0,51587834.0,32778862.0,1353.0,1658730.0,54030293.0,722611075.0,668580782.0
449,101630504.0,1986.0,82099219.0,6384812.0,40949881.0,3787040.0,21.0,124934.0,4069511.0,133220952.0,129151441.0
450,101630903.0,3849.0,147180055.0,9813209.0,32198464.0,4313754.0,16.0,17558.0,571922.0,193505482.0,192933560.0
451,101631003.0,3763.0,150826112.0,8908000.0,20595890.0,3461209.0,23.0,82440.0,2685342.0,183791211.0,181105869.0
452,101631203.0,4559.0,180698035.0,12658665.0,18572773.0,4926312.0,36.0,50087.0,1631498.0,216855785.0,215224287.0
453,101631503.0,3265.0,122546461.0,10380860.0,10884615.0,4941262.0,10.0,6174.0,201107.0,148753198.0,148552091.0
454,101631703.0,17731.0,1073220452.0,128415177.0,103134548.0,39757065.0,223.0,391136.0,12740586.0,1344527242.0,1331786656.0
455,101631803.0,5589.0,193875808.0,9385774.0,10433329.0,6094120.0,17.0,13968.0,454984.0,219789031.0,219334047.0
456,101631903.0,4559.0,202325379.0,14661105.0,19609768.0,7235021.0,28.0,40450.0,1317590.0,243831273.0,242513683.0
457,101632403.0,4040.0,170889125.0,17901391.0,18808923.0,7079610.0,39.0,36448.0,1187231.0,214679049.0,213491818.0
458,101633903.0,5820.0,251609806.0,26703425.0,62628980.0,6536196.0,57.0,62626.0,2039935.0,347478407.0,345438472.0
459,101636503.0,10546.0,974259335.0,230594681.0,176268675.0,72226808.0,340.0,1028565.0,33503746.0,1453349499.0,1419845753.0
460,101637002.0,12425.0,485994202.0,32188962.0,32068170.0,15709088.0,56.0,42866.0,1396287.0,565960422.0,564564135.0
461,101638003.0,13392.0,607405501.0,68545215.0,97522922.0,31051471.0,129.0,165188.0,5380717.0,804525109.0,799144392.0
462,101638803.0,6356.0,208205684.0,13697226.0,23889987.0,5621914.0,36.0,244581.0,7966808.0,251414811.0,243448003.0
463,119648703.0,9609.0,309344457.0,44596244.0,27592044.0,23582166.0,856.0,1241559.0,40441661.0,405114911.0,364673250.0
464,119648903.0,7107.0,236876559.0,26741593.0,13052334.0,10798931.0,219.0,465475.0,15162052.0,287469417.0,272307365.0
465,107650603.0,9090.0,376253803.0,30960730.0,27764512.0,12027636.0,29.0,29177.0,950391.0,447006681.0,446056290.0
466,107650703.0,7020.0,294622382.0,19713783.0,14381343.0,23812811.0,46.0,19527.0,636059.0,352530319.0,351894260.0
467,107651603.0,8040.0,277688581.0,26866658.0,12759349.0,10133066.0,30.0,95352.0,3105928.0,327447654.0,324341726.0
468,107652603.0,11765.0,775196369.0,158234472.0,76908529.0,64826653.0,173.0,624690.0,20348208.0,1075166023.0,1054817815.0
469,107653102.0,14591.0,672231830.0,88859119.0,65086939.0,40639905.0,92.0,118356.0,3855244.0,866817793.0,862962549.0
470,107653203.0,12698.0,452425545.0,42851252.0,22171620.0,20312900.0,62.0,35622.0,1160326.0,537761317.0,536600991.0
471,107653802.0,23352.0,1059944875.0,135791184.0,67953714.0,52634142.0,150.0,545978.0,17784300.0,1316323915.0,1298539615.0
472,107654103.0,4244.0,133377381.0,5565381.0,2113467.0,2579915.0,11.0,12777.0,416189.0,143636144.0,143219955.0
473,107654403.0,12997.0,540337625.0,59608736.0,24270963.0,20547120.0,69.0,193986.0,6318762.0,644764444.0,638445682.0
474,107654903.0,7356.0,285389691.0,46064757.0,57726492.0,39529002.0,80.0,278166.0,9060782.0,428709942.0,419649160.0
475,107655803.0,3252.0,99546990.0,3981975.0,2662310.0,3284626.0,9.0,2511.0,81792.0,109475901.0,109394109.0
476,107655903.0,8701.0,326914697.0,29370333.0,13088560.0,10072132.0,39.0,74342.0,2421564.0,379445722.0,377024158.0
477,107656303.0,7945.0,252758486.0,11752661.0,9153416.0,8637770.0,29.0,94704.0,3084821.0,282302333.0,279217512.0
478,107656502.0,18607.0,942244225.0,83053809.0,42272113.0,30205218.0,109.0,213955.0,6969218.0,1097775365.0,1090806147.0
479,107657103.0,13049.0,706547300.0,67563166.0,31350294.0,25304369.0,95.0,107209.0,3492150.0,830765129.0,827272979.0
480,107657503.0,6733.0,246830135.0,17692755.0,6368821.0,6247797.0,21.0,25792.0,840130.0,277139508.0,276299378.0
481,107658903.0,7718.0,294042213.0,24392296.0,19648622.0,7583258.0,29.0,36933.0,1203029.0,345666389.0,344463360.0
482,119665003.0,4071.0,159345453.0,20118488.0,14691387.0,10872295.0,48.0,66006.0,2150033.0,205027623.0,202877590.0
483,118667503.0,8909.0,328650342.0,37627751.0,43490121.0,17663200.0,131.0,148828.0,4847818.0,427431414.0,422583596.0
484,112671303.0,17485.0,934716275.0,97352904.0,64027993.0,39157684.0,181.0,266138.0,8668990.0,1135254856.0,1126585866.0
485,112671603.0,19758.0,1025461107.0,109282448.0,106680860.0,58800266.0,246.0,433634.0,14124886.0,1300224681.0,1286099795.0
486,112671803.0,12722.0,531660746.0,37304981.0,37571585.0,12613080.0,62.0,70869.0,2308436.0,619150392.0,616841956.0
487,112672203.0,9694.0,415567556.0,33975883.0,32298110.0,14346026.0,79.0,89488.0,2914919.0,496187575.0,493272656.0
488,112672803.0,8099.0,270342582.0,18332480.0,18416064.0,12676978.0,56.0,48012.0,1563909.0,319768104.0,318204195.0
489,112674403.0,11735.0,540138232.0,23591088.0,22399950.0,10070120.0,74.0,67687.0,2204788.0,596199390.0,593994602.0
490,115674603.0,10596.0,544758347.0,61161364.0,32378262.0,19533042.0,98.0,127940.0,4167427.0,657831015.0,653663588.0
491,112675503.0,18024.0,811831059.0,55915040.0,26596282.0,21267414.0,144.0,169573.0,5523550.0,915609795.0,910086245.0
492,112676203.0,9096.0,467313105.0,28837141.0,13777737.0,11443987.0,178.0,254963.0,8304984.0,521371970.0,513066986.0
493,112676403.0,13521.0,631957152.0,58866343.0,24086360.0,27858860.0,189.0,335620.0,10932248.0,742768715.0,731836467.0
494,112676503.0,10211.0,557570354.0,41607716.0,21959450.0,17996324.0,181.0,436321.0,14212410.0,639133844.0,624921434.0
495,112676703.0,13618.0,623724194.0,56951340.0,41240734.0,26801070.0,94.0,191993.0,6253844.0,748717338.0,742463494.0
496,115219002.0,31403.0,1564069582.0,157037364.0,113356901.0,83845388.0,282.0,515685.0,16797557.0,1918309235.0,1901511678.0
497,112678503.0,11441.0,477914012.0,31221798.0,15204678.0,15514673.0,65.0,61263.0,1995537.0,539855161.0,537859624.0
498,112679002.0,19841.0,499550435.0,23998452.0,11487957.0,9756717.0,75.0,76894.0,2504691.0,544793561.0,542288870.0
499,112679403.0,9764.0,526120521.0,75180236.0,106436052.0,54440261.0,146.0,368857.0,12014886.0,762177070.0,750162184.0
500,,,,,,,,,,,
501,,5799237.0,280155807272.0,32781059165.0,25191616187.0,14348529606.0,123686.0,320701558.0,10446304820.0,352477012230.0,342030707410.0
