,school number,graduate count,college bound,total college bound %,2- or 4-year college or university,2- or 4-year university %,total postsecondary bound,total postsecondary bound %,non-degree-granting postsecondary school,non-degree-granting postsecondary school %,specialized associate degree granting institution,specialized associate degree granting institution %
0,3.0,167,86,51.50%,85,50.90%,89,53.29%,3,1.80%,1,0.60%
1,,167,86,51.50%,85,50.90%,89,53.29%,3,1.80%,1,0.60%
2,17.0,278,164,58.99%,163,58.63%,167,60.07%,3,1.08%,1,0.36%
3,9999.0,1,0,0.00%,0,0.00%,0,0.00%,0,0.00%,0,0.00%
4,,279,164,58.78%,163,58.42%,167,59.86%,3,1.08%,1,0.36%
5,6269.0,89,56,62.92%,54,60.67%,57,64.04%,1,1.12%,2,2.25%
6,,89,56,62.92%,54,60.67%,57,64.04%,1,1.12%,2,2.25%
7,6271.0,232,161,69.40%,155,66.81%,166,71.55%,5,2.16%,6,2.59%
8,,232,161,69.40%,155,66.81%,166,71.55%,5,2.16%,6,2.59%
9,14.0,143,71,49.65%,71,49.65%,77,53.85%,6,4.20%,0,0.00%
10,,143,71,49.65%,71,49.65%,77,53.85%,6,4.20%,0,0.00%
11,21.0,134,61,45.52%,61,45.52%,66,49.25%,5,3.73%,0,0.00%
12,9999.0,6,0,0.00%,0,0.00%,0,0.00%,0,0.00%,0,0.00%
13,,140,61,43.57%,61,43.57%,66,47.14%,5,3.57%,0,0.00%
14,,"1,050",599,57.05%,589,56.10%,622,59.24%,23,2.19%,10,0.95%
15,7727.0,132,78,59.09%,73,55.30%,86,65.15%,8,6.06%,5,3.79%
16,,132,78,59.09%,73,55.30%,86,65.15%,8,6.06%,5,3.79%
17,7846.0,19,5,26.32%,5,26.32%,5,26.32%,0,0.00%,0,0.00%
18,,19,5,26.32%,5,26.32%,5,26.32%,0,0.00%,0,0.00%
19,7562.0,32,24,75.00%,22,68.75%,24,75.00%,0,0.00%,2,6.25%
20,9999.0,1,1,100.00%,1,100.00%,1,100.00%,0,0.00%,0,0.00%
21,,33,25,75.76%,23,69.70%,25,75.76%,0,0.00%,2,6.06%
22,8308.0,80,25,31.25%,25,31.25%,41,51.25%,16,20.00%,0,0.00%
23,,80,25,31.25%,25,31.25%,41,51.25%,16,20.00%,0,0.00%
24,409.0,331,228,68.88%,225,67.98%,244,73.72%,16,4.83%,3,0.91%
25,412.0,110,52,47.27%,43,39.09%,59,53.64%,7,6.36%,9,8.18%
26,416.0,63,36,57.14%,28,44.44%,38,60.32%,2,3.17%,8,12.70%
27,6047.0,10,0,0.00%,0,0.00%,0,0.00%,0,0.00%,0,0.00%
28,6664.0,4,0,0.00%,0,0.00%,0,0.00%,0,0.00%,0,0.00%
29,6811.0,17,0,0.00%,0,0.00%,1,5.88%,1,5.88%,0,0.00%
30,6915.0,253,136,53.75%,136,53.75%,156,61.66%,20,7.91%,0,0.00%
31,8105.0,100,86,86.00%,83,83.00%,93,93.00%,7,7.00%,3,3.00%
32,8106.0,121,104,85.95%,104,85.95%,108,89.26%,4,3.31%,0,0.00%
33,8107.0,100,80,80.00%,80,80.00%,80,80.00%,0,0.00%,0,0.00%
34,8110.0,62,8,12.90%,7,11.29%,9,14.52%,1,1.61%,1,1.61%
35,8203.0,111,49,44.14%,49,44.14%,50,45.05%,1,0.90%,0,0.00%
36,8300.0,35,34,97.14%,34,97.14%,34,97.14%,0,0.00%,0,0.00%
37,,"1,317",813,61.73%,789,59.91%,872,66.21%,59,4.48%,24,1.82%
38,7772.0,33,31,93.94%,31,93.94%,32,96.97%,1,3.03%,0,0.00%
39,9999.0,1,0,0.00%,0,0.00%,1,100.00%,1,100.00%,0,0.00%
40,,34,31,91.18%,31,91.18%,33,97.06%,2,5.88%,0,0.00%
41,7832.0,25,22,88.00%,22,88.00%,24,96.00%,2,8.00%,0,0.00%
42,9999.0,1,1,100.00%,1,100.00%,1,100.00%,0,0.00%,0,0.00%
43,,26,23,88.46%,23,88.46%,25,96.15%,2,7.69%,0,0.00%
44,29.0,69,50,72.46%,47,68.12%,50,72.46%,0,0.00%,3,4.35%
45,9999.0,1,0,0.00%,0,0.00%,0,0.00%,0,0.00%,0,0.00%
46,,70,50,71.43%,47,67.14%,50,71.43%,0,0.00%,3,4.29%
47,5199.0,116,91,78.45%,91,78.45%,92,79.31%,1,0.86%,0,0.00%
48,,116,91,78.45%,91,78.45%,92,79.31%,1,0.86%,0,0.00%
49,315.0,367,315,85.83%,315,85.83%,318,86.65%,3,0.82%,0,0.00%
50,9999.0,1,0,0.00%,0,0.00%,0,0.00%,0,0.00%,0,0.00%
51,,368,315,85.60%,315,85.60%,318,86.41%,3,0.82%,0,0.00%
52,50.0,324,245,75.62%,243,75.00%,247,76.23%,2,0.62%,2,0.62%
53,9999.0,23,8,34.78%,8,34.78%,8,34.78%,0,0.00%,0,0.00%
54,,347,253,72.91%,251,72.33%,255,73.49%,2,0.58%,2,0.58%
55,62.0,311,220,70.74%,220,70.74%,220,70.74%,0,0.00%,0,0.00%
56,9999.0,4,0,0.00%,0,0.00%,0,0.00%,0,0.00%,0,0.00%
57,,315,220,69.84%,220,69.84%,220,69.84%,0,0.00%,0,0.00%
58,70.0,79,51,64.56%,51,64.56%,59,74.68%,8,10.13%,0,0.00%
59,9999.0,1,0,0.00%,0,0.00%,0,0.00%,0,0.00%,0,0.00%
60,,80,51,63.75%,51,63.75%,59,73.75%,8,10.00%,0,0.00%
61,79.0,87,58,66.67%,58,66.67%,58,66.67%,0,0.00%,0,0.00%
62,,87,58,66.67%,58,66.67%,58,66.67%,0,0.00%,0,0.00%
63,6706.0,232,172,74.14%,171,73.71%,174,75.00%,2,0.86%,1,0.43%
64,9999.0,3,0,0.00%,0,0.00%,0,0.00%,0,0.00%,0,0.00%
65,,235,172,73.19%,171,72.77%,174,74.04%,2,0.85%,1,0.43%
66,8094.0,48,17,35.42%,17,35.42%,17,35.42%,0,0.00%,0,0.00%
67,,48,17,35.42%,17,35.42%,17,35.42%,0,0.00%,0,0.00%
68,8087.0,43,26,60.47%,26,60.47%,33,76.74%,7,16.28%,0,0.00%
69,9999.0,1,0,0.00%,0,0.00%,0,0.00%,0,0.00%,0,0.00%
70,,44,26,59.09%,26,59.09%,33,75.00%,7,15.91%,0,0.00%
71,513.0,157,97,61.78%,94,59.87%,99,63.06%,2,1.27%,3,1.91%
72,9999.0,2,0,0.00%,0,0.00%,0,0.00%,0,0.00%,0,0.00%
73,,159,97,61.01%,94,59.12%,99,62.26%,2,1.26%,3,1.89%
74,8340.0,101,53,52.48%,50,49.50%,54,53.47%,1,0.99%,3,2.97%
75,9999.0,5,0,0.00%,0,0.00%,0,0.00%,0,0.00%,0,0.00%
76,,106,53,50.00%,50,47.17%,54,50.94%,1,0.94%,3,2.83%
77,144.0,185,99,53.51%,92,49.73%,106,57.30%,7,3.78%,7,3.78%
78,9999.0,1,0,0.00%,0,0.00%,0,0.00%,0,0.00%,0,0.00%
79,,186,99,53.23%,92,49.46%,106,56.99%,7,3.76%,7,3.76%
80,7648.0,5,0,0.00%,0,0.00%,0,0.00%,0,0.00%,0,0.00%
81,,5,0,0.00%,0,0.00%,0,0.00%,0,0.00%,0,0.00%
82,156.0,336,276,82.14%,270,80.36%,276,82.14%,0,0.00%,6,1.79%
83,,336,276,82.14%,270,80.36%,276,82.14%,0,0.00%,6,1.79%
84,170.0,260,114,43.85%,114,43.85%,124,47.69%,10,3.85%,0,0.00%
85,9999.0,4,0,0.00%,0,0.00%,0,0.00%,0,0.00%,0,0.00%
86,,264,114,43.18%,114,43.18%,124,46.97%,10,3.79%,0,0.00%
87,5190.0,243,209,86.01%,209,86.01%,209,86.01%,0,0.00%,0,0.00%
88,9999.0,3,0,0.00%,0,0.00%,0,0.00%,0,0.00%,0,0.00%
89,,246,209,84.96%,209,84.96%,209,84.96%,0,0.00%,0,0.00%
90,5153.0,143,83,58.04%,82,57.34%,83,58.04%,0,0.00%,1,0.70%
91,9999.0,1,0,0.00%,0,0.00%,0,0.00%,0,0.00%,0,0.00%
92,,144,83,57.64%,82,56.94%,83,57.64%,0,0.00%,1,0.69%
93,5112.0,138,0,0.00%,0,0.00%,0,0.00%,0,0.00%,0,0.00%
94,9999.0,2,0,0.00%,0,0.00%,0,0.00%,0,0.00%,0,0.00%
95,,140,0,0.00%,0,0.00%,0,0.00%,0,0.00%,0,0.00%
96,6105.0,208,112,53.85%,109,52.40%,126,60.58%,14,6.73%,3,1.44%
97,,208,112,53.85%,109,52.40%,126,60.58%,14,6.73%,3,1.44%
98,5017.0,220,158,71.82%,158,71.82%,160,72.73%,2,0.91%,0,0.00%
99,9999.0,3,0,0.00%,0,0.00%,0,0.00%,0,0.00%,0,0.00%
100,,223,158,70.85%,158,70.85%,160,71.75%,2,0.90%,0,0.00%
101,4951.0,273,215,78.75%,209,76.56%,217,79.49%,2,0.73%,6,2.20%
102,9999.0,5,1,20.00%,1,20.00%,1,20.00%,0,0.00%,0,0.00%
103,,278,216,77.70%,210,75.54%,218,78.42%,2,0.72%,6,2.16%
104,254.0,435,400,91.95%,400,91.95%,401,92.18%,1,0.23%,0,0.00%
105,9999.0,5,0,0.00%,0,0.00%,0,0.00%,0,0.00%,0,0.00%
106,,440,400,90.91%,400,90.91%,401,91.14%,1,0.23%,0,0.00%
107,8305.0,679,582,85.71%,582,85.71%,588,86.60%,6,0.88%,0,0.00%
108,9999.0,9,1,11.11%,1,11.11%,1,11.11%,0,0.00%,0,0.00%
109,,688,583,84.74%,583,84.74%,589,85.61%,6,0.87%,0,0.00%
110,53.0,70,37,52.86%,37,52.86%,40,57.14%,3,4.29%,0,0.00%
111,9999.0,2,0,0.00%,0,0.00%,0,0.00%,0,0.00%,0,0.00%
112,,72,37,51.39%,37,51.39%,40,55.56%,3,4.17%,0,0.00%
113,7101.0,335,244,72.84%,241,71.94%,260,77.61%,16,4.78%,3,0.90%
114,,335,244,72.84%,241,71.94%,260,77.61%,16,4.78%,3,0.90%
115,309.0,209,93,44.50%,90,43.06%,99,47.37%,6,2.87%,3,1.44%
116,,209,93,44.50%,90,43.06%,99,47.37%,6,2.87%,3,1.44%
117,435.0,288,217,75.35%,207,71.88%,228,79.17%,11,3.82%,10,3.47%
118,,288,217,75.35%,207,71.88%,228,79.17%,11,3.82%,10,3.47%
119,448.0,169,135,79.88%,134,79.29%,137,81.07%,2,1.18%,1,0.59%
120,9999.0,4,0,0.00%,0,0.00%,1,25.00%,1,25.00%,0,0.00%
121,,173,135,78.03%,134,77.46%,138,79.77%,3,1.73%,1,0.58%
122,6928.0,54,45,83.33%,43,79.63%,45,83.33%,0,0.00%,2,3.70%
123,9999.0,2,0,0.00%,0,0.00%,0,0.00%,0,0.00%,0,0.00%
124,,56,45,80.36%,43,76.79%,45,80.36%,0,0.00%,2,3.57%
125,460.0,331,239,72.21%,239,72.21%,257,77.64%,18,5.44%,0,0.00%
126,9999.0,3,0,0.00%,0,0.00%,0,0.00%,0,0.00%,0,0.00%
127,,334,239,71.56%,239,71.56%,257,76.95%,18,5.39%,0,0.00%
128,8392.0,49,22,44.90%,22,44.90%,24,48.98%,2,4.08%,0,0.00%
129,,49,22,44.90%,22,44.90%,24,48.98%,2,4.08%,0,0.00%
130,8459.0,125,84,67.20%,82,65.60%,84,67.20%,0,0.00%,2,1.60%
131,9999.0,1,0,0.00%,0,0.00%,0,0.00%,0,0.00%,0,0.00%
132,,126,84,66.67%,82,65.08%,84,66.67%,0,0.00%,2,1.59%
133,470.0,262,228,87.02%,228,87.02%,241,91.98%,13,4.96%,0,0.00%
134,9999.0,3,0,0.00%,0,0.00%,1,33.33%,1,33.33%,0,0.00%
135,,265,228,86.04%,228,86.04%,242,91.32%,14,5.28%,0,0.00%
136,467.0,146,94,64.38%,93,63.70%,97,66.44%,3,2.05%,1,0.68%
137,9999.0,1,0,0.00%,0,0.00%,0,0.00%,0,0.00%,0,0.00%
138,,147,94,63.95%,93,63.27%,97,65.99%,3,2.04%,1,0.68%
139,196.0,86,47,54.65%,47,54.65%,47,54.65%,0,0.00%,0,0.00%
140,9999.0,3,0,0.00%,0,0.00%,3,100.00%,3,100.00%,0,0.00%
141,,89,47,52.81%,47,52.81%,50,56.18%,3,3.37%,0,0.00%
142,477.0,73,34,46.58%,34,46.58%,38,52.05%,4,5.48%,0,0.00%
143,,73,34,46.58%,34,46.58%,38,52.05%,4,5.48%,0,0.00%
144,492.0,324,294,90.74%,294,90.74%,301,92.90%,7,2.16%,0,0.00%
145,9999.0,6,0,0.00%,0,0.00%,0,0.00%,0,0.00%,0,0.00%
146,,330,294,89.09%,294,89.09%,301,91.21%,7,2.12%,0,0.00%
147,509.0,274,217,79.20%,214,78.10%,226,82.48%,9,3.28%,3,1.09%
148,,274,217,79.20%,214,78.10%,226,82.48%,9,3.28%,3,1.09%
149,523.0,231,156,67.53%,155,67.10%,157,67.97%,1,0.43%,1,0.43%
150,,231,156,67.53%,155,67.10%,157,67.97%,1,0.43%,1,0.43%
151,536.0,200,123,61.50%,121,60.50%,126,63.00%,3,1.50%,2,1.00%
152,9999.0,4,0,0.00%,0,0.00%,0,0.00%,0,0.00%,0,0.00%
153,,204,123,60.29%,121,59.31%,126,61.76%,3,1.47%,2,0.98%
154,0.0,1,0,0.00%,0,0.00%,0,0.00%,0,0.00%,0,0.00%
155,,1,0,0.00%,0,0.00%,0,0.00%,0,0.00%,0,0.00%
156,107.0,224,129,57.59%,127,56.70%,147,65.63%,18,8.04%,2,0.89%
157,,224,129,57.59%,127,56.70%,147,65.63%,18,8.04%,2,0.89%
158,7821.0,83,34,40.96%,34,40.96%,44,53.01%,10,12.05%,0,0.00%
159,,83,34,40.96%,34,40.96%,44,53.01%,10,12.05%,0,0.00%
160,8129.0,42,32,76.19%,25,59.52%,32,76.19%,0,0.00%,7,16.67%
161,9999.0,4,0,0.00%,0,0.00%,0,0.00%,0,0.00%,0,0.00%
162,,46,32,69.57%,25,54.35%,32,69.57%,0,0.00%,7,15.22%
163,,"10,383","7,157",68.93%,"7,054",67.94%,"7,443",71.68%,286,2.75%,103,0.99%
164,2320.0,65,40,61.54%,39,60.00%,44,67.69%,4,6.15%,1,1.54%
165,9999.0,6,0,0.00%,0,0.00%,0,0.00%,0,0.00%,0,0.00%
166,,71,40,56.34%,39,54.93%,44,61.97%,4,5.63%,1,1.41%
167,7640.0,64,43,67.19%,42,65.63%,43,67.19%,0,0.00%,1,1.56%
168,8342.0,190,107,56.32%,107,56.32%,113,59.47%,6,3.16%,0,0.00%
169,9999.0,6,0,0.00%,0,0.00%,0,0.00%,0,0.00%,0,0.00%
170,,260,150,57.69%,149,57.31%,156,60.00%,6,2.31%,1,0.38%
171,594.0,149,102,68.46%,97,65.10%,103,69.13%,1,0.67%,5,3.36%
172,9999.0,5,1,20.00%,1,20.00%,2,40.00%,1,20.00%,0,0.00%
173,,154,103,66.88%,98,63.64%,105,68.18%,2,1.30%,5,3.25%
174,7923.0,41,26,63.41%,26,63.41%,28,68.29%,2,4.88%,0,0.00%
175,,41,26,63.41%,26,63.41%,28,68.29%,2,4.88%,0,0.00%
176,4807.0,163,46,28.22%,43,26.38%,51,31.29%,5,3.07%,3,1.84%
177,,163,46,28.22%,43,26.38%,51,31.29%,5,3.07%,3,1.84%
178,,689,365,52.98%,355,51.52%,384,55.73%,19,2.76%,10,1.45%
179,7859.0,153,114,74.51%,113,73.86%,122,79.74%,8,5.23%,1,0.65%
180,,153,114,74.51%,113,73.86%,122,79.74%,8,5.23%,1,0.65%
181,8086.0,66,0,0.00%,0,0.00%,0,0.00%,0,0.00%,0,0.00%
182,9999.0,1,0,0.00%,0,0.00%,0,0.00%,0,0.00%,0,0.00%
183,,67,0,0.00%,0,0.00%,0,0.00%,0,0.00%,0,0.00%
184,6555.0,157,79,50.32%,70,44.59%,83,52.87%,4,2.55%,9,5.73%
185,9999.0,2,0,0.00%,0,0.00%,0,0.00%,0,0.00%,0,0.00%
186,,159,79,49.69%,70,44.03%,83,52.20%,4,2.52%,9,5.66%
187,640.0,184,121,65.76%,113,61.41%,127,69.02%,6,3.26%,8,4.35%
188,9999.0,1,0,0.00%,0,0.00%,0,0.00%,0,0.00%,0,0.00%
189,,185,121,65.41%,113,61.08%,127,68.65%,6,3.24%,8,4.32%
190,649.0,96,38,39.58%,30,31.25%,42,43.75%,4,4.17%,8,8.33%
191,9999.0,4,0,0.00%,0,0.00%,0,0.00%,0,0.00%,0,0.00%
192,,100,38,38.00%,30,30.00%,42,42.00%,4,4.00%,8,8.00%
193,6707.0,171,117,68.42%,113,66.08%,127,74.27%,10,5.85%,4,2.34%
194,9999.0,2,0,0.00%,0,0.00%,1,50.00%,1,50.00%,0,0.00%
195,,173,117,67.63%,113,65.32%,128,73.99%,11,6.36%,4,2.31%
196,8044.0,181,115,63.54%,114,62.98%,115,63.54%,0,0.00%,1,0.55%
197,,181,115,63.54%,114,62.98%,115,63.54%,0,0.00%,1,0.55%
198,6563.0,102,52,50.98%,52,50.98%,63,61.76%,11,10.78%,0,0.00%
199,,102,52,50.98%,52,50.98%,63,61.76%,11,10.78%,0,0.00%
200,7650.0,"1,145",445,38.86%,383,33.45%,464,40.52%,19,1.66%,62,5.41%
201,9999.0,2,0,0.00%,0,0.00%,0,0.00%,0,0.00%,0,0.00%
202,,"1,147",445,38.80%,383,33.39%,464,40.45%,19,1.66%,62,5.41%
203,675.0,142,87,61.27%,86,60.56%,97,68.31%,10,7.04%,1,0.70%
204,,142,87,61.27%,86,60.56%,97,68.31%,10,7.04%,1,0.70%
205,695.0,97,59,60.82%,49,50.52%,65,67.01%,6,6.19%,10,10.31%
206,,97,59,60.82%,49,50.52%,65,67.01%,6,6.19%,10,10.31%
207,700.0,109,73,66.97%,70,64.22%,76,69.72%,3,2.75%,3,2.75%
208,9999.0,1,0,0.00%,0,0.00%,0,0.00%,0,0.00%,0,0.00%
209,,110,73,66.36%,70,63.64%,76,69.09%,3,2.73%,3,2.73%
210,8000.0,50,19,38.00%,19,38.00%,20,40.00%,1,2.00%,0,0.00%
211,,50,19,38.00%,19,38.00%,20,40.00%,1,2.00%,0,0.00%
212,714.0,84,43,51.19%,43,51.19%,45,53.57%,2,2.38%,0,0.00%
213,9999.0,1,0,0.00%,0,0.00%,0,0.00%,0,0.00%,0,0.00%
214,,85,43,50.59%,43,50.59%,45,52.94%,2,2.35%,0,0.00%
215,719.0,48,37,77.08%,36,75.00%,38,79.17%,1,2.08%,1,2.08%
216,9999.0,3,0,0.00%,0,0.00%,0,0.00%,0,0.00%,0,0.00%
217,,51,37,72.55%,36,70.59%,38,74.51%,1,1.96%,1,1.96%
218,,"2,802","1,399",49.93%,"1,291",46.07%,"1,485",53.00%,86,3.07%,108,3.85%
219,726.0,137,55,40.15%,53,38.69%,58,42.34%,3,2.19%,2,1.46%
220,,137,55,40.15%,53,38.69%,58,42.34%,3,2.19%,2,1.46%
221,732.0,92,41,44.57%,40,43.48%,49,53.26%,8,8.70%,1,1.09%
222,9999.0,1,0,0.00%,0,0.00%,0,0.00%,0,0.00%,0,0.00%
223,,93,41,44.09%,40,43.01%,49,52.69%,8,8.60%,1,1.08%
224,7897.0,105,42,40.00%,42,40.00%,53,50.48%,11,10.48%,0,0.00%
225,,105,42,40.00%,42,40.00%,53,50.48%,11,10.48%,0,0.00%
226,8436.0,66,36,54.55%,35,53.03%,42,63.64%,6,9.09%,1,1.52%
227,9999.0,1,0,0.00%,0,0.00%,0,0.00%,0,0.00%,0,0.00%
228,,67,36,53.73%,35,52.24%,42,62.69%,6,8.96%,1,1.49%
229,8154.0,12,2,16.67%,2,16.67%,4,33.33%,2,16.67%,0,0.00%
230,,12,2,16.67%,2,16.67%,4,33.33%,2,16.67%,0,0.00%
231,753.0,77,29,37.66%,28,36.36%,32,41.56%,3,3.90%,1,1.30%
232,,77,29,37.66%,28,36.36%,32,41.56%,3,3.90%,1,1.30%
233,,491,205,41.75%,200,40.73%,238,48.47%,33,6.72%,5,1.02%
234,820.0,76,49,64.47%,45,59.21%,54,71.05%,5,6.58%,4,5.26%
235,9999.0,1,0,0.00%,0,0.00%,0,0.00%,0,0.00%,0,0.00%
236,,77,49,63.64%,45,58.44%,54,70.13%,5,6.49%,4,5.19%
237,6306.0,495,335,67.68%,323,65.25%,340,68.69%,5,1.01%,12,2.42%
238,9999.0,14,0,0.00%,0,0.00%,0,0.00%,0,0.00%,0,0.00%
239,,509,335,65.82%,323,63.46%,340,66.80%,5,0.98%,12,2.36%
240,6308.0,111,67,60.36%,65,58.56%,67,60.36%,0,0.00%,2,1.80%
241,9999.0,2,0,0.00%,0,0.00%,0,0.00%,0,0.00%,0,0.00%
242,,113,67,59.29%,65,57.52%,67,59.29%,0,0.00%,2,1.77%
243,777.0,171,109,63.74%,101,59.06%,112,65.50%,3,1.75%,8,4.68%
244,9999.0,11,2,18.18%,1,9.09%,3,27.27%,1,9.09%,1,9.09%
245,,182,111,60.99%,102,56.04%,115,63.19%,4,2.20%,9,4.95%
246,4810.0,259,161,62.16%,161,62.16%,169,65.25%,8,3.09%,0,0.00%
247,9999.0,2,0,0.00%,0,0.00%,0,0.00%,0,0.00%,0,0.00%
248,,261,161,61.69%,161,61.69%,169,64.75%,8,3.07%,0,0.00%
249,788.0,344,226,65.70%,225,65.41%,229,66.57%,3,0.87%,1,0.29%
250,9999.0,2,1,50.00%,1,50.00%,1,50.00%,0,0.00%,0,0.00%
251,,346,227,65.61%,226,65.32%,230,66.47%,3,0.87%,1,0.29%
252,5023.0,193,136,70.47%,134,69.43%,145,75.13%,9,4.66%,2,1.04%
253,9999.0,2,0,0.00%,0,0.00%,0,0.00%,0,0.00%,0,0.00%
254,,195,136,69.74%,134,68.72%,145,74.36%,9,4.62%,2,1.03%
255,802.0,338,199,58.88%,198,58.58%,209,61.83%,10,2.96%,1,0.30%
256,9999.0,15,0,0.00%,0,0.00%,1,6.67%,1,6.67%,0,0.00%
257,,353,199,56.37%,198,56.09%,210,59.49%,11,3.12%,1,0.28%
258,808.0,167,97,58.08%,97,58.08%,98,58.68%,1,0.60%,0,0.00%
259,,167,97,58.08%,97,58.08%,98,58.68%,1,0.60%,0,0.00%
260,816.0,122,69,56.56%,69,56.56%,72,59.02%,3,2.46%,0,0.00%
261,9999.0,1,0,0.00%,0,0.00%,0,0.00%,0,0.00%,0,0.00%
262,,123,69,56.10%,69,56.10%,72,58.54%,3,2.44%,0,0.00%
263,6610.0,334,197,58.98%,180,53.89%,197,58.98%,0,0.00%,17,5.09%
264,9999.0,1,0,0.00%,0,0.00%,0,0.00%,0,0.00%,0,0.00%
265,,335,197,58.81%,180,53.73%,197,58.81%,0,0.00%,17,5.07%
266,6318.0,107,71,66.36%,71,66.36%,72,67.29%,1,0.93%,0,0.00%
267,9999.0,3,0,0.00%,0,0.00%,0,0.00%,0,0.00%,0,0.00%
268,,110,71,64.55%,71,64.55%,72,65.45%,1,0.91%,0,0.00%
269,8116.0,987,372,37.69%,372,37.69%,374,37.89%,2,0.20%,0,0.00%
270,9999.0,18,0,0.00%,0,0.00%,0,0.00%,0,0.00%,0,0.00%
271,,"1,005",372,37.01%,372,37.01%,374,37.21%,2,0.20%,0,0.00%
272,864.0,179,120,67.04%,116,64.80%,124,69.27%,4,2.23%,4,2.23%
273,9999.0,3,0,0.00%,0,0.00%,0,0.00%,0,0.00%,0,0.00%
274,,182,120,65.93%,116,63.74%,124,68.13%,4,2.20%,4,2.20%
275,4670.0,103,46,44.66%,46,44.66%,48,46.60%,2,1.94%,0,0.00%
276,9999.0,2,0,0.00%,0,0.00%,0,0.00%,0,0.00%,0,0.00%
277,,105,46,43.81%,46,43.81%,48,45.71%,2,1.90%,0,0.00%
278,873.0,248,180,72.58%,168,67.74%,180,72.58%,0,0.00%,12,4.84%
279,9999.0,27,0,0.00%,0,0.00%,0,0.00%,0,0.00%,0,0.00%
280,,275,180,65.45%,168,61.09%,180,65.45%,0,0.00%,12,4.36%
281,6980.0,467,301,64.45%,301,64.45%,312,66.81%,11,2.36%,0,0.00%
282,9999.0,10,0,0.00%,0,0.00%,0,0.00%,0,0.00%,0,0.00%
283,,477,301,63.10%,301,63.10%,312,65.41%,11,2.31%,0,0.00%
284,887.0,145,127,87.59%,122,84.14%,128,88.28%,1,0.69%,5,3.45%
285,,145,127,87.59%,122,84.14%,128,88.28%,1,0.69%,5,3.45%
286,,"4,960","2,865",57.76%,"2,796",56.37%,"2,935",59.17%,70,1.41%,69,1.39%
287,7720.0,22,6,27.27%,6,27.27%,10,45.45%,4,18.18%,0,0.00%
288,,22,6,27.27%,6,27.27%,10,45.45%,4,18.18%,0,0.00%
289,913.0,452,236,52.21%,229,50.66%,247,54.65%,11,2.43%,7,1.55%
290,,452,236,52.21%,229,50.66%,247,54.65%,11,2.43%,7,1.55%
291,917.0,83,59,71.08%,59,71.08%,59,71.08%,0,0.00%,0,0.00%
292,,83,59,71.08%,59,71.08%,59,71.08%,0,0.00%,0,0.00%
293,921.0,76,31,40.79%,28,36.84%,31,40.79%,0,0.00%,3,3.95%
294,9999.0,1,0,0.00%,0,0.00%,0,0.00%,0,0.00%,0,0.00%
295,,77,31,40.26%,28,36.36%,31,40.26%,0,0.00%,3,3.90%
296,5207.0,261,147,56.32%,145,55.56%,157,60.15%,10,3.83%,2,0.77%
297,9999.0,3,0,0.00%,0,0.00%,0,0.00%,0,0.00%,0,0.00%
298,,264,147,55.68%,145,54.92%,157,59.47%,10,3.79%,2,0.76%
299,941.0,149,71,47.65%,68,45.64%,79,53.02%,8,5.37%,3,2.01%
300,,149,71,47.65%,68,45.64%,79,53.02%,8,5.37%,3,2.01%
301,949.0,125,65,52.00%,60,48.00%,76,60.80%,11,8.80%,5,4.00%
302,,125,65,52.00%,60,48.00%,76,60.80%,11,8.80%,5,4.00%
303,951.0,31,19,61.29%,19,61.29%,20,64.52%,1,3.23%,0,0.00%
304,,31,19,61.29%,19,61.29%,20,64.52%,1,3.23%,0,0.00%
305,,"1,203",634,52.70%,614,51.04%,679,56.44%,45,3.74%,20,1.66%
306,958.0,160,81,50.63%,76,47.50%,81,50.63%,0,0.00%,5,3.13%
307,,160,81,50.63%,76,47.50%,81,50.63%,0,0.00%,5,3.13%
308,988.0,64,33,51.56%,32,50.00%,33,51.56%,0,0.00%,1,1.56%
309,,64,33,51.56%,32,50.00%,33,51.56%,0,0.00%,1,1.56%
310,964.0,59,29,49.15%,29,49.15%,31,52.54%,2,3.39%,0,0.00%
311,,59,29,49.15%,29,49.15%,31,52.54%,2,3.39%,0,0.00%
312,965.0,64,34,53.13%,34,53.13%,34,53.13%,0,0.00%,0,0.00%
313,,64,34,53.13%,34,53.13%,34,53.13%,0,0.00%,0,0.00%
314,5208.0,89,37,41.57%,37,41.57%,40,44.94%,3,3.37%,0,0.00%
315,,89,37,41.57%,37,41.57%,40,44.94%,3,3.37%,0,0.00%
316,1000.0,88,43,48.86%,43,48.86%,46,52.27%,3,3.41%,0,0.00%
317,,88,43,48.86%,43,48.86%,46,52.27%,3,3.41%,0,0.00%
318,1005.0,88,33,37.50%,32,36.36%,39,44.32%,6,6.82%,1,1.14%
319,,88,33,37.50%,32,36.36%,39,44.32%,6,6.82%,1,1.14%
320,,612,290,47.39%,283,46.24%,304,49.67%,14,2.29%,7,1.14%
321,7726.0,25,8,32.00%,8,32.00%,11,44.00%,3,12.00%,0,0.00%
322,,25,8,32.00%,8,32.00%,11,44.00%,3,12.00%,0,0.00%
323,5116.0,444,306,68.92%,301,67.79%,310,69.82%,4,0.90%,5,1.13%
324,9999.0,37,1,2.70%,0,0.00%,2,5.41%,1,2.70%,1,2.70%
325,,481,307,63.83%,301,62.58%,312,64.86%,5,1.04%,6,1.25%
326,1014.0,69,37,53.62%,37,53.62%,42,60.87%,5,7.25%,0,0.00%
327,9999.0,8,0,0.00%,0,0.00%,0,0.00%,0,0.00%,0,0.00%
328,,77,37,48.05%,37,48.05%,42,54.55%,5,6.49%,0,0.00%
329,1029.0,391,215,54.99%,215,54.99%,215,54.99%,0,0.00%,0,0.00%
330,9999.0,28,0,0.00%,0,0.00%,0,0.00%,0,0.00%,0,0.00%
331,,419,215,51.31%,215,51.31%,215,51.31%,0,0.00%,0,0.00%
332,1030.0,325,166,51.08%,166,51.08%,195,60.00%,29,8.92%,0,0.00%
333,,325,166,51.08%,166,51.08%,195,60.00%,29,8.92%,0,0.00%
334,1040.0,456,316,69.30%,298,65.35%,316,69.30%,0,0.00%,18,3.95%
335,,456,316,69.30%,298,65.35%,316,69.30%,0,0.00%,18,3.95%
336,1043.0,493,414,83.98%,399,80.93%,414,83.98%,0,0.00%,15,3.04%
337,5133.0,473,437,92.39%,437,92.39%,442,93.45%,5,1.06%,0,0.00%
338,7790.0,551,474,86.03%,474,86.03%,477,86.57%,3,0.54%,0,0.00%
339,9999.0,15,0,0.00%,0,0.00%,0,0.00%,0,0.00%,0,0.00%
340,,"1,532","1,325",86.49%,"1,310",85.51%,"1,333",87.01%,8,0.52%,15,0.98%
341,5096.0,391,346,88.49%,346,88.49%,350,89.51%,4,1.02%,0,0.00%
342,7749.0,526,451,85.74%,449,85.36%,457,86.88%,6,1.14%,2,0.38%
343,9999.0,7,0,0.00%,0,0.00%,0,0.00%,0,0.00%,0,0.00%
344,,924,797,86.26%,795,86.04%,807,87.34%,10,1.08%,2,0.22%
345,7568.0,74,55,74.32%,55,74.32%,55,74.32%,0,0.00%,0,0.00%
346,9999.0,1,0,0.00%,0,0.00%,0,0.00%,0,0.00%,0,0.00%
347,,75,55,73.33%,55,73.33%,55,73.33%,0,0.00%,0,0.00%
348,8381.0,41,19,46.34%,17,41.46%,20,48.78%,1,2.44%,2,4.88%
349,,41,19,46.34%,17,41.46%,20,48.78%,1,2.44%,2,4.88%
350,6455.0,636,431,67.77%,431,67.77%,473,74.37%,42,6.60%,0,0.00%
351,9999.0,7,0,0.00%,0,0.00%,0,0.00%,0,0.00%,0,0.00%
352,,643,431,67.03%,431,67.03%,473,73.56%,42,6.53%,0,0.00%
353,1084.0,119,108,90.76%,106,89.08%,108,90.76%,0,0.00%,2,1.68%
354,9999.0,2,0,0.00%,0,0.00%,0,0.00%,0,0.00%,0,0.00%
355,,121,108,89.26%,106,87.60%,108,89.26%,0,0.00%,2,1.65%
356,1094.0,113,91,80.53%,91,80.53%,92,81.42%,1,0.88%,0,0.00%
357,9999.0,1,0,0.00%,0,0.00%,0,0.00%,0,0.00%,0,0.00%
358,,114,91,79.82%,91,79.82%,92,80.70%,1,0.88%,0,0.00%
359,1100.0,556,425,76.44%,422,75.90%,429,77.16%,4,0.72%,3,0.54%
360,9999.0,2,0,0.00%,0,0.00%,0,0.00%,0,0.00%,0,0.00%
361,,558,425,76.16%,422,75.63%,429,76.88%,4,0.72%,3,0.54%
362,4682.0,742,584,78.71%,582,78.44%,605,81.54%,21,2.83%,2,0.27%
363,9999.0,6,0,0.00%,0,0.00%,0,0.00%,0,0.00%,0,0.00%
364,,748,584,78.07%,582,77.81%,605,80.88%,21,2.81%,2,0.27%
365,1128.0,415,274,66.02%,274,66.02%,282,67.95%,8,1.93%,0,0.00%
366,9999.0,2,0,0.00%,0,0.00%,0,0.00%,0,0.00%,0,0.00%
367,,417,274,65.71%,274,65.71%,282,67.63%,8,1.92%,0,0.00%
368,,"6,956","5,158",74.15%,"5,108",73.43%,"5,295",76.12%,137,1.97%,50,0.72%
369,8344.0,443,315,71.11%,312,70.43%,334,75.40%,19,4.29%,3,0.68%
370,9999.0,11,0,0.00%,0,0.00%,0,0.00%,0,0.00%,0,0.00%
371,,454,315,69.38%,312,68.72%,334,73.57%,19,4.19%,3,0.66%
372,1154.0,103,50,48.54%,50,48.54%,54,52.43%,4,3.88%,0,0.00%
373,9999.0,18,11,61.11%,11,61.11%,12,66.67%,1,5.56%,0,0.00%
374,,121,61,50.41%,61,50.41%,66,54.55%,5,4.13%,0,0.00%
375,1159.0,252,203,80.56%,203,80.56%,212,84.13%,9,3.57%,0,0.00%
376,9999.0,1,0,0.00%,0,0.00%,0,0.00%,0,0.00%,0,0.00%
377,,253,203,80.24%,203,80.24%,212,83.79%,9,3.56%,0,0.00%
378,1164.0,103,54,52.43%,52,50.49%,56,54.37%,2,1.94%,2,1.94%
379,,103,54,52.43%,52,50.49%,56,54.37%,2,1.94%,2,1.94%
380,1172.0,150,82,54.67%,81,54.00%,84,56.00%,2,1.33%,1,0.67%
381,9999.0,4,0,0.00%,0,0.00%,0,0.00%,0,0.00%,0,0.00%
382,,154,82,53.25%,81,52.60%,84,54.55%,2,1.30%,1,0.65%
383,1177.0,196,0,0.00%,0,0.00%,0,0.00%,0,0.00%,0,0.00%
384,9999.0,2,0,0.00%,0,0.00%,0,0.00%,0,0.00%,0,0.00%
385,,198,0,0.00%,0,0.00%,0,0.00%,0,0.00%,0,0.00%
386,8318.0,586,492,83.96%,476,81.23%,495,84.47%,3,0.51%,16,2.73%
387,9999.0,5,1,20.00%,1,20.00%,2,40.00%,1,20.00%,0,0.00%
388,,591,493,83.42%,477,80.71%,497,84.09%,4,0.68%,16,2.71%
389,,"1,874","1,208",64.46%,"1,186",63.29%,"1,249",66.65%,41,2.19%,22,1.17%
390,5135.0,48,17,35.42%,17,35.42%,17,35.42%,0,0.00%,0,0.00%
391,9999.0,4,1,25.00%,1,25.00%,1,25.00%,0,0.00%,0,0.00%
392,,52,18,34.62%,18,34.62%,18,34.62%,0,0.00%,0,0.00%
393,5212.0,94,63,67.02%,61,64.89%,68,72.34%,5,5.32%,2,2.13%
394,,94,63,67.02%,61,64.89%,68,72.34%,5,5.32%,2,2.13%
395,1208.0,154,111,72.08%,101,65.58%,112,72.73%,1,0.65%,10,6.49%
396,,154,111,72.08%,101,65.58%,112,72.73%,1,0.65%,10,6.49%
397,5136.0,40,21,52.50%,21,52.50%,21,52.50%,0,0.00%,0,0.00%
398,9999.0,3,0,0.00%,0,0.00%,0,0.00%,0,0.00%,0,0.00%
399,,43,21,48.84%,21,48.84%,21,48.84%,0,0.00%,0,0.00%
400,1225.0,39,17,43.59%,17,43.59%,17,43.59%,0,0.00%,0,0.00%
401,,39,17,43.59%,17,43.59%,17,43.59%,0,0.00%,0,0.00%
402,8382.0,155,83,53.55%,76,49.03%,89,57.42%,6,3.87%,7,4.52%
403,9999.0,1,0,0.00%,0,0.00%,0,0.00%,0,0.00%,0,0.00%
404,,156,83,53.21%,76,48.72%,89,57.05%,6,3.85%,7,4.49%
405,1251.0,141,70,49.65%,57,40.43%,72,51.06%,2,1.42%,13,9.22%
406,8314.0,11,0,0.00%,0,0.00%,0,0.00%,0,0.00%,0,0.00%
407,9999.0,2,0,0.00%,0,0.00%,0,0.00%,0,0.00%,0,0.00%
408,,154,70,45.45%,57,37.01%,72,46.75%,2,1.30%,13,8.44%
409,6201.0,85,60,70.59%,46,54.12%,60,70.59%,0,0.00%,14,16.47%
410,9999.0,3,0,0.00%,0,0.00%,0,0.00%,0,0.00%,0,0.00%
411,,88,60,68.18%,46,52.27%,60,68.18%,0,0.00%,14,15.91%
412,1213.0,125,64,51.20%,60,48.00%,69,55.20%,5,4.00%,4,3.20%
413,9999.0,6,0,0.00%,0,0.00%,0,0.00%,0,0.00%,0,0.00%
414,,131,64,48.85%,60,45.80%,69,52.67%,5,3.82%,4,3.05%
415,1270.0,73,41,56.16%,38,52.05%,41,56.16%,0,0.00%,3,4.11%
416,,73,41,56.16%,38,52.05%,41,56.16%,0,0.00%,3,4.11%
417,7941.0,108,82,75.93%,82,75.93%,91,84.26%,9,8.33%,0,0.00%
418,,108,82,75.93%,82,75.93%,91,84.26%,9,8.33%,0,0.00%
419,8379.0,135,86,63.70%,86,63.70%,89,65.93%,3,2.22%,0,0.00%
420,,135,86,63.70%,86,63.70%,89,65.93%,3,2.22%,0,0.00%
421,,"1,227",716,58.35%,663,54.03%,747,60.88%,31,2.53%,53,4.32%
422,1299.0,38,17,44.74%,15,39.47%,17,44.74%,0,0.00%,2,5.26%
423,,38,17,44.74%,15,39.47%,17,44.74%,0,0.00%,2,5.26%
424,,38,17,44.74%,15,39.47%,17,44.74%,0,0.00%,2,5.26%
425,4870.0,101,33,32.67%,25,24.75%,38,37.62%,5,4.95%,8,7.92%
426,,101,33,32.67%,25,24.75%,38,37.62%,5,4.95%,8,7.92%
427,1307.0,140,76,54.29%,73,52.14%,80,57.14%,4,2.86%,3,2.14%
428,9999.0,4,0,0.00%,0,0.00%,0,0.00%,0,0.00%,0,0.00%
429,,144,76,52.78%,73,50.69%,80,55.56%,4,2.78%,3,2.08%
430,1315.0,152,65,42.76%,65,42.76%,77,50.66%,12,7.89%,0,0.00%
431,,152,65,42.76%,65,42.76%,77,50.66%,12,7.89%,0,0.00%
432,4734.0,108,71,65.74%,67,62.04%,73,67.59%,2,1.85%,4,3.70%
433,9999.0,3,1,33.33%,1,33.33%,1,33.33%,0,0.00%,0,0.00%
434,,111,72,64.86%,68,61.26%,74,66.67%,2,1.80%,4,3.60%
435,8348.0,79,36,45.57%,36,45.57%,38,48.10%,2,2.53%,0,0.00%
436,,79,36,45.57%,36,45.57%,38,48.10%,2,2.53%,0,0.00%
437,1327.0,25,17,68.00%,17,68.00%,17,68.00%,0,0.00%,0,0.00%
438,9999.0,2,0,0.00%,0,0.00%,0,0.00%,0,0.00%,0,0.00%
439,,27,17,62.96%,17,62.96%,17,62.96%,0,0.00%,0,0.00%
440,,614,299,48.70%,284,46.25%,324,52.77%,25,4.07%,15,2.44%
441,1335.0,127,65,51.18%,62,48.82%,72,56.69%,7,5.51%,3,2.36%
442,,127,65,51.18%,62,48.82%,72,56.69%,7,5.51%,3,2.36%
443,1343.0,221,133,60.18%,130,58.82%,136,61.54%,3,1.36%,3,1.36%
444,,221,133,60.18%,130,58.82%,136,61.54%,3,1.36%,3,1.36%
445,6231.0,110,71,64.55%,71,64.55%,71,64.55%,0,0.00%,0,0.00%
446,,110,71,64.55%,71,64.55%,71,64.55%,0,0.00%,0,0.00%
447,1364.0,582,429,73.71%,429,73.71%,432,74.23%,3,0.52%,0,0.00%
448,,582,429,73.71%,429,73.71%,432,74.23%,3,0.52%,0,0.00%
449,,"1,040",698,67.12%,692,66.54%,711,68.37%,13,1.25%,6,0.58%
450,7691.0,270,125,46.30%,125,46.30%,144,53.33%,19,7.04%,0,0.00%
451,,270,125,46.30%,125,46.30%,144,53.33%,19,7.04%,0,0.00%
452,7721.0,95,74,77.89%,74,77.89%,75,78.95%,1,1.05%,0,0.00%
453,9999.0,3,0,0.00%,0,0.00%,0,0.00%,0,0.00%,0,0.00%
454,,98,74,75.51%,74,75.51%,75,76.53%,1,1.02%,0,0.00%
455,7819.0,336,233,69.35%,220,65.48%,242,72.02%,9,2.68%,13,3.87%
456,,336,233,69.35%,220,65.48%,242,72.02%,9,2.68%,13,3.87%
457,1367.0,420,310,73.81%,304,72.38%,316,75.24%,6,1.43%,6,1.43%
458,9999.0,9,0,0.00%,0,0.00%,0,0.00%,0,0.00%,0,0.00%
459,,429,310,72.26%,304,70.86%,316,73.66%,6,1.40%,6,1.40%
460,5012.0,463,304,65.66%,258,55.72%,316,68.25%,12,2.59%,46,9.94%
461,9999.0,13,0,0.00%,0,0.00%,0,0.00%,0,0.00%,0,0.00%
462,,476,304,63.87%,258,54.20%,316,66.39%,12,2.52%,46,9.66%
463,1387.0,428,359,83.88%,346,80.84%,371,86.68%,12,2.80%,13,3.04%
464,7759.0,404,344,85.15%,342,84.65%,349,86.39%,5,1.24%,2,0.50%
465,8174.0,192,188,97.92%,188,97.92%,188,97.92%,0,0.00%,0,0.00%
466,,"1,024",891,87.01%,876,85.55%,908,88.67%,17,1.66%,15,1.46%
467,8394.0,245,0,0.00%,0,0.00%,0,0.00%,0,0.00%,0,0.00%
468,,245,0,0.00%,0,0.00%,0,0.00%,0,0.00%,0,0.00%
469,7628.0,126,94,74.60%,92,73.02%,99,78.57%,5,3.97%,2,1.59%
470,,126,94,74.60%,92,73.02%,99,78.57%,5,3.97%,2,1.59%
471,7636.0,73,67,91.78%,66,90.41%,67,91.78%,0,0.00%,1,1.37%
472,9999.0,2,1,50.00%,1,50.00%,1,50.00%,0,0.00%,0,0.00%
473,,75,68,90.67%,67,89.33%,68,90.67%,0,0.00%,1,1.33%
474,1424.0,333,303,90.99%,303,90.99%,303,90.99%,0,0.00%,0,0.00%
475,9999.0,24,0,0.00%,0,0.00%,0,0.00%,0,0.00%,0,0.00%
476,,357,303,84.87%,303,84.87%,303,84.87%,0,0.00%,0,0.00%
477,6482.0,330,243,73.64%,242,73.33%,252,76.36%,9,2.73%,1,0.30%
478,,330,243,73.64%,242,73.33%,252,76.36%,9,2.73%,1,0.30%
479,1414.0,184,110,59.78%,105,57.07%,111,60.33%,1,0.54%,5,2.72%
480,,184,110,59.78%,105,57.07%,111,60.33%,1,0.54%,5,2.72%
481,1406.0,420,328,78.10%,325,77.38%,333,79.29%,5,1.19%,3,0.71%
482,9999.0,8,0,0.00%,0,0.00%,0,0.00%,0,0.00%,0,0.00%
483,,428,328,76.64%,325,75.93%,333,77.80%,5,1.17%,3,0.70%
484,1420.0,312,188,60.26%,177,56.73%,191,61.22%,3,0.96%,11,3.53%
485,9999.0,7,0,0.00%,0,0.00%,0,0.00%,0,0.00%,0,0.00%
486,,319,188,58.93%,177,55.49%,191,59.87%,3,0.94%,11,3.45%
487,1426.0,306,245,80.07%,245,80.07%,246,80.39%,1,0.33%,0,0.00%
488,9999.0,7,0,0.00%,0,0.00%,0,0.00%,0,0.00%,0,0.00%
489,,313,245,78.27%,245,78.27%,246,78.59%,1,0.32%,0,0.00%
490,1423.0,542,522,96.31%,522,96.31%,523,96.49%,1,0.18%,0,0.00%
491,9999.0,27,8,29.63%,8,29.63%,9,33.33%,1,3.70%,0,0.00%
492,,569,530,93.15%,530,93.15%,532,93.50%,2,0.35%,0,0.00%
493,1443.0,348,312,89.66%,312,89.66%,321,92.24%,9,2.59%,0,0.00%
494,9999.0,2,0,0.00%,0,0.00%,0,0.00%,0,0.00%,0,0.00%
495,,350,312,89.14%,312,89.14%,321,91.71%,9,2.57%,0,0.00%
496,1453.0,353,308,87.25%,304,86.12%,313,88.67%,5,1.42%,4,1.13%
497,6734.0,298,267,89.60%,262,87.92%,271,90.94%,4,1.34%,5,1.68%
498,7894.0,306,272,88.89%,264,86.27%,279,91.18%,7,2.29%,8,2.61%
499,9999.0,20,1,5.00%,1,5.00%,2,10.00%,1,5.00%,0,0.00%
500,,977,848,86.80%,831,85.06%,865,88.54%,17,1.74%,17,1.74%
501,7824.0,203,71,34.98%,66,32.51%,80,39.41%,9,4.43%,5,2.46%
502,,203,71,34.98%,66,32.51%,80,39.41%,9,4.43%,5,2.46%
503,,"7,109","5,277",74.23%,"5,152",72.47%,"5,402",75.99%,125,1.76%,125,1.76%
504,4664.0,43,21,48.84%,19,44.19%,22,51.16%,1,2.33%,2,4.65%
505,,43,21,48.84%,19,44.19%,22,51.16%,1,2.33%,2,4.65%
506,1475.0,56,37,66.07%,36,64.29%,38,67.86%,1,1.79%,1,1.79%
507,,56,37,66.07%,36,64.29%,38,67.86%,1,1.79%,1,1.79%
508,1480.0,62,40,64.52%,40,64.52%,43,69.35%,3,4.84%,0,0.00%
509,,62,40,64.52%,40,64.52%,43,69.35%,3,4.84%,0,0.00%
510,1486.0,65,34,52.31%,33,50.77%,37,56.92%,3,4.62%,1,1.54%
511,,65,34,52.31%,33,50.77%,37,56.92%,3,4.62%,1,1.54%
512,1489.0,52,30,57.69%,30,57.69%,32,61.54%,2,3.85%,0,0.00%
513,,52,30,57.69%,30,57.69%,32,61.54%,2,3.85%,0,0.00%
514,1495.0,81,40,49.38%,40,49.38%,41,50.62%,1,1.23%,0,0.00%
515,9999.0,1,0,0.00%,0,0.00%,0,0.00%,0,0.00%,0,0.00%
516,,82,40,48.78%,40,48.78%,41,50.00%,1,1.22%,0,0.00%
517,1501.0,40,18,45.00%,17,42.50%,19,47.50%,1,2.50%,1,2.50%
518,9999.0,3,0,0.00%,0,0.00%,0,0.00%,0,0.00%,0,0.00%
519,,43,18,41.86%,17,39.53%,19,44.19%,1,2.33%,1,2.33%
520,,403,220,54.59%,215,53.35%,232,57.57%,12,2.98%,5,1.24%
521,6156.0,252,127,50.40%,113,44.84%,151,59.92%,24,9.52%,14,5.56%
522,9999.0,3,0,0.00%,0,0.00%,0,0.00%,0,0.00%,0,0.00%
523,,255,127,49.80%,113,44.31%,151,59.22%,24,9.41%,14,5.49%
524,6236.0,172,79,45.93%,79,45.93%,85,49.42%,6,3.49%,0,0.00%
525,,172,79,45.93%,79,45.93%,85,49.42%,6,3.49%,0,0.00%
526,1529.0,83,42,50.60%,40,48.19%,42,50.60%,0,0.00%,2,2.41%
527,,83,42,50.60%,40,48.19%,42,50.60%,0,0.00%,2,2.41%
528,5219.0,51,23,45.10%,22,43.14%,26,50.98%,3,5.88%,1,1.96%
529,9999.0,1,0,0.00%,0,0.00%,0,0.00%,0,0.00%,0,0.00%
530,,52,23,44.23%,22,42.31%,26,50.00%,3,5.77%,1,1.92%
531,8316.0,19,9,47.37%,9,47.37%,9,47.37%,0,0.00%,0,0.00%
532,,19,9,47.37%,9,47.37%,9,47.37%,0,0.00%,0,0.00%
533,1550.0,69,34,49.28%,34,49.28%,36,52.17%,2,2.90%,0,0.00%
534,9999.0,1,0,0.00%,0,0.00%,0,0.00%,0,0.00%,0,0.00%
535,,70,34,48.57%,34,48.57%,36,51.43%,2,2.86%,0,0.00%
536,1560.0,110,60,54.55%,60,54.55%,60,54.55%,0,0.00%,0,0.00%
537,,110,60,54.55%,60,54.55%,60,54.55%,0,0.00%,0,0.00%
538,1566.0,80,32,40.00%,32,40.00%,32,40.00%,0,0.00%,0,0.00%
539,,80,32,40.00%,32,40.00%,32,40.00%,0,0.00%,0,0.00%
540,,841,406,48.28%,389,46.25%,441,52.44%,35,4.16%,17,2.02%
541,7635.0,37,21,56.76%,18,48.65%,23,62.16%,2,5.41%,3,8.11%
542,,37,21,56.76%,18,48.65%,23,62.16%,2,5.41%,3,8.11%
543,6241.0,30,21,70.00%,16,53.33%,22,73.33%,1,3.33%,5,16.67%
544,7589.0,248,147,59.27%,147,59.27%,160,64.52%,13,5.24%,0,0.00%
545,9999.0,1,0,0.00%,0,0.00%,0,0.00%,0,0.00%,0,0.00%
546,,279,168,60.22%,163,58.42%,182,65.23%,14,5.02%,5,1.79%
547,,316,189,59.81%,181,57.28%,205,64.87%,16,5.06%,8,2.53%
548,8434.0,49,27,55.10%,26,53.06%,29,59.18%,2,4.08%,1,2.04%
549,,49,27,55.10%,26,53.06%,29,59.18%,2,4.08%,1,2.04%
550,1605.0,159,86,54.09%,85,53.46%,88,55.35%,2,1.26%,1,0.63%
551,9999.0,7,0,0.00%,0,0.00%,0,0.00%,0,0.00%,0,0.00%
552,,166,86,51.81%,85,51.20%,88,53.01%,2,1.20%,1,0.60%
553,1612.0,98,68,69.39%,68,69.39%,68,69.39%,0,0.00%,0,0.00%
554,,98,68,69.39%,68,69.39%,68,69.39%,0,0.00%,0,0.00%
555,1619.0,144,108,75.00%,103,71.53%,108,75.00%,0,0.00%,5,3.47%
556,9999.0,3,0,0.00%,0,0.00%,0,0.00%,0,0.00%,0,0.00%
557,,147,108,73.47%,103,70.07%,108,73.47%,0,0.00%,5,3.40%
558,5178.0,121,23,19.01%,21,17.36%,24,19.83%,1,0.83%,2,1.65%
559,,121,23,19.01%,21,17.36%,24,19.83%,1,0.83%,2,1.65%
560,1623.0,45,24,53.33%,24,53.33%,24,53.33%,0,0.00%,0,0.00%
561,,45,24,53.33%,24,53.33%,24,53.33%,0,0.00%,0,0.00%
562,1627.0,106,73,68.87%,73,68.87%,73,68.87%,0,0.00%,0,0.00%
563,9999.0,8,0,0.00%,0,0.00%,0,0.00%,0,0.00%,0,0.00%
564,,114,73,64.04%,73,64.04%,73,64.04%,0,0.00%,0,0.00%
565,7567.0,25,9,36.00%,7,28.00%,15,60.00%,6,24.00%,2,8.00%
566,,25,9,36.00%,7,28.00%,15,60.00%,6,24.00%,2,8.00%
567,,765,418,54.64%,407,53.20%,429,56.08%,11,1.44%,11,1.44%
568,8224.0,142,52,36.62%,51,35.92%,56,39.44%,4,2.82%,1,0.70%
569,,142,52,36.62%,51,35.92%,56,39.44%,4,2.82%,1,0.70%
570,1632.0,69,31,44.93%,30,43.48%,34,49.28%,3,4.35%,1,1.45%
571,1654.0,162,77,47.53%,76,46.91%,79,48.77%,2,1.23%,1,0.62%
572,,231,108,46.75%,106,45.89%,113,48.92%,5,2.16%,2,0.87%
573,1629.0,60,32,53.33%,28,46.67%,32,53.33%,0,0.00%,4,6.67%
574,6136.0,89,47,52.81%,43,48.31%,48,53.93%,1,1.12%,4,4.49%
575,6942.0,97,44,45.36%,44,45.36%,57,58.76%,13,13.40%,0,0.00%
576,9999.0,2,0,0.00%,0,0.00%,0,0.00%,0,0.00%,0,0.00%
577,,248,123,49.60%,115,46.37%,137,55.24%,14,5.65%,8,3.23%
578,,621,283,45.57%,272,43.80%,306,49.28%,23,3.70%,11,1.77%
579,1677.0,191,100,52.36%,99,51.83%,102,53.40%,2,1.05%,1,0.52%
580,9999.0,1,0,0.00%,0,0.00%,0,0.00%,0,0.00%,0,0.00%
581,,192,100,52.08%,99,51.56%,102,53.13%,2,1.04%,1,0.52%
582,1682.0,106,91,85.85%,91,85.85%,94,88.68%,3,2.83%,0,0.00%
583,,106,91,85.85%,91,85.85%,94,88.68%,3,2.83%,0,0.00%
584,1694.0,331,198,59.82%,198,59.82%,201,60.73%,3,0.91%,0,0.00%
585,9999.0,4,0,0.00%,0,0.00%,0,0.00%,0,0.00%,0,0.00%
586,,335,198,59.10%,198,59.10%,201,60.00%,3,0.90%,0,0.00%
587,1701.0,705,488,69.22%,485,68.79%,502,71.21%,14,1.99%,3,0.43%
588,9999.0,2,0,0.00%,0,0.00%,0,0.00%,0,0.00%,0,0.00%
589,,707,488,69.02%,485,68.60%,502,71.00%,14,1.98%,3,0.42%
590,1707.0,166,92,55.42%,92,55.42%,95,57.23%,3,1.81%,0,0.00%
591,,166,92,55.42%,92,55.42%,95,57.23%,3,1.81%,0,0.00%
592,5098.0,272,200,73.53%,186,68.38%,200,73.53%,0,0.00%,14,5.15%
593,9999.0,5,3,60.00%,2,40.00%,3,60.00%,0,0.00%,1,20.00%
594,,277,203,73.29%,188,67.87%,203,73.29%,0,0.00%,15,5.42%
595,5221.0,246,136,55.28%,133,54.07%,139,56.50%,3,1.22%,3,1.22%
596,9999.0,1,0,0.00%,0,0.00%,0,0.00%,0,0.00%,0,0.00%
597,,247,136,55.06%,133,53.85%,139,56.28%,3,1.21%,3,1.21%
598,6328.0,150,100,66.67%,100,66.67%,105,70.00%,5,3.33%,0,0.00%
599,9999.0,1,0,0.00%,0,0.00%,0,0.00%,0,0.00%,0,0.00%
600,,151,100,66.23%,100,66.23%,105,69.54%,5,3.31%,0,0.00%
601,,"2,181","1,408",64.56%,"1,386",63.55%,"1,441",66.07%,33,1.51%,22,1.01%
602,7774.0,"1,533",530,34.57%,511,33.33%,595,38.81%,65,4.24%,19,1.24%
603,9999.0,1,0,0.00%,0,0.00%,0,0.00%,0,0.00%,0,0.00%
604,,"1,534",530,34.55%,511,33.31%,595,38.79%,65,4.24%,19,1.24%
605,1745.0,416,308,74.04%,300,72.12%,311,74.76%,3,0.72%,8,1.92%
606,1746.0,353,152,43.06%,152,43.06%,153,43.34%,1,0.28%,0,0.00%
607,9999.0,19,0,0.00%,0,0.00%,0,0.00%,0,0.00%,0,0.00%
608,,788,460,58.38%,452,57.36%,464,58.88%,4,0.51%,8,1.02%
609,5278.0,215,102,47.44%,102,47.44%,105,48.84%,3,1.40%,0,0.00%
610,,215,102,47.44%,102,47.44%,105,48.84%,3,1.40%,0,0.00%
611,4801.0,288,226,78.47%,224,77.78%,226,78.47%,0,0.00%,2,0.69%
612,9999.0,1,0,0.00%,0,0.00%,0,0.00%,0,0.00%,0,0.00%
613,,289,226,78.20%,224,77.51%,226,78.20%,0,0.00%,2,0.69%
614,6330.0,54,34,62.96%,31,57.41%,34,62.96%,0,0.00%,3,5.56%
615,9999.0,1,0,0.00%,0,0.00%,0,0.00%,0,0.00%,0,0.00%
616,,55,34,61.82%,31,56.36%,34,61.82%,0,0.00%,3,5.45%
617,6333.0,170,24,14.12%,18,10.59%,24,14.12%,0,0.00%,6,3.53%
618,7902.0,95,91,95.79%,91,95.79%,91,95.79%,0,0.00%,0,0.00%
619,8376.0,12,3,25.00%,3,25.00%,3,25.00%,0,0.00%,0,0.00%
620,9999.0,40,0,0.00%,0,0.00%,0,0.00%,0,0.00%,0,0.00%
621,,317,118,37.22%,112,35.33%,118,37.22%,0,0.00%,6,1.89%
622,1776.0,279,187,67.03%,187,67.03%,189,67.74%,2,0.72%,0,0.00%
623,7844.0,2,0,0.00%,0,0.00%,0,0.00%,0,0.00%,0,0.00%
624,9999.0,3,0,0.00%,0,0.00%,0,0.00%,0,0.00%,0,0.00%
625,,284,187,65.85%,187,65.85%,189,66.55%,2,0.70%,0,0.00%
626,1790.0,132,64,48.48%,64,48.48%,68,51.52%,4,3.03%,0,0.00%
627,9999.0,2,0,0.00%,0,0.00%,0,0.00%,0,0.00%,0,0.00%
628,,134,64,47.76%,64,47.76%,68,50.75%,4,2.99%,0,0.00%
629,1794.0,58,34,58.62%,32,55.17%,34,58.62%,0,0.00%,2,3.45%
630,,58,34,58.62%,32,55.17%,34,58.62%,0,0.00%,2,3.45%
631,8278.0,43,29,67.44%,29,67.44%,29,67.44%,0,0.00%,0,0.00%
632,,43,29,67.44%,29,67.44%,29,67.44%,0,0.00%,0,0.00%
633,8366.0,756,228,30.16%,228,30.16%,312,41.27%,84,11.11%,0,0.00%
634,,756,228,30.16%,228,30.16%,312,41.27%,84,11.11%,0,0.00%
635,1801.0,50,28,56.00%,27,54.00%,30,60.00%,2,4.00%,1,2.00%
636,9999.0,9,3,33.33%,3,33.33%,4,44.44%,1,11.11%,0,0.00%
637,,59,31,52.54%,30,50.85%,34,57.63%,3,5.08%,1,1.69%
638,1806.0,159,101,63.52%,98,61.64%,106,66.67%,5,3.14%,3,1.89%
639,9999.0,9,2,22.22%,2,22.22%,2,22.22%,0,0.00%,0,0.00%
640,,168,103,61.31%,100,59.52%,108,64.29%,5,2.98%,3,1.79%
641,6340.0,76,31,40.79%,29,38.16%,36,47.37%,5,6.58%,2,2.63%
642,,76,31,40.79%,29,38.16%,36,47.37%,5,6.58%,2,2.63%
643,,"4,776","2,177",45.58%,"2,131",44.62%,"2,352",49.25%,175,3.66%,46,0.96%
644,6492.0,133,29,21.80%,29,21.80%,30,22.56%,1,0.75%,0,0.00%
645,8303.0,83,62,74.70%,59,71.08%,65,78.31%,3,3.61%,3,3.61%
646,,216,91,42.13%,88,40.74%,95,43.98%,4,1.85%,3,1.39%
647,1849.0,213,128,60.09%,122,57.28%,140,65.73%,12,5.63%,6,2.82%
648,9999.0,9,0,0.00%,0,0.00%,0,0.00%,0,0.00%,0,0.00%
649,,222,128,57.66%,122,54.95%,140,63.06%,12,5.41%,6,2.70%
650,1869.0,372,335,90.05%,335,90.05%,338,90.86%,3,0.81%,0,0.00%
651,9999.0,1,1,100.00%,1,100.00%,1,100.00%,0,0.00%,0,0.00%
652,,373,336,90.08%,336,90.08%,339,90.88%,3,0.80%,0,0.00%
653,1879.0,448,380,84.82%,377,84.15%,385,85.94%,5,1.12%,3,0.67%
654,9999.0,2,0,0.00%,0,0.00%,0,0.00%,0,0.00%,0,0.00%
655,,450,380,84.44%,377,83.78%,385,85.56%,5,1.11%,3,0.67%
656,1885.0,255,164,64.31%,152,59.61%,168,65.88%,4,1.57%,12,4.71%
657,,255,164,64.31%,152,59.61%,168,65.88%,4,1.57%,12,4.71%
658,1902.0,282,254,90.07%,242,85.82%,257,91.13%,3,1.06%,12,4.26%
659,9999.0,2,0,0.00%,0,0.00%,0,0.00%,0,0.00%,0,0.00%
660,,284,254,89.44%,242,85.21%,257,90.49%,3,1.06%,12,4.23%
661,8258.0,47,38,80.85%,31,65.96%,38,80.85%,0,0.00%,7,14.89%
662,,47,38,80.85%,31,65.96%,38,80.85%,0,0.00%,7,14.89%
663,1915.0,260,188,72.31%,188,72.31%,188,72.31%,0,0.00%,0,0.00%
664,9999.0,3,0,0.00%,0,0.00%,0,0.00%,0,0.00%,0,0.00%
665,,263,188,71.48%,188,71.48%,188,71.48%,0,0.00%,0,0.00%
666,1921.0,309,284,91.91%,284,91.91%,285,92.23%,1,0.32%,0,0.00%
667,9999.0,2,0,0.00%,0,0.00%,0,0.00%,0,0.00%,0,0.00%
668,,311,284,91.32%,284,91.32%,285,91.64%,1,0.32%,0,0.00%
669,1934.0,456,332,72.81%,324,71.05%,347,76.10%,15,3.29%,8,1.75%
670,9999.0,1,0,0.00%,0,0.00%,0,0.00%,0,0.00%,0,0.00%
671,,457,332,72.65%,324,70.90%,347,75.93%,15,3.28%,8,1.75%
672,1942.0,293,246,83.96%,246,83.96%,246,83.96%,0,0.00%,0,0.00%
673,9999.0,2,1,50.00%,1,50.00%,1,50.00%,0,0.00%,0,0.00%
674,,295,247,83.73%,247,83.73%,247,83.73%,0,0.00%,0,0.00%
675,6516.0,271,0,0.00%,0,0.00%,0,0.00%,0,0.00%,0,0.00%
676,9999.0,6,0,0.00%,0,0.00%,0,0.00%,0,0.00%,0,0.00%
677,,277,0,0.00%,0,0.00%,0,0.00%,0,0.00%,0,0.00%
678,1950.0,336,282,83.93%,282,83.93%,287,85.42%,5,1.49%,0,0.00%
679,9999.0,3,1,33.33%,1,33.33%,1,33.33%,0,0.00%,0,0.00%
680,,339,283,83.48%,283,83.48%,288,84.96%,5,1.47%,0,0.00%
681,1972.0,924,666,72.08%,666,72.08%,666,72.08%,0,0.00%,0,0.00%
682,9999.0,6,0,0.00%,0,0.00%,0,0.00%,0,0.00%,0,0.00%
683,,930,666,71.61%,666,71.61%,666,71.61%,0,0.00%,0,0.00%
684,5287.0,301,250,83.06%,247,82.06%,250,83.06%,0,0.00%,3,1.00%
685,,301,250,83.06%,247,82.06%,250,83.06%,0,0.00%,3,1.00%
686,8231.0,308,163,52.92%,138,44.81%,163,52.92%,0,0.00%,25,8.12%
687,9999.0,4,0,0.00%,0,0.00%,0,0.00%,0,0.00%,0,0.00%
688,,312,163,52.24%,138,44.23%,163,52.24%,0,0.00%,25,8.01%
689,,"5,332","3,804",71.34%,"3,725",69.86%,"3,856",72.32%,52,0.98%,79,1.48%
690,6218.0,41,24,58.54%,21,51.22%,24,58.54%,0,0.00%,3,7.32%
691,,41,24,58.54%,21,51.22%,24,58.54%,0,0.00%,3,7.32%
692,1989.0,51,32,62.75%,32,62.75%,32,62.75%,0,0.00%,0,0.00%
693,,51,32,62.75%,32,62.75%,32,62.75%,0,0.00%,0,0.00%
694,5169.0,135,78,57.78%,78,57.78%,83,61.48%,5,3.70%,0,0.00%
695,,135,78,57.78%,78,57.78%,83,61.48%,5,3.70%,0,0.00%
696,,227,134,59.03%,131,57.71%,139,61.23%,5,2.20%,3,1.32%
697,7770.0,74,41,55.41%,40,54.05%,48,64.86%,7,9.46%,1,1.35%
698,,74,41,55.41%,40,54.05%,48,64.86%,7,9.46%,1,1.35%
699,1998.0,132,52,39.39%,41,31.06%,52,39.39%,0,0.00%,11,8.33%
700,,132,52,39.39%,41,31.06%,52,39.39%,0,0.00%,11,8.33%
701,7515.0,175,158,90.29%,158,90.29%,159,90.86%,1,0.57%,0,0.00%
702,8417.0,502,93,18.53%,82,16.33%,93,18.53%,0,0.00%,11,2.19%
703,9999.0,6,0,0.00%,0,0.00%,0,0.00%,0,0.00%,0,0.00%
704,,683,251,36.75%,240,35.14%,252,36.90%,1,0.15%,11,1.61%
705,6737.0,143,91,63.64%,91,63.64%,91,63.64%,0,0.00%,0,0.00%
706,9999.0,1,0,0.00%,0,0.00%,0,0.00%,0,0.00%,0,0.00%
707,,144,91,63.19%,91,63.19%,91,63.19%,0,0.00%,0,0.00%
708,2037.0,149,87,58.39%,85,57.05%,90,60.40%,3,2.01%,2,1.34%
709,9999.0,1,1,100.00%,0,0.00%,1,100.00%,0,0.00%,1,100.00%
710,,150,88,58.67%,85,56.67%,91,60.67%,3,2.00%,3,2.00%
711,2040.0,177,98,55.37%,98,55.37%,102,57.63%,4,2.26%,0,0.00%
712,9999.0,4,0,0.00%,0,0.00%,0,0.00%,0,0.00%,0,0.00%
713,,181,98,54.14%,98,54.14%,102,56.35%,4,2.21%,0,0.00%
714,2043.0,107,44,41.12%,43,40.19%,50,46.73%,6,5.61%,1,0.93%
715,9999.0,1,0,0.00%,0,0.00%,0,0.00%,0,0.00%,0,0.00%
716,,108,44,40.74%,43,39.81%,50,46.30%,6,5.56%,1,0.93%
717,7948.0,161,111,68.94%,111,68.94%,111,68.94%,0,0.00%,0,0.00%
718,9999.0,4,0,0.00%,0,0.00%,0,0.00%,0,0.00%,0,0.00%
719,,165,111,67.27%,111,67.27%,111,67.27%,0,0.00%,0,0.00%
720,4817.0,76,33,43.42%,33,43.42%,36,47.37%,3,3.95%,0,0.00%
721,9999.0,1,0,0.00%,0,0.00%,0,0.00%,0,0.00%,0,0.00%
722,,77,33,42.86%,33,42.86%,36,46.75%,3,3.90%,0,0.00%
723,8071.0,498,290,58.23%,281,56.43%,301,60.44%,11,2.21%,9,1.81%
724,9999.0,3,0,0.00%,0,0.00%,0,0.00%,0,0.00%,0,0.00%
725,,501,290,57.88%,281,56.09%,301,60.08%,11,2.20%,9,1.80%
726,6145.0,104,54,51.92%,54,51.92%,55,52.88%,1,0.96%,0,0.00%
727,,104,54,51.92%,54,51.92%,55,52.88%,1,0.96%,0,0.00%
728,6745.0,103,54,52.43%,48,46.60%,57,55.34%,3,2.91%,6,5.83%
729,,103,54,52.43%,48,46.60%,57,55.34%,3,2.91%,6,5.83%
730,2075.0,81,29,35.80%,29,35.80%,30,37.04%,1,1.23%,0,0.00%
731,,81,29,35.80%,29,35.80%,30,37.04%,1,1.23%,0,0.00%
732,6148.0,93,37,39.78%,36,38.71%,40,43.01%,3,3.23%,1,1.08%
733,,93,37,39.78%,36,38.71%,40,43.01%,3,3.23%,1,1.08%
734,,"2,596","1,273",49.04%,"1,230",47.38%,"1,316",50.69%,43,1.66%,43,1.66%
735,6001.0,224,88,39.29%,88,39.29%,104,46.43%,16,7.14%,0,0.00%
736,,224,88,39.29%,88,39.29%,104,46.43%,16,7.14%,0,0.00%
737,4818.0,106,56,52.83%,46,43.40%,64,60.38%,8,7.55%,10,9.43%
738,,106,56,52.83%,46,43.40%,64,60.38%,8,7.55%,10,9.43%
739,5228.0,218,97,44.50%,96,44.04%,97,44.50%,0,0.00%,1,0.46%
740,9999.0,3,0,0.00%,0,0.00%,0,0.00%,0,0.00%,0,0.00%
741,,221,97,43.89%,96,43.44%,97,43.89%,0,0.00%,1,0.45%
742,2126.0,84,61,72.62%,61,72.62%,61,72.62%,0,0.00%,0,0.00%
743,9999.0,4,0,0.00%,0,0.00%,0,0.00%,0,0.00%,0,0.00%
744,,88,61,69.32%,61,69.32%,61,69.32%,0,0.00%,0,0.00%
745,6600.0,195,118,60.51%,115,58.97%,121,62.05%,3,1.54%,3,1.54%
746,9999.0,4,0,0.00%,0,0.00%,0,0.00%,0,0.00%,0,0.00%
747,,199,118,59.30%,115,57.79%,121,60.80%,3,1.51%,3,1.51%
748,6643.0,62,12,19.35%,12,19.35%,16,25.81%,4,6.45%,0,0.00%
749,,62,12,19.35%,12,19.35%,16,25.81%,4,6.45%,0,0.00%
750,2184.0,145,80,55.17%,71,48.97%,85,58.62%,5,3.45%,9,6.21%
751,9999.0,1,0,0.00%,0,0.00%,0,0.00%,0,0.00%,0,0.00%
752,,146,80,54.79%,71,48.63%,85,58.22%,5,3.42%,9,6.16%
753,,"1,046",512,48.95%,489,46.75%,548,52.39%,36,3.44%,23,2.20%
754,6159.0,13,5,38.46%,4,30.77%,5,38.46%,0,0.00%,1,7.69%
755,6161.0,15,10,66.67%,10,66.67%,10,66.67%,0,0.00%,0,0.00%
756,9999.0,6,0,0.00%,0,0.00%,0,0.00%,0,0.00%,0,0.00%
757,,34,15,44.12%,14,41.18%,15,44.12%,0,0.00%,1,2.94%
758,,34,15,44.12%,14,41.18%,15,44.12%,0,0.00%,1,2.94%
759,2191.0,467,118,25.27%,118,25.27%,119,25.48%,1,0.21%,0,0.00%
760,8244.0,172,79,45.93%,77,44.77%,82,47.67%,3,1.74%,2,1.16%
761,9999.0,6,0,0.00%,0,0.00%,0,0.00%,0,0.00%,0,0.00%
762,,645,197,30.54%,195,30.23%,201,31.16%,4,0.62%,2,0.31%
763,2201.0,39,14,35.90%,14,35.90%,17,43.59%,3,7.69%,0,0.00%
764,,39,14,35.90%,14,35.90%,17,43.59%,3,7.69%,0,0.00%
765,2206.0,239,139,58.16%,133,55.65%,142,59.41%,3,1.26%,6,2.51%
766,,239,139,58.16%,133,55.65%,142,59.41%,3,1.26%,6,2.51%
767,6280.0,147,75,51.02%,67,45.58%,75,51.02%,0,0.00%,8,5.44%
768,,147,75,51.02%,67,45.58%,75,51.02%,0,0.00%,8,5.44%
769,2243.0,296,156,52.70%,155,52.36%,167,56.42%,11,3.72%,1,0.34%
770,9999.0,15,0,0.00%,0,0.00%,0,0.00%,0,0.00%,0,0.00%
771,,311,156,50.16%,155,49.84%,167,53.70%,11,3.54%,1,0.32%
772,,"1,381",581,42.07%,564,40.84%,602,43.59%,21,1.52%,17,1.23%
773,6252.0,46,17,36.96%,16,34.78%,22,47.83%,5,10.87%,1,2.17%
774,,46,17,36.96%,16,34.78%,22,47.83%,5,10.87%,1,2.17%
775,2246.0,19,13,68.42%,13,68.42%,13,68.42%,0,0.00%,0,0.00%
776,,19,13,68.42%,13,68.42%,13,68.42%,0,0.00%,0,0.00%
777,2253.0,45,19,42.22%,19,42.22%,19,42.22%,0,0.00%,0,0.00%
778,,45,19,42.22%,19,42.22%,19,42.22%,0,0.00%,0,0.00%
779,,110,49,44.55%,48,43.64%,54,49.09%,5,4.55%,1,0.91%
780,7112.0,71,41,57.75%,36,50.70%,41,57.75%,0,0.00%,5,7.04%
781,,71,41,57.75%,36,50.70%,41,57.75%,0,0.00%,5,7.04%
782,5118.0,128,72,56.25%,72,56.25%,77,60.16%,5,3.91%,0,0.00%
783,,128,72,56.25%,72,56.25%,77,60.16%,5,3.91%,0,0.00%
784,2280.0,54,27,50.00%,27,50.00%,28,51.85%,1,1.85%,0,0.00%
785,,54,27,50.00%,27,50.00%,28,51.85%,1,1.85%,0,0.00%
786,2284.0,31,17,54.84%,13,41.94%,17,54.84%,0,0.00%,4,12.90%
787,9999.0,7,2,28.57%,2,28.57%,2,28.57%,0,0.00%,0,0.00%
788,,38,19,50.00%,15,39.47%,19,50.00%,0,0.00%,4,10.53%
789,8442.0,46,28,60.87%,28,60.87%,30,65.22%,2,4.35%,0,0.00%
790,,46,28,60.87%,28,60.87%,30,65.22%,2,4.35%,0,0.00%
791,,337,187,55.49%,178,52.82%,195,57.86%,8,2.37%,9,2.67%
792,2305.0,108,57,52.78%,54,50.00%,61,56.48%,4,3.70%,3,2.78%
793,9999.0,1,0,0.00%,0,0.00%,0,0.00%,0,0.00%,0,0.00%
794,,109,57,52.29%,54,49.54%,61,55.96%,4,3.67%,3,2.75%
795,2308.0,54,27,50.00%,27,50.00%,30,55.56%,3,5.56%,0,0.00%
796,,54,27,50.00%,27,50.00%,30,55.56%,3,5.56%,0,0.00%
797,7944.0,76,27,35.53%,26,34.21%,29,38.16%,2,2.63%,1,1.32%
798,,76,27,35.53%,26,34.21%,29,38.16%,2,2.63%,1,1.32%
799,2313.0,67,33,49.25%,31,46.27%,34,50.75%,1,1.49%,2,2.99%
800,,67,33,49.25%,31,46.27%,34,50.75%,1,1.49%,2,2.99%
801,7762.0,17,0,0.00%,0,0.00%,0,0.00%,0,0.00%,0,0.00%
802,,17,0,0.00%,0,0.00%,0,0.00%,0,0.00%,0,0.00%
803,,323,144,44.58%,138,42.72%,154,47.68%,10,3.10%,6,1.86%
804,8487.0,101,43,42.57%,42,41.58%,47,46.53%,4,3.96%,1,0.99%
805,9999.0,1,0,0.00%,0,0.00%,0,0.00%,0,0.00%,0,0.00%
806,,102,43,42.16%,42,41.18%,47,46.08%,4,3.92%,1,0.98%
807,2331.0,70,48,68.57%,47,67.14%,48,68.57%,0,0.00%,1,1.43%
808,,70,48,68.57%,47,67.14%,48,68.57%,0,0.00%,1,1.43%
809,2325.0,226,149,65.93%,130,57.52%,149,65.93%,0,0.00%,19,8.41%
810,9999.0,3,0,0.00%,0,0.00%,0,0.00%,0,0.00%,0,0.00%
811,,229,149,65.07%,130,56.77%,149,65.07%,0,0.00%,19,8.30%
812,2339.0,92,46,50.00%,45,48.91%,50,54.35%,4,4.35%,1,1.09%
813,9999.0,1,0,0.00%,0,0.00%,0,0.00%,0,0.00%,0,0.00%
814,,93,46,49.46%,45,48.39%,50,53.76%,4,4.30%,1,1.08%
815,2345.0,54,28,51.85%,27,50.00%,29,53.70%,1,1.85%,1,1.85%
816,9999.0,4,1,25.00%,1,25.00%,1,25.00%,0,0.00%,0,0.00%
817,,58,29,50.00%,28,48.28%,30,51.72%,1,1.72%,1,1.72%
818,2350.0,72,35,48.61%,31,43.06%,37,51.39%,2,2.78%,4,5.56%
819,9999.0,1,0,0.00%,0,0.00%,0,0.00%,0,0.00%,0,0.00%
820,,73,35,47.95%,31,42.47%,37,50.68%,2,2.74%,4,5.48%
821,2358.0,75,39,52.00%,38,50.67%,39,52.00%,0,0.00%,1,1.33%
822,9999.0,4,0,0.00%,0,0.00%,0,0.00%,0,0.00%,0,0.00%
823,,79,39,49.37%,38,48.10%,39,49.37%,0,0.00%,1,1.27%
824,,704,389,55.26%,361,51.28%,400,56.82%,11,1.56%,28,3.98%
825,2362.0,82,36,43.90%,32,39.02%,40,48.78%,4,4.88%,4,4.88%
826,9999.0,1,0,0.00%,0,0.00%,0,0.00%,0,0.00%,0,0.00%
827,,83,36,43.37%,32,38.55%,40,48.19%,4,4.82%,4,4.82%
828,6162.0,108,61,56.48%,61,56.48%,62,57.41%,1,0.93%,0,0.00%
829,,108,61,56.48%,61,56.48%,62,57.41%,1,0.93%,0,0.00%
830,5180.0,70,11,15.71%,10,14.29%,11,15.71%,0,0.00%,1,1.43%
831,,70,11,15.71%,10,14.29%,11,15.71%,0,0.00%,1,1.43%
832,6165.0,115,60,52.17%,50,43.48%,60,52.17%,0,0.00%,10,8.70%
833,9999.0,7,0,0.00%,0,0.00%,0,0.00%,0,0.00%,0,0.00%
834,,122,60,49.18%,50,40.98%,60,49.18%,0,0.00%,10,8.20%
835,,383,168,43.86%,153,39.95%,173,45.17%,5,1.31%,15,3.92%
836,2394.0,77,38,49.35%,38,49.35%,39,50.65%,1,1.30%,0,0.00%
837,6255.0,130,43,33.08%,41,31.54%,52,40.00%,9,6.92%,2,1.54%
838,,207,81,39.13%,79,38.16%,91,43.96%,10,4.83%,2,0.97%
839,,207,81,39.13%,79,38.16%,91,43.96%,10,4.83%,2,0.97%
840,5091.0,224,194,86.61%,190,84.82%,194,86.61%,0,0.00%,4,1.79%
841,,224,194,86.61%,190,84.82%,194,86.61%,0,0.00%,4,1.79%
842,2420.0,119,56,47.06%,56,47.06%,58,48.74%,2,1.68%,0,0.00%
843,,119,56,47.06%,56,47.06%,58,48.74%,2,1.68%,0,0.00%
844,8312.0,110,87,79.09%,87,79.09%,91,82.73%,4,3.64%,0,0.00%
845,,110,87,79.09%,87,79.09%,91,82.73%,4,3.64%,0,0.00%
846,6404.0,80,53,66.25%,52,65.00%,54,67.50%,1,1.25%,1,1.25%
847,,80,53,66.25%,52,65.00%,54,67.50%,1,1.25%,1,1.25%
848,8304.0,135,76,56.30%,76,56.30%,77,57.04%,1,0.74%,0,0.00%
849,9999.0,2,0,0.00%,0,0.00%,0,0.00%,0,0.00%,0,0.00%
850,,137,76,55.47%,76,55.47%,77,56.20%,1,0.73%,0,0.00%
851,2446.0,229,154,67.25%,154,67.25%,157,68.56%,3,1.31%,0,0.00%
852,9999.0,4,0,0.00%,0,0.00%,0,0.00%,0,0.00%,0,0.00%
853,,233,154,66.09%,154,66.09%,157,67.38%,3,1.29%,0,0.00%
854,2449.0,63,47,74.60%,47,74.60%,47,74.60%,0,0.00%,0,0.00%
855,,63,47,74.60%,47,74.60%,47,74.60%,0,0.00%,0,0.00%
856,2496.0,101,65,64.36%,65,64.36%,68,67.33%,3,2.97%,0,0.00%
857,9999.0,2,0,0.00%,0,0.00%,0,0.00%,0,0.00%,0,0.00%
858,,103,65,63.11%,65,63.11%,68,66.02%,3,2.91%,0,0.00%
859,2489.0,273,106,38.83%,105,38.46%,127,46.52%,21,7.69%,1,0.37%
860,6413.0,381,185,48.56%,175,45.93%,187,49.08%,2,0.52%,10,2.62%
861,9999.0,4,0,0.00%,0,0.00%,0,0.00%,0,0.00%,0,0.00%
862,,658,291,44.22%,280,42.55%,314,47.72%,23,3.50%,11,1.67%
863,6775.0,198,119,60.10%,119,60.10%,121,61.11%,2,1.01%,0,0.00%
864,,198,119,60.10%,119,60.10%,121,61.11%,2,1.01%,0,0.00%
865,,"1,925","1,142",59.32%,"1,126",58.49%,"1,181",61.35%,39,2.03%,16,0.83%
866,6290.0,236,132,55.93%,124,52.54%,133,56.36%,1,0.42%,8,3.39%
867,9999.0,11,0,0.00%,0,0.00%,0,0.00%,0,0.00%,0,0.00%
868,,247,132,53.44%,124,50.20%,133,53.85%,1,0.40%,8,3.24%
869,2515.0,91,38,41.76%,32,35.16%,38,41.76%,0,0.00%,6,6.59%
870,9999.0,2,0,0.00%,0,0.00%,0,0.00%,0,0.00%,0,0.00%
871,,93,38,40.86%,32,34.41%,38,40.86%,0,0.00%,6,6.45%
872,2532.0,303,185,61.06%,185,61.06%,185,61.06%,0,0.00%,0,0.00%
873,9999.0,16,5,31.25%,5,31.25%,5,31.25%,0,0.00%,0,0.00%
874,,319,190,59.56%,190,59.56%,190,59.56%,0,0.00%,0,0.00%
875,2539.0,227,110,48.46%,110,48.46%,112,49.34%,2,0.88%,0,0.00%
876,9999.0,6,0,0.00%,0,0.00%,0,0.00%,0,0.00%,0,0.00%
877,,233,110,47.21%,110,47.21%,112,48.07%,2,0.86%,0,0.00%
878,2554.0,221,101,45.70%,99,44.80%,105,47.51%,4,1.81%,2,0.90%
879,9999.0,4,0,0.00%,0,0.00%,0,0.00%,0,0.00%,0,0.00%
880,,225,101,44.89%,99,44.00%,105,46.67%,4,1.78%,2,0.89%
881,2562.0,301,186,61.79%,186,61.79%,191,63.46%,5,1.66%,0,0.00%
882,9999.0,8,0,0.00%,0,0.00%,0,0.00%,0,0.00%,0,0.00%
883,,309,186,60.19%,186,60.19%,191,61.81%,5,1.62%,0,0.00%
884,6293.0,302,156,51.66%,141,46.69%,165,54.64%,9,2.98%,15,4.97%
885,9999.0,1,0,0.00%,0,0.00%,0,0.00%,0,0.00%,0,0.00%
886,,303,156,51.49%,141,46.53%,165,54.46%,9,2.97%,15,4.95%
887,7538.0,19,9,47.37%,9,47.37%,9,47.37%,0,0.00%,0,0.00%
888,,19,9,47.37%,9,47.37%,9,47.37%,0,0.00%,0,0.00%
889,2578.0,517,342,66.15%,342,66.15%,342,66.15%,0,0.00%,0,0.00%
890,9999.0,9,0,0.00%,0,0.00%,0,0.00%,0,0.00%,0,0.00%
891,,526,342,65.02%,342,65.02%,342,65.02%,0,0.00%,0,0.00%
892,2607.0,217,142,65.44%,126,58.06%,143,65.90%,1,0.46%,16,7.37%
893,9999.0,3,0,0.00%,0,0.00%,0,0.00%,0,0.00%,0,0.00%
894,,220,142,64.55%,126,57.27%,143,65.00%,1,0.45%,16,7.27%
895,2596.0,541,289,53.42%,272,50.28%,318,58.78%,29,5.36%,17,3.14%
896,7922.0,133,8,6.02%,7,5.26%,8,6.02%,0,0.00%,1,0.75%
897,9999.0,6,0,0.00%,0,0.00%,0,0.00%,0,0.00%,0,0.00%
898,,680,297,43.68%,279,41.03%,326,47.94%,29,4.26%,18,2.65%
899,2618.0,231,115,49.78%,107,46.32%,120,51.95%,5,2.16%,8,3.46%
900,9999.0,1,0,0.00%,0,0.00%,0,0.00%,0,0.00%,0,0.00%
901,,232,115,49.57%,107,46.12%,120,51.72%,5,2.16%,8,3.45%
902,2623.0,438,315,71.92%,299,68.26%,330,75.34%,15,3.42%,16,3.65%
903,9999.0,6,2,33.33%,2,33.33%,2,33.33%,0,0.00%,0,0.00%
904,,444,317,71.40%,301,67.79%,332,74.77%,15,3.38%,16,3.60%
905,2633.0,402,230,57.21%,223,55.47%,240,59.70%,10,2.49%,7,1.74%
906,9999.0,6,2,33.33%,2,33.33%,2,33.33%,0,0.00%,0,0.00%
907,,408,232,56.86%,225,55.15%,242,59.31%,10,2.45%,7,1.72%
908,2649.0,123,44,35.77%,38,30.89%,54,43.90%,10,8.13%,6,4.88%
909,9999.0,6,1,16.67%,1,16.67%,1,16.67%,0,0.00%,0,0.00%
910,,129,45,34.88%,39,30.23%,55,42.64%,10,7.75%,6,4.65%
911,2658.0,236,0,0.00%,0,0.00%,0,0.00%,0,0.00%,0,0.00%
912,9999.0,3,0,0.00%,0,0.00%,0,0.00%,0,0.00%,0,0.00%
913,,239,0,0.00%,0,0.00%,0,0.00%,0,0.00%,0,0.00%
914,2663.0,324,204,62.96%,179,55.25%,204,62.96%,0,0.00%,25,7.72%
915,,324,204,62.96%,179,55.25%,204,62.96%,0,0.00%,25,7.72%
916,,"4,950","2,616",52.85%,"2,489",50.28%,"2,707",54.69%,91,1.84%,127,2.57%
917,2675.0,107,71,66.36%,68,63.55%,73,68.22%,2,1.87%,3,2.80%
918,9999.0,6,1,16.67%,1,16.67%,1,16.67%,0,0.00%,0,0.00%
919,,113,72,63.72%,69,61.06%,74,65.49%,2,1.77%,3,2.65%
920,2680.0,90,1,1.11%,1,1.11%,1,1.11%,0,0.00%,0,0.00%
921,9999.0,1,0,0.00%,0,0.00%,0,0.00%,0,0.00%,0,0.00%
922,,91,1,1.10%,1,1.10%,1,1.10%,0,0.00%,0,0.00%
923,4940.0,123,22,17.89%,21,17.07%,23,18.70%,1,0.81%,1,0.81%
924,,123,22,17.89%,21,17.07%,23,18.70%,1,0.81%,1,0.81%
925,2686.0,124,71,57.26%,67,54.03%,73,58.87%,2,1.61%,4,3.23%
926,,124,71,57.26%,67,54.03%,73,58.87%,2,1.61%,4,3.23%
927,2689.0,96,75,78.13%,74,77.08%,78,81.25%,3,3.13%,1,1.04%
928,,96,75,78.13%,74,77.08%,78,81.25%,3,3.13%,1,1.04%
929,2704.0,159,87,54.72%,82,51.57%,91,57.23%,4,2.52%,5,3.14%
930,9999.0,25,0,0.00%,0,0.00%,0,0.00%,0,0.00%,0,0.00%
931,,184,87,47.28%,82,44.57%,91,49.46%,4,2.17%,5,2.72%
932,2708.0,78,56,71.79%,56,71.79%,66,84.62%,10,12.82%,0,0.00%
933,9999.0,2,0,0.00%,0,0.00%,0,0.00%,0,0.00%,0,0.00%
934,,80,56,70.00%,56,70.00%,66,82.50%,10,12.50%,0,0.00%
935,2712.0,44,28,63.64%,28,63.64%,30,68.18%,2,4.55%,0,0.00%
936,9999.0,2,0,0.00%,0,0.00%,0,0.00%,0,0.00%,0,0.00%
937,,46,28,60.87%,28,60.87%,30,65.22%,2,4.35%,0,0.00%
938,2721.0,74,53,71.62%,49,66.22%,55,74.32%,2,2.70%,4,5.41%
939,,74,53,71.62%,49,66.22%,55,74.32%,2,2.70%,4,5.41%
940,,931,465,49.95%,447,48.01%,491,52.74%,26,2.79%,18,1.93%
941,2725.0,97,53,54.64%,53,54.64%,59,60.82%,6,6.19%,0,0.00%
942,,97,53,54.64%,53,54.64%,59,60.82%,6,6.19%,0,0.00%
943,4800.0,372,192,51.61%,172,46.24%,193,51.88%,1,0.27%,20,5.38%
944,,372,192,51.61%,172,46.24%,193,51.88%,1,0.27%,20,5.38%
945,2740.0,168,85,50.60%,85,50.60%,85,50.60%,0,0.00%,0,0.00%
946,9999.0,2,0,0.00%,0,0.00%,0,0.00%,0,0.00%,0,0.00%
947,,170,85,50.00%,85,50.00%,85,50.00%,0,0.00%,0,0.00%
948,5155.0,290,101,34.83%,99,34.14%,103,35.52%,2,0.69%,2,0.69%
949,9999.0,3,0,0.00%,0,0.00%,0,0.00%,0,0.00%,0,0.00%
950,,293,101,34.47%,99,33.79%,103,35.15%,2,0.68%,2,0.68%
951,2760.0,150,65,43.33%,65,43.33%,66,44.00%,1,0.67%,0,0.00%
952,9999.0,5,0,0.00%,0,0.00%,0,0.00%,0,0.00%,0,0.00%
953,,155,65,41.94%,65,41.94%,66,42.58%,1,0.65%,0,0.00%
954,2766.0,273,179,65.57%,178,65.20%,179,65.57%,0,0.00%,1,0.37%
955,9999.0,3,0,0.00%,0,0.00%,0,0.00%,0,0.00%,0,0.00%
956,,276,179,64.86%,178,64.49%,179,64.86%,0,0.00%,1,0.36%
957,,"1,363",675,49.52%,652,47.84%,685,50.26%,10,0.73%,23,1.69%
958,2794.0,568,274,48.24%,267,47.01%,289,50.88%,15,2.64%,7,1.23%
959,2795.0,413,184,44.55%,182,44.07%,205,49.64%,21,5.08%,2,0.48%
960,8412.0,80,43,53.75%,43,53.75%,48,60.00%,5,6.25%,0,0.00%
961,9999.0,138,1,0.72%,1,0.72%,2,1.45%,1,0.72%,0,0.00%
962,,"1,199",502,41.87%,493,41.12%,544,45.37%,42,3.50%,9,0.75%
963,2798.0,124,71,57.26%,67,54.03%,71,57.26%,0,0.00%,4,3.23%
964,,124,71,57.26%,67,54.03%,71,57.26%,0,0.00%,4,3.23%
965,2809.0,658,511,77.66%,510,77.51%,521,79.18%,10,1.52%,1,0.15%
966,9999.0,14,0,0.00%,0,0.00%,0,0.00%,0,0.00%,0,0.00%
967,,672,511,76.04%,510,75.89%,521,77.53%,10,1.49%,1,0.15%
968,8401.0,37,23,62.16%,23,62.16%,27,72.97%,4,10.81%,0,0.00%
969,,37,23,62.16%,23,62.16%,27,72.97%,4,10.81%,0,0.00%
970,2818.0,104,63,60.58%,63,60.58%,64,61.54%,1,0.96%,0,0.00%
971,9999.0,1,0,0.00%,0,0.00%,0,0.00%,0,0.00%,0,0.00%
972,,105,63,60.00%,63,60.00%,64,60.95%,1,0.95%,0,0.00%
973,2821.0,186,153,82.26%,149,80.11%,154,82.80%,1,0.54%,4,2.15%
974,9999.0,1,1,100.00%,1,100.00%,1,100.00%,0,0.00%,0,0.00%
975,,187,154,82.35%,150,80.21%,155,82.89%,1,0.53%,4,2.14%
976,2829.0,777,643,82.75%,642,82.63%,654,84.17%,11,1.42%,1,0.13%
977,9999.0,2,0,0.00%,0,0.00%,0,0.00%,0,0.00%,0,0.00%
978,,779,643,82.54%,642,82.41%,654,83.95%,11,1.41%,1,0.13%
979,8371.0,55,4,7.27%,4,7.27%,4,7.27%,0,0.00%,0,0.00%
980,,55,4,7.27%,4,7.27%,4,7.27%,0,0.00%,0,0.00%
981,2833.0,108,81,75.00%,79,73.15%,81,75.00%,0,0.00%,2,1.85%
982,,108,81,75.00%,79,73.15%,81,75.00%,0,0.00%,2,1.85%
983,2839.0,264,207,78.41%,206,78.03%,212,80.30%,5,1.89%,1,0.38%
984,9999.0,4,3,75.00%,3,75.00%,3,75.00%,0,0.00%,0,0.00%
985,,268,210,78.36%,209,77.99%,215,80.22%,5,1.87%,1,0.37%
986,2848.0,385,260,67.53%,244,63.38%,260,67.53%,0,0.00%,16,4.16%
987,9999.0,4,1,25.00%,1,25.00%,1,25.00%,0,0.00%,0,0.00%
988,,389,261,67.10%,245,62.98%,261,67.10%,0,0.00%,16,4.11%
989,8325.0,102,66,64.71%,63,61.76%,69,67.65%,3,2.94%,3,2.94%
990,,102,66,64.71%,63,61.76%,69,67.65%,3,2.94%,3,2.94%
991,8125.0,52,47,90.38%,47,90.38%,49,94.23%,2,3.85%,0,0.00%
992,,52,47,90.38%,47,90.38%,49,94.23%,2,3.85%,0,0.00%
993,,"4,077","2,636",64.66%,"2,595",63.65%,"2,715",66.59%,79,1.94%,41,1.01%
994,8446.0,258,186,72.09%,184,71.32%,187,72.48%,1,0.39%,2,0.78%
995,9999.0,1,0,0.00%,0,0.00%,0,0.00%,0,0.00%,0,0.00%
996,,259,186,71.81%,184,71.04%,187,72.20%,1,0.39%,2,0.77%
997,2869.0,181,139,76.80%,139,76.80%,141,77.90%,2,1.10%,0,0.00%
998,9999.0,4,0,0.00%,0,0.00%,0,0.00%,0,0.00%,0,0.00%
999,,185,139,75.14%,139,75.14%,141,76.22%,2,1.08%,0,0.00%
1000,5242.0,161,87,54.04%,87,54.04%,87,54.04%,0,0.00%,0,0.00%
1001,9999.0,2,0,0.00%,0,0.00%,0,0.00%,0,0.00%,0,0.00%
1002,,163,87,53.37%,87,53.37%,87,53.37%,0,0.00%,0,0.00%
1003,2891.0,151,0,0.00%,0,0.00%,0,0.00%,0,0.00%,0,0.00%
1004,9999.0,2,0,0.00%,0,0.00%,0,0.00%,0,0.00%,0,0.00%
1005,,153,0,0.00%,0,0.00%,0,0.00%,0,0.00%,0,0.00%
1006,7348.0,756,354,46.83%,343,45.37%,382,50.53%,28,3.70%,11,1.46%
1007,9999.0,1,0,0.00%,0,0.00%,0,0.00%,0,0.00%,0,0.00%
1008,,757,354,46.76%,343,45.31%,382,50.46%,28,3.70%,11,1.45%
1009,2924.0,144,110,76.39%,110,76.39%,116,80.56%,6,4.17%,0,0.00%
1010,,144,110,76.39%,110,76.39%,116,80.56%,6,4.17%,0,0.00%
1011,2958.0,80,48,60.00%,48,60.00%,54,67.50%,6,7.50%,0,0.00%
1012,9999.0,2,0,0.00%,0,0.00%,0,0.00%,0,0.00%,0,0.00%
1013,,82,48,58.54%,48,58.54%,54,65.85%,6,7.32%,0,0.00%
1014,5058.0,245,180,73.47%,179,73.06%,183,74.69%,3,1.22%,1,0.41%
1015,,245,180,73.47%,179,73.06%,183,74.69%,3,1.22%,1,0.41%
1016,5059.0,96,25,26.04%,25,26.04%,26,27.08%,1,1.04%,0,0.00%
1017,,96,25,26.04%,25,26.04%,26,27.08%,1,1.04%,0,0.00%
1018,8448.0,20,20,100.00%,20,100.00%,20,100.00%,0,0.00%,0,0.00%
1019,8495.0,487,247,50.72%,231,47.43%,247,50.72%,0,0.00%,16,3.29%
1020,9999.0,29,2,6.90%,2,6.90%,2,6.90%,0,0.00%,0,0.00%
1021,,536,269,50.19%,253,47.20%,269,50.19%,0,0.00%,16,2.99%
1022,6390.0,174,136,78.16%,136,78.16%,136,78.16%,0,0.00%,0,0.00%
1023,9999.0,2,0,0.00%,0,0.00%,0,0.00%,0,0.00%,0,0.00%
1024,,176,136,77.27%,136,77.27%,136,77.27%,0,0.00%,0,0.00%
1025,6391.0,328,175,53.35%,175,53.35%,181,55.18%,6,1.83%,0,0.00%
1026,9999.0,14,0,0.00%,0,0.00%,0,0.00%,0,0.00%,0,0.00%
1027,,342,175,51.17%,175,51.17%,181,52.92%,6,1.75%,0,0.00%
1028,,"3,138","1,709",54.46%,"1,679",53.51%,"1,762",56.15%,53,1.69%,30,0.96%
1029,6364.0,96,48,50.00%,48,50.00%,52,54.17%,4,4.17%,0,0.00%
1030,,96,48,50.00%,48,50.00%,52,54.17%,4,4.17%,0,0.00%
1031,3034.0,149,79,53.02%,79,53.02%,81,54.36%,2,1.34%,0,0.00%
1032,,149,79,53.02%,79,53.02%,81,54.36%,2,1.34%,0,0.00%
1033,4828.0,110,71,64.55%,70,63.64%,72,65.45%,1,0.91%,1,0.91%
1034,,110,71,64.55%,70,63.64%,72,65.45%,1,0.91%,1,0.91%
1035,3040.0,61,37,60.66%,30,49.18%,38,62.30%,1,1.64%,7,11.48%
1036,9999.0,2,0,0.00%,0,0.00%,0,0.00%,0,0.00%,0,0.00%
1037,,63,37,58.73%,30,47.62%,38,60.32%,1,1.59%,7,11.11%
1038,3045.0,129,94,72.87%,93,72.09%,98,75.97%,4,3.10%,1,0.78%
1039,,129,94,72.87%,93,72.09%,98,75.97%,4,3.10%,1,0.78%
1040,3048.0,79,40,50.63%,40,50.63%,40,50.63%,0,0.00%,0,0.00%
1041,9999.0,1,0,0.00%,0,0.00%,0,0.00%,0,0.00%,0,0.00%
1042,,80,40,50.00%,40,50.00%,40,50.00%,0,0.00%,0,0.00%
1043,3056.0,102,58,56.86%,58,56.86%,61,59.80%,3,2.94%,0,0.00%
1044,,102,58,56.86%,58,56.86%,61,59.80%,3,2.94%,0,0.00%
1045,6368.0,310,0,0.00%,0,0.00%,0,0.00%,0,0.00%,0,0.00%
1046,9999.0,4,0,0.00%,0,0.00%,0,0.00%,0,0.00%,0,0.00%
1047,,314,0,0.00%,0,0.00%,0,0.00%,0,0.00%,0,0.00%
1048,,"1,043",427,40.94%,418,40.08%,442,42.38%,15,1.44%,9,0.86%
1049,4691.0,160,89,55.63%,75,46.88%,90,56.25%,1,0.63%,14,8.75%
1050,,160,89,55.63%,75,46.88%,90,56.25%,1,0.63%,14,8.75%
1051,5245.0,74,39,52.70%,32,43.24%,43,58.11%,4,5.41%,7,9.46%
1052,9999.0,1,1,100.00%,0,0.00%,1,100.00%,0,0.00%,1,100.00%
1053,,75,40,53.33%,32,42.67%,44,58.67%,4,5.33%,8,10.67%
1054,3107.0,35,21,60.00%,21,60.00%,21,60.00%,0,0.00%,0,0.00%
1055,,35,21,60.00%,21,60.00%,21,60.00%,0,0.00%,0,0.00%
1056,3111.0,58,28,48.28%,28,48.28%,29,50.00%,1,1.72%,0,0.00%
1057,9999.0,2,0,0.00%,0,0.00%,0,0.00%,0,0.00%,0,0.00%
1058,,60,28,46.67%,28,46.67%,29,48.33%,1,1.67%,0,0.00%
1059,3117.0,42,34,80.95%,34,80.95%,34,80.95%,0,0.00%,0,0.00%
1060,,42,34,80.95%,34,80.95%,34,80.95%,0,0.00%,0,0.00%
1061,,372,212,56.99%,190,51.08%,218,58.60%,6,1.61%,22,5.91%
1062,6122.0,30,16,53.33%,12,40.00%,16,53.33%,0,0.00%,4,13.33%
1063,,30,16,53.33%,12,40.00%,16,53.33%,0,0.00%,4,13.33%
1064,5248.0,45,20,44.44%,20,44.44%,36,80.00%,16,35.56%,0,0.00%
1065,,45,20,44.44%,20,44.44%,36,80.00%,16,35.56%,0,0.00%
1066,3137.0,102,49,48.04%,46,45.10%,60,58.82%,11,10.78%,3,2.94%
1067,,102,49,48.04%,46,45.10%,60,58.82%,11,10.78%,3,2.94%
1068,7506.0,30,4,13.33%,2,6.67%,5,16.67%,1,3.33%,2,6.67%
1069,,30,4,13.33%,2,6.67%,5,16.67%,1,3.33%,2,6.67%
1070,3145.0,150,112,74.67%,104,69.33%,115,76.67%,3,2.00%,8,5.33%
1071,6125.0,6,1,16.67%,1,16.67%,1,16.67%,0,0.00%,0,0.00%
1072,,156,113,72.44%,105,67.31%,116,74.36%,3,1.92%,8,5.13%
1073,3150.0,151,110,72.85%,106,70.20%,113,74.83%,3,1.99%,4,2.65%
1074,9999.0,3,0,0.00%,0,0.00%,0,0.00%,0,0.00%,0,0.00%
1075,,154,110,71.43%,106,68.83%,113,73.38%,3,1.95%,4,2.60%
1076,6126.0,40,26,65.00%,25,62.50%,27,67.50%,1,2.50%,1,2.50%
1077,,40,26,65.00%,25,62.50%,27,67.50%,1,2.50%,1,2.50%
1078,8481.0,83,39,46.99%,39,46.99%,41,49.40%,2,2.41%,0,0.00%
1079,,83,39,46.99%,39,46.99%,41,49.40%,2,2.41%,0,0.00%
1080,3158.0,72,34,47.22%,33,45.83%,45,62.50%,11,15.28%,1,1.39%
1081,9999.0,1,0,0.00%,0,0.00%,0,0.00%,0,0.00%,0,0.00%
1082,,73,34,46.58%,33,45.21%,45,61.64%,11,15.07%,1,1.37%
1083,3165.0,82,54,65.85%,48,58.54%,57,69.51%,3,3.66%,6,7.32%
1084,,82,54,65.85%,48,58.54%,57,69.51%,3,3.66%,6,7.32%
1085,8093.0,103,56,54.37%,56,54.37%,56,54.37%,0,0.00%,0,0.00%
1086,,103,56,54.37%,56,54.37%,56,54.37%,0,0.00%,0,0.00%
1087,3124.0,113,74,65.49%,74,65.49%,75,66.37%,1,0.88%,0,0.00%
1088,,113,74,65.49%,74,65.49%,75,66.37%,1,0.88%,0,0.00%
1089,6129.0,68,36,52.94%,33,48.53%,37,54.41%,1,1.47%,3,4.41%
1090,,68,36,52.94%,33,48.53%,37,54.41%,1,1.47%,3,4.41%
1091,,"1,079",631,58.48%,599,55.51%,684,63.39%,53,4.91%,32,2.97%
1092,8187.0,320,131,40.94%,114,35.63%,131,40.94%,0,0.00%,17,5.31%
1093,,320,131,40.94%,114,35.63%,131,40.94%,0,0.00%,17,5.31%
1094,,320,131,40.94%,114,35.63%,131,40.94%,0,0.00%,17,5.31%
1095,7866.0,16,15,93.75%,15,93.75%,15,93.75%,0,0.00%,0,0.00%
1096,,16,15,93.75%,15,93.75%,15,93.75%,0,0.00%,0,0.00%
1097,6935.0,346,236,68.21%,233,67.34%,240,69.36%,4,1.16%,3,0.87%
1098,7641.0,237,87,36.71%,87,36.71%,87,36.71%,0,0.00%,0,0.00%
1099,9999.0,2,0,0.00%,0,0.00%,0,0.00%,0,0.00%,0,0.00%
1100,,585,323,55.21%,320,54.70%,327,55.90%,4,0.68%,3,0.51%
1101,3210.0,300,145,48.33%,133,44.33%,148,49.33%,3,1.00%,12,4.00%
1102,9999.0,5,2,40.00%,2,40.00%,2,40.00%,0,0.00%,0,0.00%
1103,,305,147,48.20%,135,44.26%,150,49.18%,3,0.98%,12,3.93%
1104,3216.0,325,204,62.77%,202,62.15%,208,64.00%,4,1.23%,2,0.62%
1105,7738.0,409,171,41.81%,167,40.83%,178,43.52%,7,1.71%,4,0.98%
1106,9999.0,1,0,0.00%,0,0.00%,0,0.00%,0,0.00%,0,0.00%
1107,,735,375,51.02%,369,50.20%,386,52.52%,11,1.50%,6,0.82%
1108,3224.0,363,164,45.18%,164,45.18%,164,45.18%,0,0.00%,0,0.00%
1109,,363,164,45.18%,164,45.18%,164,45.18%,0,0.00%,0,0.00%
1110,,"2,004","1,024",51.10%,"1,003",50.05%,"1,042",52.00%,18,0.90%,21,1.05%
1111,7687.0,209,78,37.32%,77,36.84%,89,42.58%,11,5.26%,1,0.48%
1112,,209,78,37.32%,77,36.84%,89,42.58%,11,5.26%,1,0.48%
1113,3241.0,629,401,63.75%,396,62.96%,412,65.50%,11,1.75%,5,0.79%
1114,9999.0,2,0,0.00%,0,0.00%,0,0.00%,0,0.00%,0,0.00%
1115,,631,401,63.55%,396,62.76%,412,65.29%,11,1.74%,5,0.79%
1116,3260.0,337,251,74.48%,251,74.48%,274,81.31%,23,6.82%,0,0.00%
1117,9999.0,10,2,20.00%,2,20.00%,2,20.00%,0,0.00%,0,0.00%
1118,,347,253,72.91%,253,72.91%,276,79.54%,23,6.63%,0,0.00%
1119,3333.0,355,291,81.97%,288,81.13%,294,82.82%,3,0.85%,3,0.85%
1120,9999.0,11,0,0.00%,0,0.00%,0,0.00%,0,0.00%,0,0.00%
1121,,366,291,79.51%,288,78.69%,294,80.33%,3,0.82%,3,0.82%
1122,3272.0,350,290,82.86%,289,82.57%,296,84.57%,6,1.71%,1,0.29%
1123,9999.0,5,0,0.00%,0,0.00%,0,0.00%,0,0.00%,0,0.00%
1124,,355,290,81.69%,289,81.41%,296,83.38%,6,1.69%,1,0.28%
1125,8049.0,48,42,87.50%,42,87.50%,43,89.58%,1,2.08%,0,0.00%
1126,9999.0,1,1,100.00%,1,100.00%,1,100.00%,0,0.00%,0,0.00%
1127,,49,43,87.76%,43,87.76%,44,89.80%,1,2.04%,0,0.00%
1128,3295.0,370,331,89.46%,331,89.46%,331,89.46%,0,0.00%,0,0.00%
1129,3296.0,302,290,96.03%,288,95.36%,290,96.03%,0,0.00%,2,0.66%
1130,9999.0,4,0,0.00%,0,0.00%,0,0.00%,0,0.00%,0,0.00%
1131,,676,621,91.86%,619,91.57%,621,91.86%,0,0.00%,2,0.30%
1132,4960.0,177,160,90.40%,160,90.40%,160,90.40%,0,0.00%,0,0.00%
1133,,177,160,90.40%,160,90.40%,160,90.40%,0,0.00%,0,0.00%
1134,3305.0,439,380,86.56%,377,85.88%,386,87.93%,6,1.37%,3,0.68%
1135,9999.0,4,0,0.00%,0,0.00%,1,25.00%,1,25.00%,0,0.00%
1136,,443,380,85.78%,377,85.10%,387,87.36%,7,1.58%,3,0.68%
1137,6729.0,424,246,58.02%,223,52.59%,246,58.02%,0,0.00%,23,5.42%
1138,6998.0,52,10,19.23%,9,17.31%,10,19.23%,0,0.00%,1,1.92%
1139,9999.0,8,0,0.00%,0,0.00%,0,0.00%,0,0.00%,0,0.00%
1140,,484,256,52.89%,232,47.93%,256,52.89%,0,0.00%,24,4.96%
1141,5345.0,999,727,72.77%,724,72.47%,733,73.37%,6,0.60%,3,0.30%
1142,9999.0,14,4,28.57%,4,28.57%,4,28.57%,0,0.00%,0,0.00%
1143,,"1,013",731,72.16%,728,71.87%,737,72.75%,6,0.59%,3,0.30%
1144,3328.0,464,368,79.31%,366,78.88%,374,80.60%,6,1.29%,2,0.43%
1145,9999.0,4,0,0.00%,0,0.00%,0,0.00%,0,0.00%,0,0.00%
1146,,468,368,78.63%,366,78.21%,374,79.91%,6,1.28%,2,0.43%
1147,3338.0,234,71,30.34%,71,30.34%,74,31.62%,3,1.28%,0,0.00%
1148,9999.0,3,0,0.00%,0,0.00%,0,0.00%,0,0.00%,0,0.00%
1149,,237,71,29.96%,71,29.96%,74,31.22%,3,1.27%,0,0.00%
1150,3348.0,176,69,39.20%,69,39.20%,94,53.41%,25,14.20%,0,0.00%
1151,,176,69,39.20%,69,39.20%,94,53.41%,25,14.20%,0,0.00%
1152,3354.0,496,0,0.00%,0,0.00%,0,0.00%,0,0.00%,0,0.00%
1153,9999.0,8,0,0.00%,0,0.00%,0,0.00%,0,0.00%,0,0.00%
1154,,504,0,0.00%,0,0.00%,0,0.00%,0,0.00%,0,0.00%
1155,3376.0,177,119,67.23%,119,67.23%,120,67.80%,1,0.56%,0,0.00%
1156,9999.0,5,0,0.00%,0,0.00%,0,0.00%,0,0.00%,0,0.00%
1157,,182,119,65.38%,119,65.38%,120,65.93%,1,0.55%,0,0.00%
1158,3367.0,618,535,86.57%,535,86.57%,545,88.19%,10,1.62%,0,0.00%
1159,9999.0,7,2,28.57%,2,28.57%,3,42.86%,1,14.29%,0,0.00%
1160,,625,537,85.92%,537,85.92%,548,87.68%,11,1.76%,0,0.00%
1161,5078.0,331,304,91.84%,302,91.24%,304,91.84%,0,0.00%,2,0.60%
1162,9999.0,1,0,0.00%,0,0.00%,0,0.00%,0,0.00%,0,0.00%
1163,,332,304,91.57%,302,90.96%,304,91.57%,0,0.00%,2,0.60%
1164,3395.0,271,218,80.44%,216,79.70%,219,80.81%,1,0.37%,2,0.74%
1165,9999.0,17,2,11.76%,2,11.76%,2,11.76%,0,0.00%,0,0.00%
1166,,288,220,76.39%,218,75.69%,221,76.74%,1,0.35%,2,0.69%
1167,3401.0,251,179,71.31%,177,70.52%,179,71.31%,0,0.00%,2,0.80%
1168,9999.0,2,0,0.00%,0,0.00%,0,0.00%,0,0.00%,0,0.00%
1169,,253,179,70.75%,177,69.96%,179,70.75%,0,0.00%,2,0.79%
1170,5081.0,230,140,60.87%,137,59.57%,140,60.87%,0,0.00%,3,1.30%
1171,9999.0,2,0,0.00%,0,0.00%,0,0.00%,0,0.00%,0,0.00%
1172,,232,140,60.34%,137,59.05%,140,60.34%,0,0.00%,3,1.29%
1173,3247.0,350,305,87.14%,305,87.14%,306,87.43%,1,0.29%,0,0.00%
1174,9999.0,3,0,0.00%,0,0.00%,0,0.00%,0,0.00%,0,0.00%
1175,,353,305,86.40%,305,86.40%,306,86.69%,1,0.28%,0,0.00%
1176,7858.0,526,161,30.61%,156,29.66%,177,33.65%,16,3.04%,5,0.95%
1177,9999.0,2,0,0.00%,0,0.00%,0,0.00%,0,0.00%,0,0.00%
1178,,528,161,30.49%,156,29.55%,177,33.52%,16,3.03%,5,0.95%
1179,,"8,928","5,977",66.95%,"5,919",66.30%,"6,109",68.43%,132,1.48%,58,0.65%
1180,3425.0,162,101,62.35%,101,62.35%,103,63.58%,2,1.23%,0,0.00%
1181,,162,101,62.35%,101,62.35%,103,63.58%,2,1.23%,0,0.00%
1182,,162,101,62.35%,101,62.35%,103,63.58%,2,1.23%,0,0.00%
1183,7681.0,91,74,81.32%,74,81.32%,74,81.32%,0,0.00%,0,0.00%
1184,9999.0,3,0,0.00%,0,0.00%,0,0.00%,0,0.00%,0,0.00%
1185,,94,74,78.72%,74,78.72%,74,78.72%,0,0.00%,0,0.00%
1186,3434.0,217,150,69.12%,150,69.12%,150,69.12%,0,0.00%,0,0.00%
1187,9999.0,3,0,0.00%,0,0.00%,0,0.00%,0,0.00%,0,0.00%
1188,,220,150,68.18%,150,68.18%,150,68.18%,0,0.00%,0,0.00%
1189,3465.0,579,348,60.10%,341,58.89%,356,61.49%,8,1.38%,7,1.21%
1190,4957.0,459,300,65.36%,288,62.75%,308,67.10%,8,1.74%,12,2.61%
1191,9999.0,5,1,20.00%,1,20.00%,1,20.00%,0,0.00%,0,0.00%
1192,,"1,043",649,62.22%,630,60.40%,665,63.76%,16,1.53%,19,1.82%
1193,7634.0,152,114,75.00%,114,75.00%,114,75.00%,0,0.00%,0,0.00%
1194,,152,114,75.00%,114,75.00%,114,75.00%,0,0.00%,0,0.00%
1195,3482.0,594,392,65.99%,392,65.99%,397,66.84%,5,0.84%,0,0.00%
1196,,594,392,65.99%,392,65.99%,397,66.84%,5,0.84%,0,0.00%
1197,3495.0,364,288,79.12%,288,79.12%,294,80.77%,6,1.65%,0,0.00%
1198,9999.0,6,0,0.00%,0,0.00%,0,0.00%,0,0.00%,0,0.00%
1199,,370,288,77.84%,288,77.84%,294,79.46%,6,1.62%,0,0.00%
1200,3505.0,457,328,71.77%,317,69.37%,338,73.96%,10,2.19%,11,2.41%
1201,,457,328,71.77%,317,69.37%,338,73.96%,10,2.19%,11,2.41%
1202,6439.0,122,95,77.87%,95,77.87%,97,79.51%,2,1.64%,0,0.00%
1203,,122,95,77.87%,95,77.87%,97,79.51%,2,1.64%,0,0.00%
1204,5352.0,188,142,75.53%,142,75.53%,142,75.53%,0,0.00%,0,0.00%
1205,9999.0,5,0,0.00%,0,0.00%,0,0.00%,0,0.00%,0,0.00%
1206,,193,142,73.58%,142,73.58%,142,73.58%,0,0.00%,0,0.00%
1207,3522.0,169,120,71.01%,120,71.01%,124,73.37%,4,2.37%,0,0.00%
1208,9999.0,5,0,0.00%,0,0.00%,0,0.00%,0,0.00%,0,0.00%
1209,,174,120,68.97%,120,68.97%,124,71.26%,4,2.30%,0,0.00%
1210,,"3,419","2,352",68.79%,"2,322",67.91%,"2,395",70.05%,43,1.26%,30,0.88%
1211,3532.0,93,55,59.14%,53,56.99%,58,62.37%,3,3.23%,2,2.15%
1212,,93,55,59.14%,53,56.99%,58,62.37%,3,3.23%,2,2.15%
1213,3541.0,134,67,50.00%,65,48.51%,69,51.49%,2,1.49%,2,1.49%
1214,,134,67,50.00%,65,48.51%,69,51.49%,2,1.49%,2,1.49%
1215,6936.0,76,32,42.11%,32,42.11%,32,42.11%,0,0.00%,0,0.00%
1216,,76,32,42.11%,32,42.11%,32,42.11%,0,0.00%,0,0.00%
1217,7893.0,176,70,39.77%,70,39.77%,70,39.77%,0,0.00%,0,0.00%
1218,,176,70,39.77%,70,39.77%,70,39.77%,0,0.00%,0,0.00%
1219,3569.0,186,88,47.31%,76,40.86%,93,50.00%,5,2.69%,12,6.45%
1220,9999.0,1,0,0.00%,0,0.00%,0,0.00%,0,0.00%,0,0.00%
1221,,187,88,47.06%,76,40.64%,93,49.73%,5,2.67%,12,6.42%
1222,5103.0,105,56,53.33%,54,51.43%,59,56.19%,3,2.86%,2,1.90%
1223,9999.0,1,0,0.00%,0,0.00%,0,0.00%,0,0.00%,0,0.00%
1224,,106,56,52.83%,54,50.94%,59,55.66%,3,2.83%,2,1.89%
1225,,772,368,47.67%,350,45.34%,381,49.35%,13,1.68%,18,2.33%
1226,6341.0,60,34,56.67%,32,53.33%,34,56.67%,0,0.00%,2,3.33%
1227,9999.0,1,0,0.00%,0,0.00%,0,0.00%,0,0.00%,0,0.00%
1228,,61,34,55.74%,32,52.46%,34,55.74%,0,0.00%,2,3.28%
1229,7930.0,76,30,39.47%,30,39.47%,32,42.11%,2,2.63%,0,0.00%
1230,9999.0,1,0,0.00%,0,0.00%,0,0.00%,0,0.00%,0,0.00%
1231,,77,30,38.96%,30,38.96%,32,41.56%,2,2.60%,0,0.00%
1232,3589.0,80,44,55.00%,44,55.00%,44,55.00%,0,0.00%,0,0.00%
1233,9999.0,1,0,0.00%,0,0.00%,0,0.00%,0,0.00%,0,0.00%
1234,,81,44,54.32%,44,54.32%,44,54.32%,0,0.00%,0,0.00%
1235,3596.0,154,81,52.60%,79,51.30%,83,53.90%,2,1.30%,2,1.30%
1236,,154,81,52.60%,79,51.30%,83,53.90%,2,1.30%,2,1.30%
1237,,373,189,50.67%,185,49.60%,193,51.74%,4,1.07%,4,1.07%
1238,7744.0,90,0,0.00%,0,0.00%,0,0.00%,0,0.00%,0,0.00%
1239,,90,0,0.00%,0,0.00%,0,0.00%,0,0.00%,0,0.00%
1240,8083.0,37,30,81.08%,30,81.08%,34,91.89%,4,10.81%,0,0.00%
1241,9999.0,2,0,0.00%,0,0.00%,0,0.00%,0,0.00%,0,0.00%
1242,,39,30,76.92%,30,76.92%,34,87.18%,4,10.26%,0,0.00%
1243,7678.0,92,64,69.57%,59,64.13%,69,75.00%,5,5.43%,5,5.43%
1244,,92,64,69.57%,59,64.13%,69,75.00%,5,5.43%,5,5.43%
1245,7685.0,18,0,0.00%,0,0.00%,0,0.00%,0,0.00%,0,0.00%
1246,,18,0,0.00%,0,0.00%,0,0.00%,0,0.00%,0,0.00%
1247,7737.0,156,64,41.03%,63,40.38%,65,41.67%,1,0.64%,1,0.64%
1248,,156,64,41.03%,63,40.38%,65,41.67%,1,0.64%,1,0.64%
1249,7750.0,65,40,61.54%,40,61.54%,52,80.00%,12,18.46%,0,0.00%
1250,,65,40,61.54%,40,61.54%,52,80.00%,12,18.46%,0,0.00%
1251,7777.0,55,31,56.36%,31,56.36%,33,60.00%,2,3.64%,0,0.00%
1252,,55,31,56.36%,31,56.36%,33,60.00%,2,3.64%,0,0.00%
1253,7909.0,117,94,80.34%,88,75.21%,99,84.62%,5,4.27%,6,5.13%
1254,,117,94,80.34%,88,75.21%,99,84.62%,5,4.27%,6,5.13%
1255,7910.0,113,0,0.00%,0,0.00%,0,0.00%,0,0.00%,0,0.00%
1256,,113,0,0.00%,0,0.00%,0,0.00%,0,0.00%,0,0.00%
1257,8359.0,97,64,65.98%,62,63.92%,88,90.72%,24,24.74%,2,2.06%
1258,,97,64,65.98%,62,63.92%,88,90.72%,24,24.74%,2,2.06%
1259,8216.0,77,37,48.05%,37,48.05%,49,63.64%,12,15.58%,0,0.00%
1260,,77,37,48.05%,37,48.05%,49,63.64%,12,15.58%,0,0.00%
1261,7510.0,134,78,58.21%,78,58.21%,82,61.19%,4,2.99%,0,0.00%
1262,,134,78,58.21%,78,58.21%,82,61.19%,4,2.99%,0,0.00%
1263,7513.0,94,11,11.70%,11,11.70%,13,13.83%,2,2.13%,0,0.00%
1264,,94,11,11.70%,11,11.70%,13,13.83%,2,2.13%,0,0.00%
1265,7540.0,121,75,61.98%,74,61.16%,76,62.81%,1,0.83%,1,0.83%
1266,,121,75,61.98%,74,61.16%,76,62.81%,1,0.83%,1,0.83%
1267,7542.0,128,78,60.94%,78,60.94%,89,69.53%,11,8.59%,0,0.00%
1268,,128,78,60.94%,78,60.94%,89,69.53%,11,8.59%,0,0.00%
1269,7546.0,50,35,70.00%,35,70.00%,41,82.00%,6,12.00%,0,0.00%
1270,,50,35,70.00%,35,70.00%,41,82.00%,6,12.00%,0,0.00%
1271,7574.0,121,82,67.77%,82,67.77%,92,76.03%,10,8.26%,0,0.00%
1272,,121,82,67.77%,82,67.77%,92,76.03%,10,8.26%,0,0.00%
1273,7582.0,88,85,96.59%,85,96.59%,87,98.86%,2,2.27%,0,0.00%
1274,,88,85,96.59%,85,96.59%,87,98.86%,2,2.27%,0,0.00%
1275,7586.0,108,77,71.30%,76,70.37%,78,72.22%,1,0.93%,1,0.93%
1276,,108,77,71.30%,76,70.37%,78,72.22%,1,0.93%,1,0.93%
1277,7587.0,96,69,71.88%,69,71.88%,74,77.08%,5,5.21%,0,0.00%
1278,9999.0,1,0,0.00%,0,0.00%,0,0.00%,0,0.00%,0,0.00%
1279,,97,69,71.13%,69,71.13%,74,76.29%,5,5.15%,0,0.00%
1280,7588.0,72,0,0.00%,0,0.00%,0,0.00%,0,0.00%,0,0.00%
1281,,72,0,0.00%,0,0.00%,0,0.00%,0,0.00%,0,0.00%
1282,7647.0,150,134,89.33%,134,89.33%,134,89.33%,0,0.00%,0,0.00%
1283,9999.0,1,0,0.00%,0,0.00%,0,0.00%,0,0.00%,0,0.00%
1284,,151,134,88.74%,134,88.74%,134,88.74%,0,0.00%,0,0.00%
1285,7649.0,155,93,60.00%,91,58.71%,106,68.39%,13,8.39%,2,1.29%
1286,,155,93,60.00%,91,58.71%,106,68.39%,13,8.39%,2,1.29%
1287,7665.0,158,89,56.33%,77,48.73%,96,60.76%,7,4.43%,12,7.59%
1288,,158,89,56.33%,77,48.73%,96,60.76%,7,4.43%,12,7.59%
1289,7666.0,287,204,71.08%,202,70.38%,209,72.82%,5,1.74%,2,0.70%
1290,,287,204,71.08%,202,70.38%,209,72.82%,5,1.74%,2,0.70%
1291,8205.0,387,113,29.20%,110,28.42%,146,37.73%,33,8.53%,3,0.78%
1292,,387,113,29.20%,110,28.42%,146,37.73%,33,8.53%,3,0.78%
1293,7672.0,126,78,61.90%,78,61.90%,88,69.84%,10,7.94%,0,0.00%
1294,9999.0,1,0,0.00%,0,0.00%,0,0.00%,0,0.00%,0,0.00%
1295,,127,78,61.42%,78,61.42%,88,69.29%,10,7.87%,0,0.00%
1296,8207.0,212,72,33.96%,72,33.96%,97,45.75%,25,11.79%,0,0.00%
1297,,212,72,33.96%,72,33.96%,97,45.75%,25,11.79%,0,0.00%
1298,8358.0,117,75,64.10%,75,64.10%,75,64.10%,0,0.00%,0,0.00%
1299,,117,75,64.10%,75,64.10%,75,64.10%,0,0.00%,0,0.00%
1300,3728.0,10,0,0.00%,0,0.00%,0,0.00%,0,0.00%,0,0.00%
1301,3808.0,114,105,92.11%,105,92.11%,105,92.11%,0,0.00%,0,0.00%
1302,3816.0,167,81,48.50%,74,44.31%,91,54.49%,10,5.99%,7,4.19%
1303,3818.0,147,8,5.44%,8,5.44%,8,5.44%,0,0.00%,0,0.00%
1304,3841.0,158,89,56.33%,76,48.10%,94,59.49%,5,3.16%,13,8.23%
1305,3842.0,79,30,37.97%,27,34.18%,37,46.84%,7,8.86%,3,3.80%
1306,3843.0,126,50,39.68%,47,37.30%,50,39.68%,0,0.00%,3,2.38%
1307,3844.0,187,106,56.68%,90,48.13%,115,61.50%,9,4.81%,16,8.56%
1308,3845.0,335,179,53.43%,149,44.48%,192,57.31%,13,3.88%,30,8.96%
1309,3847.0,120,43,35.83%,36,30.00%,46,38.33%,3,2.50%,7,5.83%
1310,3848.0,593,402,67.79%,398,67.12%,407,68.63%,5,0.84%,4,0.67%
1311,3849.0,170,39,22.94%,34,20.00%,46,27.06%,7,4.12%,5,2.94%
1312,3850.0,153,45,29.41%,41,26.80%,50,32.68%,5,3.27%,4,2.61%
1313,3851.0,63,19,30.16%,16,25.40%,24,38.10%,5,7.94%,3,4.76%
1314,3855.0,659,471,71.47%,437,66.31%,485,73.60%,14,2.12%,34,5.16%
1315,3857.0,76,44,57.89%,33,43.42%,49,64.47%,5,6.58%,11,14.47%
1316,3859.0,130,50,38.46%,42,32.31%,54,41.54%,4,3.08%,8,6.15%
1317,3860.0,76,35,46.05%,33,43.42%,38,50.00%,3,3.95%,2,2.63%
1318,3861.0,82,49,59.76%,44,53.66%,49,59.76%,0,0.00%,5,6.10%
1319,6527.0,263,147,55.89%,135,51.33%,158,60.08%,11,4.18%,12,4.56%
1320,6548.0,51,37,72.55%,33,64.71%,38,74.51%,1,1.96%,4,7.84%
1321,6675.0,66,34,51.52%,26,39.39%,36,54.55%,2,3.03%,8,12.12%
1322,6822.0,194,147,75.77%,142,73.20%,153,78.87%,6,3.09%,5,2.58%
1323,6996.0,182,46,25.27%,45,24.73%,47,25.82%,1,0.55%,1,0.55%
1324,7023.0,198,175,88.38%,172,86.87%,177,89.39%,2,1.01%,3,1.52%
1325,7070.0,108,77,71.30%,72,66.67%,80,74.07%,3,2.78%,5,4.63%
1326,7072.0,131,78,59.54%,70,53.44%,89,67.94%,11,8.40%,8,6.11%
1327,7229.0,93,52,55.91%,50,53.76%,53,56.99%,1,1.08%,2,2.15%
1328,7245.0,87,45,51.72%,38,43.68%,54,62.07%,9,10.34%,7,8.05%
1329,7255.0,2,0,0.00%,0,0.00%,0,0.00%,0,0.00%,0,0.00%
1330,7664.0,58,52,89.66%,51,87.93%,55,94.83%,3,5.17%,1,1.72%
1331,7780.0,79,61,77.22%,54,68.35%,63,79.75%,2,2.53%,7,8.86%
1332,7782.0,110,92,83.64%,92,83.64%,94,85.45%,2,1.82%,0,0.00%
1333,7808.0,55,41,74.55%,38,69.09%,44,80.00%,3,5.45%,3,5.45%
1334,7811.0,86,62,72.09%,55,63.95%,68,79.07%,6,6.98%,7,8.14%
1335,7813.0,45,20,44.44%,11,24.44%,25,55.56%,5,11.11%,9,20.00%
1336,7815.0,78,52,66.67%,45,57.69%,55,70.51%,3,3.85%,7,8.97%
1337,7850.0,61,35,57.38%,32,52.46%,41,67.21%,6,9.84%,3,4.92%
1338,7852.0,101,20,19.80%,18,17.82%,22,21.78%,2,1.98%,2,1.98%
1339,7855.0,107,40,37.38%,34,31.78%,40,37.38%,0,0.00%,6,5.61%
1340,7903.0,134,54,40.30%,51,38.06%,59,44.03%,5,3.73%,3,2.24%
1341,7904.0,324,251,77.47%,244,75.31%,258,79.63%,7,2.16%,7,2.16%
1342,7905.0,78,60,76.92%,58,74.36%,63,80.77%,3,3.85%,2,2.56%
1343,7906.0,122,63,51.64%,62,50.82%,65,53.28%,2,1.64%,1,0.82%
1344,8039.0,141,102,72.34%,98,69.50%,106,75.18%,4,2.84%,4,2.84%
1345,8293.0,44,26,59.09%,24,54.55%,29,65.91%,3,6.82%,2,4.55%
1346,8298.0,121,41,33.88%,33,27.27%,44,36.36%,3,2.48%,8,6.61%
1347,8328.0,42,17,40.48%,17,40.48%,17,40.48%,0,0.00%,0,0.00%
1348,8329.0,31,14,45.16%,14,45.16%,15,48.39%,1,3.23%,0,0.00%
1349,8330.0,105,72,68.57%,71,67.62%,73,69.52%,1,0.95%,1,0.95%
1350,8331.0,29,15,51.72%,14,48.28%,19,65.52%,4,13.79%,1,3.45%
1351,8332.0,71,50,70.42%,48,67.61%,53,74.65%,3,4.23%,2,2.82%
1352,8385.0,1,0,0.00%,0,0.00%,0,0.00%,0,0.00%,0,0.00%
1353,8386.0,13,7,53.85%,5,38.46%,7,53.85%,0,0.00%,2,15.38%
1354,8388.0,76,36,47.37%,29,38.16%,40,52.63%,4,5.26%,7,9.21%
1355,8440.0,94,67,71.28%,60,63.83%,72,76.60%,5,5.32%,7,7.45%
1356,9999.0,414,156,37.68%,114,27.54%,182,43.96%,26,6.28%,42,10.14%
1357,,"7,440","4,189",56.30%,"3,845",51.68%,"4,434",59.60%,245,3.29%,344,4.62%
1358,8195.0,74,30,40.54%,30,40.54%,30,40.54%,0,0.00%,0,0.00%
1359,,74,30,40.54%,30,40.54%,30,40.54%,0,0.00%,0,0.00%
1360,7961.0,89,41,46.07%,41,46.07%,48,53.93%,7,7.87%,0,0.00%
1361,,89,41,46.07%,41,46.07%,48,53.93%,7,7.87%,0,0.00%
1362,8148.0,60,24,40.00%,24,40.00%,39,65.00%,15,25.00%,0,0.00%
1363,,60,24,40.00%,24,40.00%,39,65.00%,15,25.00%,0,0.00%
1364,7981.0,88,56,63.64%,56,63.64%,57,64.77%,1,1.14%,0,0.00%
1365,,88,56,63.64%,56,63.64%,57,64.77%,1,1.14%,0,0.00%
1366,8126.0,83,54,65.06%,54,65.06%,56,67.47%,2,2.41%,0,0.00%
1367,9999.0,2,0,0.00%,0,0.00%,0,0.00%,0,0.00%,0,0.00%
1368,,85,54,63.53%,54,63.53%,56,65.88%,2,2.35%,0,0.00%
1369,,"11,362","6,266",55.15%,"5,887",51.81%,"6,736",59.29%,470,4.14%,379,3.34%
1370,4310.0,248,152,61.29%,147,59.27%,152,61.29%,0,0.00%,5,2.02%
1371,,248,152,61.29%,147,59.27%,152,61.29%,0,0.00%,5,2.02%
1372,5261.0,333,173,51.95%,173,51.95%,186,55.86%,13,3.90%,0,0.00%
1373,,333,173,51.95%,173,51.95%,186,55.86%,13,3.90%,0,0.00%
1374,,581,325,55.94%,320,55.08%,338,58.18%,13,2.24%,5,0.86%
1375,6222.0,12,6,50.00%,6,50.00%,6,50.00%,0,0.00%,0,0.00%
1376,,12,6,50.00%,6,50.00%,6,50.00%,0,0.00%,0,0.00%
1377,3869.0,51,35,68.63%,34,66.67%,38,74.51%,3,5.88%,1,1.96%
1378,,51,35,68.63%,34,66.67%,38,74.51%,3,5.88%,1,1.96%
1379,6223.0,15,4,26.67%,4,26.67%,6,40.00%,2,13.33%,0,0.00%
1380,,15,4,26.67%,4,26.67%,6,40.00%,2,13.33%,0,0.00%
1381,3875.0,29,17,58.62%,16,55.17%,17,58.62%,0,0.00%,1,3.45%
1382,9999.0,1,0,0.00%,0,0.00%,0,0.00%,0,0.00%,0,0.00%
1383,,30,17,56.67%,16,53.33%,17,56.67%,0,0.00%,1,3.33%
1384,3877.0,21,11,52.38%,11,52.38%,11,52.38%,0,0.00%,0,0.00%
1385,,21,11,52.38%,11,52.38%,11,52.38%,0,0.00%,0,0.00%
1386,,129,73,56.59%,71,55.04%,78,60.47%,5,3.88%,2,1.55%
1387,3891.0,201,114,56.72%,114,56.72%,123,61.19%,9,4.48%,0,0.00%
1388,9999.0,1,0,0.00%,0,0.00%,0,0.00%,0,0.00%,0,0.00%
1389,,202,114,56.44%,114,56.44%,123,60.89%,9,4.46%,0,0.00%
1390,8403.0,52,24,46.15%,21,40.38%,27,51.92%,3,5.77%,3,5.77%
1391,,52,24,46.15%,21,40.38%,27,51.92%,3,5.77%,3,5.77%
1392,6583.0,73,38,52.05%,36,49.32%,39,53.42%,1,1.37%,2,2.74%
1393,9999.0,1,0,0.00%,0,0.00%,0,0.00%,0,0.00%,0,0.00%
1394,,74,38,51.35%,36,48.65%,39,52.70%,1,1.35%,2,2.70%
1395,8161.0,8,1,12.50%,1,12.50%,1,12.50%,0,0.00%,0,0.00%
1396,,8,1,12.50%,1,12.50%,1,12.50%,0,0.00%,0,0.00%
1397,3883.0,149,79,53.02%,77,51.68%,81,54.36%,2,1.34%,2,1.34%
1398,,149,79,53.02%,77,51.68%,81,54.36%,2,1.34%,2,1.34%
1399,3910.0,118,52,44.07%,52,44.07%,58,49.15%,6,5.08%,0,0.00%
1400,,118,52,44.07%,52,44.07%,58,49.15%,6,5.08%,0,0.00%
1401,3924.0,233,134,57.51%,122,52.36%,139,59.66%,5,2.15%,12,5.15%
1402,9999.0,1,0,0.00%,0,0.00%,0,0.00%,0,0.00%,0,0.00%
1403,,234,134,57.26%,122,52.14%,139,59.40%,5,2.14%,12,5.13%
1404,3940.0,74,37,50.00%,36,48.65%,41,55.41%,4,5.41%,1,1.35%
1405,9999.0,1,0,0.00%,0,0.00%,0,0.00%,0,0.00%,0,0.00%
1406,,75,37,49.33%,36,48.00%,41,54.67%,4,5.33%,1,1.33%
1407,5264.0,81,42,51.85%,42,51.85%,43,53.09%,1,1.23%,0,0.00%
1408,,81,42,51.85%,42,51.85%,43,53.09%,1,1.23%,0,0.00%
1409,5070.0,134,121,90.30%,119,88.81%,124,92.54%,3,2.24%,2,1.49%
1410,,134,121,90.30%,119,88.81%,124,92.54%,3,2.24%,2,1.49%
1411,3957.0,65,42,64.62%,42,64.62%,42,64.62%,0,0.00%,0,0.00%
1412,9999.0,1,0,0.00%,0,0.00%,0,0.00%,0,0.00%,0,0.00%
1413,,66,42,63.64%,42,63.64%,42,63.64%,0,0.00%,0,0.00%
1414,3914.0,58,23,39.66%,21,36.21%,23,39.66%,0,0.00%,2,3.45%
1415,,58,23,39.66%,21,36.21%,23,39.66%,0,0.00%,2,3.45%
1416,,"1,251",707,56.51%,683,54.60%,741,59.23%,34,2.72%,24,1.92%
1417,3962.0,143,40,27.97%,40,27.97%,42,29.37%,2,1.40%,0,0.00%
1418,9999.0,2,0,0.00%,0,0.00%,0,0.00%,0,0.00%,0,0.00%
1419,,145,40,27.59%,40,27.59%,42,28.97%,2,1.38%,0,0.00%
1420,3969.0,172,102,59.30%,97,56.40%,103,59.88%,1,0.58%,5,2.91%
1421,9999.0,1,0,0.00%,0,0.00%,0,0.00%,0,0.00%,0,0.00%
1422,,173,102,58.96%,97,56.07%,103,59.54%,1,0.58%,5,2.89%
1423,,318,142,44.65%,137,43.08%,145,45.60%,3,0.94%,5,1.57%
1424,6207.0,54,32,59.26%,31,57.41%,32,59.26%,0,0.00%,1,1.85%
1425,,54,32,59.26%,31,57.41%,32,59.26%,0,0.00%,1,1.85%
1426,3978.0,85,65,76.47%,64,75.29%,66,77.65%,1,1.18%,1,1.18%
1427,9999.0,2,0,0.00%,0,0.00%,0,0.00%,0,0.00%,0,0.00%
1428,,87,65,74.71%,64,73.56%,66,75.86%,1,1.15%,1,1.15%
1429,3994.0,53,31,58.49%,29,54.72%,31,58.49%,0,0.00%,2,3.77%
1430,9999.0,2,0,0.00%,0,0.00%,0,0.00%,0,0.00%,0,0.00%
1431,,55,31,56.36%,29,52.73%,31,56.36%,0,0.00%,2,3.64%
1432,3988.0,72,44,61.11%,42,58.33%,44,61.11%,0,0.00%,2,2.78%
1433,9999.0,2,0,0.00%,0,0.00%,0,0.00%,0,0.00%,0,0.00%
1434,,74,44,59.46%,42,56.76%,44,59.46%,0,0.00%,2,2.70%
1435,6210.0,43,27,62.79%,26,60.47%,28,65.12%,1,2.33%,1,2.33%
1436,,43,27,62.79%,26,60.47%,28,65.12%,1,2.33%,1,2.33%
1437,4002.0,21,10,47.62%,10,47.62%,12,57.14%,2,9.52%,0,0.00%
1438,,21,10,47.62%,10,47.62%,12,57.14%,2,9.52%,0,0.00%
1439,4006.0,40,19,47.50%,18,45.00%,20,50.00%,1,2.50%,1,2.50%
1440,,40,19,47.50%,18,45.00%,20,50.00%,1,2.50%,1,2.50%
1441,6800.0,26,11,42.31%,11,42.31%,11,42.31%,0,0.00%,0,0.00%
1442,,26,11,42.31%,11,42.31%,11,42.31%,0,0.00%,0,0.00%
1443,8274.0,138,69,50.00%,65,47.10%,70,50.72%,1,0.72%,4,2.90%
1444,,138,69,50.00%,65,47.10%,70,50.72%,1,0.72%,4,2.90%
1445,6216.0,22,7,31.82%,7,31.82%,10,45.45%,3,13.64%,0,0.00%
1446,9999.0,1,0,0.00%,0,0.00%,0,0.00%,0,0.00%,0,0.00%
1447,,23,7,30.43%,7,30.43%,10,43.48%,3,13.04%,0,0.00%
1448,4026.0,93,65,69.89%,63,67.74%,68,73.12%,3,3.23%,2,2.15%
1449,9999.0,1,0,0.00%,0,0.00%,0,0.00%,0,0.00%,0,0.00%
1450,,94,65,69.15%,63,67.02%,68,72.34%,3,3.19%,2,2.13%
1451,,655,380,58.02%,366,55.88%,392,59.85%,12,1.83%,14,2.14%
1452,4030.0,30,16,53.33%,16,53.33%,18,60.00%,2,6.67%,0,0.00%
1453,,30,16,53.33%,16,53.33%,18,60.00%,2,6.67%,0,0.00%
1454,,30,16,53.33%,16,53.33%,18,60.00%,2,6.67%,0,0.00%
1455,4034.0,61,26,42.62%,26,42.62%,30,49.18%,4,6.56%,0,0.00%
1456,,61,26,42.62%,26,42.62%,30,49.18%,4,6.56%,0,0.00%
1457,6418.0,56,28,50.00%,28,50.00%,29,51.79%,1,1.79%,0,0.00%
1458,,56,28,50.00%,28,50.00%,29,51.79%,1,1.79%,0,0.00%
1459,6419.0,53,21,39.62%,21,39.62%,21,39.62%,0,0.00%,0,0.00%
1460,,53,21,39.62%,21,39.62%,21,39.62%,0,0.00%,0,0.00%
1461,4044.0,93,48,51.61%,48,51.61%,52,55.91%,4,4.30%,0,0.00%
1462,9999.0,4,0,0.00%,0,0.00%,0,0.00%,0,0.00%,0,0.00%
1463,,97,48,49.48%,48,49.48%,52,53.61%,4,4.12%,0,0.00%
1464,4049.0,62,23,37.10%,23,37.10%,23,37.10%,0,0.00%,0,0.00%
1465,,62,23,37.10%,23,37.10%,23,37.10%,0,0.00%,0,0.00%
1466,4054.0,43,27,62.79%,25,58.14%,27,62.79%,0,0.00%,2,4.65%
1467,9999.0,13,2,15.38%,2,15.38%,2,15.38%,0,0.00%,0,0.00%
1468,,56,29,51.79%,27,48.21%,29,51.79%,0,0.00%,2,3.57%
1469,,385,175,45.45%,173,44.94%,184,47.79%,9,2.34%,2,0.52%
1470,4058.0,47,22,46.81%,20,42.55%,23,48.94%,1,2.13%,2,4.26%
1471,6373.0,79,31,39.24%,31,39.24%,33,41.77%,2,2.53%,0,0.00%
1472,,126,53,42.06%,51,40.48%,56,44.44%,3,2.38%,2,1.59%
1473,4064.0,38,24,63.16%,24,63.16%,26,68.42%,2,5.26%,0,0.00%
1474,4068.0,79,32,40.51%,31,39.24%,36,45.57%,4,5.06%,1,1.27%
1475,,117,56,47.86%,55,47.01%,62,52.99%,6,5.13%,1,0.85%
1476,4080.0,106,51,48.11%,50,47.17%,52,49.06%,1,0.94%,1,0.94%
1477,,106,51,48.11%,50,47.17%,52,49.06%,1,0.94%,1,0.94%
1478,,349,160,45.85%,156,44.70%,170,48.71%,10,2.87%,4,1.15%
1479,4085.0,148,118,79.73%,118,79.73%,118,79.73%,0,0.00%,0,0.00%
1480,9999.0,3,0,0.00%,0,0.00%,0,0.00%,0,0.00%,0,0.00%
1481,,151,118,78.15%,118,78.15%,118,78.15%,0,0.00%,0,0.00%
1482,4091.0,175,86,49.14%,85,48.57%,89,50.86%,3,1.71%,1,0.57%
1483,,175,86,49.14%,85,48.57%,89,50.86%,3,1.71%,1,0.57%
1484,,326,204,62.58%,203,62.27%,207,63.50%,3,0.92%,1,0.31%
1485,4098.0,77,38,49.35%,37,48.05%,41,53.25%,3,3.90%,1,1.30%
1486,,77,38,49.35%,37,48.05%,41,53.25%,3,3.90%,1,1.30%
1487,4106.0,144,61,42.36%,59,40.97%,75,52.08%,14,9.72%,2,1.39%
1488,9999.0,1,0,0.00%,0,0.00%,0,0.00%,0,0.00%,0,0.00%
1489,,145,61,42.07%,59,40.69%,75,51.72%,14,9.66%,2,1.38%
1490,4931.0,113,53,46.90%,51,45.13%,56,49.56%,3,2.65%,2,1.77%
1491,9999.0,3,0,0.00%,0,0.00%,0,0.00%,0,0.00%,0,0.00%
1492,,116,53,45.69%,51,43.97%,56,48.28%,3,2.59%,2,1.72%
1493,1668.0,114,49,42.98%,41,35.96%,54,47.37%,5,4.39%,8,7.02%
1494,,114,49,42.98%,41,35.96%,54,47.37%,5,4.39%,8,7.02%
1495,4126.0,64,29,45.31%,29,45.31%,29,45.31%,0,0.00%,0,0.00%
1496,,64,29,45.31%,29,45.31%,29,45.31%,0,0.00%,0,0.00%
1497,,516,230,44.57%,217,42.05%,255,49.42%,25,4.84%,13,2.52%
1498,7833.0,17,10,58.82%,9,52.94%,10,58.82%,0,0.00%,1,5.88%
1499,,17,10,58.82%,9,52.94%,10,58.82%,0,0.00%,1,5.88%
1500,4135.0,32,10,31.25%,10,31.25%,14,43.75%,4,12.50%,0,0.00%
1501,4143.0,66,37,56.06%,37,56.06%,37,56.06%,0,0.00%,0,0.00%
1502,4146.0,40,19,47.50%,19,47.50%,20,50.00%,1,2.50%,0,0.00%
1503,4149.0,166,79,47.59%,77,46.39%,83,50.00%,4,2.41%,2,1.20%
1504,,304,145,47.70%,143,47.04%,154,50.66%,9,2.96%,2,0.66%
1505,,321,155,48.29%,152,47.35%,164,51.09%,9,2.80%,3,0.93%
1506,4165.0,41,27,65.85%,19,46.34%,27,65.85%,0,0.00%,8,19.51%
1507,9999.0,1,0,0.00%,0,0.00%,0,0.00%,0,0.00%,0,0.00%
1508,,42,27,64.29%,19,45.24%,27,64.29%,0,0.00%,8,19.05%
1509,4188.0,72,48,66.67%,33,45.83%,48,66.67%,0,0.00%,15,20.83%
1510,,72,48,66.67%,33,45.83%,48,66.67%,0,0.00%,15,20.83%
1511,4181.0,92,51,55.43%,41,44.57%,51,55.43%,0,0.00%,10,10.87%
1512,9999.0,4,0,0.00%,0,0.00%,0,0.00%,0,0.00%,0,0.00%
1513,,96,51,53.13%,41,42.71%,51,53.13%,0,0.00%,10,10.42%
1514,4195.0,67,46,68.66%,46,68.66%,46,68.66%,0,0.00%,0,0.00%
1515,9999.0,2,0,0.00%,0,0.00%,0,0.00%,0,0.00%,0,0.00%
1516,,69,46,66.67%,46,66.67%,46,66.67%,0,0.00%,0,0.00%
1517,4203.0,70,43,61.43%,43,61.43%,48,68.57%,5,7.14%,0,0.00%
1518,,70,43,61.43%,43,61.43%,48,68.57%,5,7.14%,0,0.00%
1519,4217.0,394,282,71.57%,265,67.26%,285,72.34%,3,0.76%,17,4.31%
1520,9999.0,11,0,0.00%,0,0.00%,0,0.00%,0,0.00%,0,0.00%
1521,,405,282,69.63%,265,65.43%,285,70.37%,3,0.74%,17,4.20%
1522,4715.0,90,46,51.11%,45,50.00%,47,52.22%,1,1.11%,1,1.11%
1523,9999.0,3,0,0.00%,0,0.00%,0,0.00%,0,0.00%,0,0.00%
1524,,93,46,49.46%,45,48.39%,47,50.54%,1,1.08%,1,1.08%
1525,4235.0,89,54,60.67%,52,58.43%,57,64.04%,3,3.37%,2,2.25%
1526,,89,54,60.67%,52,58.43%,57,64.04%,3,3.37%,2,2.25%
1527,4242.0,68,39,57.35%,39,57.35%,44,64.71%,5,7.35%,0,0.00%
1528,9999.0,1,0,0.00%,0,0.00%,0,0.00%,0,0.00%,0,0.00%
1529,,69,39,56.52%,39,56.52%,44,63.77%,5,7.25%,0,0.00%
1530,4249.0,102,50,49.02%,49,48.04%,64,62.75%,14,13.73%,1,0.98%
1531,9999.0,2,0,0.00%,0,0.00%,0,0.00%,0,0.00%,0,0.00%
1532,,104,50,48.08%,49,47.12%,64,61.54%,14,13.46%,1,0.96%
1533,5083.0,357,331,92.72%,327,91.60%,332,93.00%,1,0.28%,4,1.12%
1534,9999.0,2,1,50.00%,1,50.00%,1,50.00%,0,0.00%,0,0.00%
1535,,359,332,92.48%,328,91.36%,333,92.76%,1,0.28%,4,1.11%
1536,7019.0,172,98,56.98%,97,56.40%,100,58.14%,2,1.16%,1,0.58%
1537,9999.0,6,0,0.00%,0,0.00%,0,0.00%,0,0.00%,0,0.00%
1538,,178,98,55.06%,97,54.49%,100,56.18%,2,1.12%,1,0.56%
1539,6012.0,243,144,59.26%,141,58.02%,146,60.08%,2,0.82%,3,1.23%
1540,,243,144,59.26%,141,58.02%,146,60.08%,2,0.82%,3,1.23%
1541,4286.0,81,31,38.27%,31,38.27%,39,48.15%,8,9.88%,0,0.00%
1542,9999.0,2,0,0.00%,0,0.00%,0,0.00%,0,0.00%,0,0.00%
1543,,83,31,37.35%,31,37.35%,39,46.99%,8,9.64%,0,0.00%
1544,,"1,972","1,291",65.47%,"1,229",62.32%,"1,335",67.70%,44,2.23%,62,3.14%
1545,4295.0,148,89,60.14%,89,60.14%,99,66.89%,10,6.76%,0,0.00%
1546,9999.0,9,3,33.33%,3,33.33%,3,33.33%,0,0.00%,0,0.00%
1547,,157,92,58.60%,92,58.60%,102,64.97%,10,6.37%,0,0.00%
1548,6704.0,142,92,64.79%,92,64.79%,95,66.90%,3,2.11%,0,0.00%
1549,,142,92,64.79%,92,64.79%,95,66.90%,3,2.11%,0,0.00%
1550,,299,184,61.54%,184,61.54%,197,65.89%,13,4.35%,0,0.00%
1551,4930.0,186,132,70.97%,123,66.13%,136,73.12%,4,2.15%,9,4.84%
1552,,186,132,70.97%,123,66.13%,136,73.12%,4,2.15%,9,4.84%
1553,4340.0,130,94,72.31%,86,66.15%,95,73.08%,1,0.77%,8,6.15%
1554,9999.0,4,0,0.00%,0,0.00%,0,0.00%,0,0.00%,0,0.00%
1555,,134,94,70.15%,86,64.18%,95,70.90%,1,0.75%,8,5.97%
1556,4352.0,132,78,59.09%,70,53.03%,80,60.61%,2,1.52%,8,6.06%
1557,9999.0,4,0,0.00%,0,0.00%,0,0.00%,0,0.00%,0,0.00%
1558,,136,78,57.35%,70,51.47%,80,58.82%,2,1.47%,8,5.88%
1559,4360.0,269,224,83.27%,222,82.53%,224,83.27%,0,0.00%,2,0.74%
1560,9999.0,3,0,0.00%,0,0.00%,0,0.00%,0,0.00%,0,0.00%
1561,,272,224,82.35%,222,81.62%,224,82.35%,0,0.00%,2,0.74%
1562,7550.0,37,17,45.95%,17,45.95%,18,48.65%,1,2.70%,0,0.00%
1563,,37,17,45.95%,17,45.95%,18,48.65%,1,2.70%,0,0.00%
1564,4845.0,286,184,64.34%,183,63.99%,185,64.69%,1,0.35%,1,0.35%
1565,9999.0,9,0,0.00%,0,0.00%,0,0.00%,0,0.00%,0,0.00%
1566,,295,184,62.37%,183,62.03%,185,62.71%,1,0.34%,1,0.34%
1567,4373.0,194,131,67.53%,128,65.98%,134,69.07%,3,1.55%,3,1.55%
1568,9999.0,1,0,0.00%,0,0.00%,0,0.00%,0,0.00%,0,0.00%
1569,,195,131,67.18%,128,65.64%,134,68.72%,3,1.54%,3,1.54%
1570,4404.0,440,263,59.77%,257,58.41%,277,62.95%,14,3.18%,6,1.36%
1571,9999.0,2,0,0.00%,0,0.00%,0,0.00%,0,0.00%,0,0.00%
1572,,442,263,59.50%,257,58.14%,277,62.67%,14,3.17%,6,1.36%
1573,8421.0,58,27,46.55%,24,41.38%,27,46.55%,0,0.00%,3,5.17%
1574,9999.0,1,0,0.00%,0,0.00%,0,0.00%,0,0.00%,0,0.00%
1575,,59,27,45.76%,24,40.68%,27,45.76%,0,0.00%,3,5.08%
1576,4431.0,276,166,60.14%,157,56.88%,169,61.23%,3,1.09%,9,3.26%
1577,,276,166,60.14%,157,56.88%,169,61.23%,3,1.09%,9,3.26%
1578,4442.0,110,71,64.55%,71,64.55%,82,74.55%,11,10.00%,0,0.00%
1579,9999.0,1,0,0.00%,0,0.00%,0,0.00%,0,0.00%,0,0.00%
1580,,111,71,63.96%,71,63.96%,82,73.87%,11,9.91%,0,0.00%
1581,6181.0,47,0,0.00%,0,0.00%,0,0.00%,0,0.00%,0,0.00%
1582,9999.0,2,0,0.00%,0,0.00%,0,0.00%,0,0.00%,0,0.00%
1583,,49,0,0.00%,0,0.00%,0,0.00%,0,0.00%,0,0.00%
1584,4458.0,132,80,60.61%,73,55.30%,80,60.61%,0,0.00%,7,5.30%
1585,9999.0,2,0,0.00%,0,0.00%,0,0.00%,0,0.00%,0,0.00%
1586,,134,80,59.70%,73,54.48%,80,59.70%,0,0.00%,7,5.22%
1587,8323.0,93,53,56.99%,53,56.99%,59,63.44%,6,6.45%,0,0.00%
1588,,93,53,56.99%,53,56.99%,59,63.44%,6,6.45%,0,0.00%
1589,4717.0,405,320,79.01%,315,77.78%,322,79.51%,2,0.49%,5,1.23%
1590,,405,320,79.01%,315,77.78%,322,79.51%,2,0.49%,5,1.23%
1591,6648.0,323,255,78.95%,252,78.02%,255,78.95%,0,0.00%,3,0.93%
1592,9999.0,2,0,0.00%,0,0.00%,0,0.00%,0,0.00%,0,0.00%
1593,,325,255,78.46%,252,77.54%,255,78.46%,0,0.00%,3,0.92%
1594,6191.0,119,62,52.10%,62,52.10%,62,52.10%,0,0.00%,0,0.00%
1595,9999.0,2,0,0.00%,0,0.00%,0,0.00%,0,0.00%,0,0.00%
1596,,121,62,51.24%,62,51.24%,62,51.24%,0,0.00%,0,0.00%
1597,4735.0,155,79,50.97%,79,50.97%,84,54.19%,5,3.23%,0,0.00%
1598,9999.0,4,0,0.00%,0,0.00%,0,0.00%,0,0.00%,0,0.00%
1599,,159,79,49.69%,79,49.69%,84,52.83%,5,3.14%,0,0.00%
1600,,"3,429","2,236",65.21%,"2,172",63.34%,"2,289",66.75%,53,1.55%,64,1.87%
1601,5271.0,164,81,49.39%,73,44.51%,82,50.00%,1,0.61%,8,4.88%
1602,,164,81,49.39%,73,44.51%,82,50.00%,1,0.61%,8,4.88%
1603,4528.0,78,51,65.38%,49,62.82%,51,65.38%,0,0.00%,2,2.56%
1604,9999.0,1,0,0.00%,0,0.00%,0,0.00%,0,0.00%,0,0.00%
1605,,79,51,64.56%,49,62.03%,51,64.56%,0,0.00%,2,2.53%
1606,,243,132,54.32%,122,50.21%,133,54.73%,1,0.41%,10,4.12%
1607,4545.0,466,315,67.60%,308,66.09%,323,69.31%,8,1.72%,7,1.50%
1608,9999.0,5,0,0.00%,0,0.00%,0,0.00%,0,0.00%,0,0.00%
1609,,471,315,66.88%,308,65.39%,323,68.58%,8,1.70%,7,1.49%
1610,4553.0,471,329,69.85%,306,64.97%,341,72.40%,12,2.55%,23,4.88%
1611,9999.0,15,4,26.67%,4,26.67%,6,40.00%,2,13.33%,0,0.00%
1612,,486,333,68.52%,310,63.79%,347,71.40%,14,2.88%,23,4.73%
1613,4558.0,233,119,51.07%,119,51.07%,124,53.22%,5,2.15%,0,0.00%
1614,9999.0,8,0,0.00%,0,0.00%,0,0.00%,0,0.00%,0,0.00%
1615,,241,119,49.38%,119,49.38%,124,51.45%,5,2.07%,0,0.00%
1616,4564.0,165,81,49.09%,79,47.88%,94,56.97%,13,7.88%,2,1.21%
1617,9999.0,6,0,0.00%,0,0.00%,0,0.00%,0,0.00%,0,0.00%
1618,,171,81,47.37%,79,46.20%,94,54.97%,13,7.60%,2,1.17%
1619,4571.0,123,50,40.65%,46,37.40%,50,40.65%,0,0.00%,4,3.25%
1620,9999.0,13,1,7.69%,1,7.69%,1,7.69%,0,0.00%,0,0.00%
1621,,136,51,37.50%,47,34.56%,51,37.50%,0,0.00%,4,2.94%
1622,7624.0,34,0,0.00%,0,0.00%,0,0.00%,0,0.00%,0,0.00%
1623,,34,0,0.00%,0,0.00%,0,0.00%,0,0.00%,0,0.00%
1624,4577.0,250,154,61.60%,149,59.60%,161,64.40%,7,2.80%,5,2.00%
1625,,250,154,61.60%,149,59.60%,161,64.40%,7,2.80%,5,2.00%
1626,4598.0,349,194,55.59%,191,54.73%,206,59.03%,12,3.44%,3,0.86%
1627,9999.0,4,0,0.00%,0,0.00%,0,0.00%,0,0.00%,0,0.00%
1628,,353,194,54.96%,191,54.11%,206,58.36%,12,3.40%,3,0.85%
1629,4602.0,165,97,58.79%,92,55.76%,110,66.67%,13,7.88%,5,3.03%
1630,,165,97,58.79%,92,55.76%,110,66.67%,13,7.88%,5,3.03%
1631,4608.0,292,168,57.53%,164,56.16%,175,59.93%,7,2.40%,4,1.37%
1632,9999.0,53,8,15.09%,8,15.09%,8,15.09%,0,0.00%,0,0.00%
1633,,345,176,51.01%,172,49.86%,183,53.04%,7,2.03%,4,1.16%
1634,4614.0,249,170,68.27%,162,65.06%,176,70.68%,6,2.41%,8,3.21%
1635,9999.0,10,0,0.00%,0,0.00%,0,0.00%,0,0.00%,0,0.00%
1636,,259,170,65.64%,162,62.55%,176,67.95%,6,2.32%,8,3.09%
1637,4623.0,285,159,55.79%,154,54.04%,164,57.54%,5,1.75%,5,1.75%
1638,9999.0,4,0,0.00%,0,0.00%,0,0.00%,0,0.00%,0,0.00%
1639,,289,159,55.02%,154,53.29%,164,56.75%,5,1.73%,5,1.73%
1640,6705.0,209,111,53.11%,106,50.72%,114,54.55%,3,1.44%,5,2.39%
1641,9999.0,20,0,0.00%,0,0.00%,0,0.00%,0,0.00%,0,0.00%
1642,,229,111,48.47%,106,46.29%,114,49.78%,3,1.31%,5,2.18%
1643,4647.0,228,98,42.98%,98,42.98%,98,42.98%,0,0.00%,0,0.00%
1644,9999.0,1,0,0.00%,0,0.00%,0,0.00%,0,0.00%,0,0.00%
1645,,229,98,42.79%,98,42.79%,98,42.79%,0,0.00%,0,0.00%
1646,5168.0,406,132,32.51%,132,32.51%,150,36.95%,18,4.43%,0,0.00%
1647,,406,132,32.51%,132,32.51%,150,36.95%,18,4.43%,0,0.00%
1648,4658.0,211,150,71.09%,150,71.09%,152,72.04%,2,0.95%,0,0.00%
1649,9999.0,33,3,9.09%,3,9.09%,4,12.12%,1,3.03%,0,0.00%
1650,,244,153,62.70%,153,62.70%,156,63.93%,3,1.23%,0,0.00%
1651,1732.0,320,188,58.75%,188,58.75%,189,59.06%,1,0.31%,0,0.00%
1652,4704.0,266,168,63.16%,157,59.02%,168,63.16%,0,0.00%,11,4.14%
1653,9999.0,4,0,0.00%,0,0.00%,1,25.00%,1,25.00%,0,0.00%
1654,,590,356,60.34%,345,58.47%,358,60.68%,2,0.34%,11,1.86%
1655,6345.0,232,143,61.64%,141,60.78%,144,62.07%,1,0.43%,2,0.86%
1656,9999.0,2,0,0.00%,0,0.00%,0,0.00%,0,0.00%,0,0.00%
1657,,234,143,61.11%,141,60.26%,144,61.54%,1,0.43%,2,0.85%
1658,8131.0,13,13,100.00%,12,92.31%,13,100.00%,0,0.00%,1,7.69%
1659,,13,13,100.00%,12,92.31%,13,100.00%,0,0.00%,1,7.69%
1660,,"5,145","2,855",55.49%,"2,770",53.84%,"2,972",57.76%,117,2.27%,85,1.65%
1661,,"125,798","75,511",60.03%,"73,420",58.36%,"78,377",62.30%,"2,866",2.28%,"2,091",1.66%
