AUN,School District,County,"
MarketValue",mvpi,market_value_aid_ratio,"personal_income_aid_ratio","Personal Income",WADM,MV per WADM,PI per WADM
112011103,Bermudian Springs SD          ,Adams,"$750,254,271",0.5968,0.5936,0.6019,"$289,319,082",2424.229,"$309,481","$119,344"
112011603,Conewago Valley SD            ,Adams,"$1,611,144,631",0.5750,0.5517,0.6102,"$551,638,818",4719.528,"$341,378","$116,884"
112013054,Fairfield Area SD             ,Adams,"$648,496,454",0.4683,0.4082,0.5585,"$190,469,911",1439.047,"$450,642","$132,358"
112013753,Gettysburg Area SD            ,Adams,"$2,191,828,888",0.3042,0.1971,0.4652,"$574,779,450",3584.654,"$611,447","$160,344"
112015203,Littlestown Area SD           ,Adams,"$956,665,470",0.5374,0.5098,0.5791,"$323,421,832",2562.647,"$373,311","$126,206"
112018523,Upper Adams SD                ,Adams,"$631,153,452",0.6073,0.5885,0.6357,"$219,982,778",2014.138,"$313,361","$109,219"
102027451,Pittsburgh SD                 ,Allegheny,"$13,453,306,398",0.4265,0.4624,0.3729,"$6,177,533,018",32860.233,"$409,409","$187,994"
103020603,Allegheny Valley SD           ,Allegheny,"$596,208,026",0.3802,0.3639,0.4048,"$219,635,086",1230.793,"$484,409","$178,450"
103020753,Avonworth SD                  ,Allegheny,"$729,544,314",0.3211,0.4582,0.1155,"$468,892,085",1768.309,"$412,566","$265,164"
103021003,Pine-Richland SD              ,Allegheny,"$1,857,389,628",0.4339,0.5470,0.2643,"$1,187,455,559",5383.469,"$345,017","$220,574"
103021102,Baldwin-Whitehall SD          ,Allegheny,"$1,313,685,172",0.5826,0.6614,0.4647,"$817,519,076",5093.908,"$257,893","$160,489"
103021252,Bethel Park SD                ,Allegheny,"$1,932,449,781",0.4810,0.5321,0.4047,"$967,834,112",5423.028,"$356,341","$178,467"
103021453,Brentwood Borough SD          ,Allegheny,"$272,085,531",0.7007,0.7672,0.6010,"$183,583,652",1534.432,"$177,320","$119,642"
103021603,Carlynton SD                  ,Allegheny,"$517,625,444",0.5214,0.6098,0.3890,"$319,065,142",1741.942,"$297,154","$183,166"
103021752,Chartiers Valley SD           ,Allegheny,"$1,594,478,422",0.3685,0.4873,0.1906,"$990,922,711",4083.806,"$390,439","$242,646"
103021903,Clairton City SD              ,Allegheny,"$90,530,895",0.8373,0.8911,0.7569,"$79,580,333",1091.608,"$82,933","$72,901"
103022103,Cornell SD                    ,Allegheny,"$263,236,383",0.5647,0.5815,0.5395,"$114,017,237",825.882,"$318,733","$138,055"
103022253,Deer Lakes SD                 ,Allegheny,"$878,438,986",0.5190,0.5137,0.5272,"$336,221,111",2371.960,"$370,343","$141,748"
103022503,Duquesne City SD              ,Allegheny,"$66,040,956",0.8692,0.8996,0.8238,"$45,633,665",863.581,"$76,473","$52,842"
103022803,East Allegheny SD             ,Allegheny,"$425,413,473",0.7159,0.7531,0.6604,"$230,378,501",2262.603,"$188,019","$101,820"
103023153,Elizabeth Forward SD          ,Allegheny,"$607,825,637",0.6589,0.7277,0.5558,"$390,282,535",2930.842,"$207,389","$133,163"
103023912,Fox Chapel Area SD            ,Allegheny,"$2,690,039,034",0.2312,0.3188,0.1000,"$1,814,935,176",5185.418,"$518,769","$350,007"
103024102,Gateway SD                    ,Allegheny,"$2,006,745,833",0.4339,0.4185,0.4571,"$737,580,010",4531.630,"$442,830","$162,762"
103024603,Hampton Township SD           ,Allegheny,"$1,259,210,484",0.4350,0.5451,0.2700,"$795,430,047",3634.627,"$346,448","$218,847"
103024753,Highlands SD                  ,Allegheny,"$567,496,510",0.6937,0.7593,0.5955,"$375,417,510",3095.211,"$183,346","$121,289"
103025002,Keystone Oaks SD              ,Allegheny,"$986,152,139",0.4132,0.4591,0.3446,"$470,370,466",2393.844,"$411,953","$196,491"
103026002,McKeesport Area SD            ,Allegheny,"$637,508,172",0.7894,0.8307,0.7277,"$403,664,708",4943.719,"$128,953","$81,652"
103026303,Montour SD                    ,Allegheny,"$2,000,970,867",0.2638,0.2628,0.2656,"$784,780,065",3564.171,"$561,412","$220,185"
103026343,Moon Area SD                  ,Allegheny,"$1,771,277,784",0.4165,0.4682,0.3390,"$866,748,437",4373.883,"$404,966","$198,164"
103026402,Mt Lebanon SD                 ,Allegheny,"$2,149,370,980",0.3831,0.5353,0.1550,"$1,538,724,978",6073.939,"$353,867","$253,332"
103026852,North Allegheny SD            ,Allegheny,"$3,902,085,698",0.3523,0.4638,0.1853,"$2,334,096,456",9556.443,"$408,319","$244,243"
103026873,Northgate SD                  ,Allegheny,"$341,284,320",0.5973,0.6905,0.4575,"$235,477,260",1447.696,"$235,743","$162,656"
103026902,North Hills SD                ,Allegheny,"$2,147,932,866",0.3873,0.4460,0.2993,"$1,069,427,415",5090.841,"$421,921","$210,068"
103027352,Penn Hills SD                 ,Allegheny,"$1,270,129,744",0.6466,0.7003,0.5663,"$723,596,361",5564.514,"$228,255","$130,037"
103027503,Plum Borough SD               ,Allegheny,"$1,104,105,419",0.6323,0.7026,0.5270,"$691,237,125",4874.215,"$226,519","$141,815"
103027753,Quaker Valley SD              ,Allegheny,"$1,452,397,356",0.1500,0.1462,0.1000,"$981,974,782",2233.763,"$650,202","$439,605"
103028203,Riverview SD                  ,Allegheny,"$443,717,393",0.4615,0.5357,0.3504,"$244,420,891",1254.958,"$353,571","$194,764"
103028302,Shaler Area SD                ,Allegheny,"$1,498,339,228",0.5892,0.6610,0.4816,"$901,946,576",5802.995,"$258,201","$155,427"
103028653,South Allegheny SD            ,Allegheny,"$239,382,186",0.7749,0.8377,0.6808,"$185,395,662",1936.889,"$123,591","$95,718"
103028703,South Fayette Township SD     ,Allegheny,"$849,388,946",0.5278,0.6121,0.4017,"$515,661,517",2874.961,"$295,443","$179,362"
103028753,South Park SD                 ,Allegheny,"$524,059,103",0.6395,0.7170,0.5233,"$347,505,722",2431.671,"$215,513","$142,908"
103028833,Steel Valley SD               ,Allegheny,"$609,895,719",0.6497,0.6633,0.6295,"$264,198,458",2378.293,"$256,442","$111,087"
103028853,Sto-Rox SD                    ,Allegheny,"$257,484,006",0.8054,0.8289,0.7704,"$135,998,331",1975.758,"$130,321","$68,833"
103029203,Upper Saint Clair SD          ,Allegheny,"$1,599,460,490",0.3987,0.5632,0.1520,"$1,222,326,039",4808.169,"$332,654","$254,218"
103029403,West Allegheny SD             ,Allegheny,"$1,404,152,123",0.4996,0.5154,0.4762,"$597,481,040",3804.942,"$369,033","$157,027"
103029553,West Jefferson Hills SD       ,Allegheny,"$1,010,713,057",0.5315,0.5921,0.4409,"$545,420,141",3253.763,"$310,628","$167,627"
103029603,West Mifflin Area SD          ,Allegheny,"$943,436,042",0.6375,0.6383,0.6367,"$373,015,120",3424.936,"$275,460","$108,911"
103029803,Wilkinsburg Borough SD        ,Allegheny,"$308,752,591",0.6783,0.7518,0.5684,"$211,348,664",1633.217,"$189,045","$129,406"
103029902,Woodland Hills SD             ,Allegheny,"$1,493,743,997",0.5854,0.6701,0.4586,"$964,970,147",5944.947,"$251,262","$162,317"
128030603,Apollo-Ridge SD               ,Armstrong,"$304,116,206",0.7333,0.7663,0.6840,"$161,859,370",1708.443,"$178,007","$94,740"
128030852,Armstrong SD                  ,Armstrong,"$1,543,858,419",0.6617,0.6952,0.6117,"$774,464,097",6651.830,"$232,095","$116,428"
128033053,Freeport Area SD              ,Armstrong,"$686,035,124",0.5923,0.6192,0.5522,"$317,615,341",2365.737,"$289,987","$134,256"
128034503,Leechburg Area SD             ,Armstrong,"$211,154,812",0.6732,0.7154,0.6102,"$113,870,666",974.315,"$216,721","$116,872"
127040503,Aliquippa SD                  ,Beaver,"$236,192,516",0.7689,0.7843,0.7461,"$109,448,128",1437.669,"$164,288","$76,128"
127040703,Ambridge Area SD              ,Beaver,"$901,245,416",0.6008,0.6504,0.5266,"$480,436,701",3385.250,"$266,227","$141,920"
127041203,Beaver Area SD                ,Beaver,"$755,169,167",0.5448,0.5952,0.4694,"$389,667,180",2449.576,"$308,285","$159,075"
127041503,Big Beaver Falls Area SD      ,Beaver,"$314,867,680",0.7667,0.7982,0.7197,"$172,154,023",2048.677,"$153,693","$84,031"
127041603,Blackhawk SD                  ,Beaver,"$941,971,201",0.5575,0.5841,0.5179,"$429,828,199",2973.941,"$316,741","$144,531"
127042003,Central Valley SD             ,Beaver,"$1,073,006,481",0.5032,0.4977,0.5116,"$410,792,438",2805.148,"$382,513","$146,442"
127042853,Freedom Area SD               ,Beaver,"$481,561,205",0.6421,0.6637,0.6098,"$220,002,411",1880.490,"$256,082","$116,992"
127044103,Hopewell Area SD              ,Beaver,"$796,063,014",0.5994,0.6428,0.5346,"$408,316,179",2926.081,"$272,057","$139,543"
127045303,Midland Borough SD            ,Beaver,"$55,431,011",0.8267,0.8579,0.7800,"$33,783,714",512.152,"$108,231","$65,964"
127045653,New Brighton Area SD          ,Beaver,"$293,148,519",0.7686,0.8052,0.7138,"$169,531,042",1975.315,"$148,405","$85,824"
127045853,Riverside Beaver County SD    ,Beaver,"$471,257,243",0.6536,0.6772,0.6184,"$219,355,641",1917.215,"$245,803","$114,413"
127046903,Rochester Area SD             ,Beaver,"$204,634,263",0.7117,0.7534,0.6493,"$114,548,778",1089.384,"$187,844","$105,150"
127047404,South Side Area SD            ,Beaver,"$448,978,342",0.5951,0.5900,0.6028,"$171,231,846",1437.766,"$312,274","$119,095"
127049303,Western Beaver County SD      ,Beaver,"$222,954,258",0.6557,0.6904,0.6038,"$112,316,667",945.636,"$235,771","$118,773"
108051003,Bedford Area SD               ,Bedford,"$892,213,310",0.5903,0.5560,0.6419,"$283,258,844",2638.381,"$338,166","$107,360"
108051503,Chestnut Ridge SD             ,Bedford,"$522,673,903",0.6583,0.6330,0.6963,"$170,307,599",1870.099,"$279,489","$91,068"
108053003,Everett Area SD               ,Bedford,"$496,257,821",0.6559,0.6153,0.7170,"$143,692,747",1693.647,"$293,011","$84,842"
108056004,Northern Bedford County SD    ,Bedford,"$297,099,390",0.6891,0.6895,0.6886,"$117,309,083",1256.499,"$236,450","$93,361"
108058003,Tussey Mountain SD            ,Bedford,"$308,847,048",0.7188,0.6910,0.7607,"$94,172,185",1312.343,"$235,340","$71,758"
114060503,Antietam SD                   ,Berks,"$325,191,686",0.6485,0.6535,0.6412,"$132,603,032",1232.479,"$263,851","$107,590"
114060753,Boyertown Area SD             ,Berks,"$3,421,887,925",0.4765,0.4636,0.4960,"$1,265,690,994",8376.351,"$408,517","$151,102"
114060853,Brandywine Heights Area SD    ,Berks,"$836,158,753",0.4665,0.4518,0.4888,"$306,964,015",2002.946,"$417,464","$153,256"
114061103,Conrad Weiser Area SD         ,Berks,"$1,218,126,096",0.5463,0.5323,0.5677,"$443,226,573",3419.795,"$356,198","$129,606"
114061503,Daniel Boone Area SD          ,Berks,"$1,326,169,571",0.5913,0.6089,0.5650,"$580,604,074",4452.135,"$297,872","$130,410"
114062003,Exeter Township SD            ,Berks,"$1,718,899,899",0.5494,0.5528,0.5447,"$688,881,313",5046.690,"$340,599","$136,501"
114062503,Fleetwood Area SD             ,Berks,"$1,070,963,703",0.5669,0.5601,0.5773,"$405,154,677",3196.778,"$335,013","$126,738"
114063003,Governor Mifflin SD           ,Berks,"$1,934,991,896",0.4574,0.4769,0.4283,"$832,664,336",4857.749,"$398,330","$171,409"
114063503,Hamburg Area SD               ,Berks,"$1,021,738,076",0.5445,0.5359,0.5577,"$383,373,246",2891.151,"$353,401","$132,602"
114064003,Kutztown Area SD              ,Berks,"$916,750,086",0.3684,0.3292,0.4274,"$308,051,817",1794.519,"$510,861","$171,662"
114065503,Muhlenberg SD                 ,Berks,"$1,557,564,493",0.5747,0.5196,0.6577,"$436,894,816",4257.260,"$365,860","$102,623"
114066503,Oley Valley SD                ,Berks,"$948,594,767",0.4101,0.4183,0.3980,"$386,492,394",2141.546,"$442,948","$180,473"
114067002,Reading SD                    ,Berks,"$1,519,194,855",0.8807,0.9052,0.8441,"$983,264,975",21025.729,"$72,254","$46,764"
114067503,Schuylkill Valley SD          ,Berks,"$1,027,526,946",0.4468,0.4146,0.4953,"$348,814,767",2305.093,"$445,763","$151,323"
114068003,Tulpehocken Area SD           ,Berks,"$774,520,314",0.4682,0.4427,0.5066,"$269,984,564",1825.075,"$424,377","$147,930"
114068103,Twin Valley SD                ,Berks,"$1,965,020,278",0.4162,0.3638,0.4952,"$613,810,013",4055.684,"$484,510","$151,345"
114069103,Wilson  SD                    ,Berks,"$2,947,430,624",0.4595,0.4428,0.4848,"$1,072,969,219",6946.700,"$424,292","$154,457"
114069353,Wyomissing Area SD            ,Berks,"$960,075,113",0.3617,0.4435,0.2392,"$516,694,967",2265.368,"$423,805","$228,084"
108070502,Altoona Area SD               ,Blair,"$2,071,019,492",0.6974,0.7077,0.6821,"$886,894,905",9304.270,"$222,588","$95,321"
108071003,Bellwood-Antis SD             ,Blair,"$371,969,992",0.6681,0.6802,0.6502,"$160,173,081",1527.419,"$243,528","$104,865"
108071504,Claysburg-Kimmel SD           ,Blair,"$197,429,274",0.7385,0.7444,0.7299,"$82,109,591",1014.035,"$194,696","$80,973"
108073503,Hollidaysburg Area SD         ,Blair,"$1,510,147,514",0.4755,0.5166,0.4141,"$720,563,730",4101.879,"$368,159","$175,666"
108077503,Spring Cove SD                ,Blair,"$697,266,468",0.5921,0.5748,0.6183,"$246,428,023",2153.291,"$323,814","$114,442"
108078003,Tyrone Area SD                ,Blair,"$585,148,119",0.6515,0.6448,0.6618,"$219,352,538",2163.290,"$270,489","$101,397"
108079004,Williamsburg Community SD     ,Blair,"$145,003,246",0.7133,0.7062,0.7241,"$53,605,739",647.961,"$223,783","$82,729"
117080503,Athens Area SD                ,Bradford,"$595,335,190",0.6696,0.6984,0.6267,"$290,132,779",2592.192,"$229,664","$111,925"
117081003,Canton Area SD                ,Bradford,"$245,212,290",0.6988,0.7329,0.6479,"$127,232,187",1205.296,"$203,445","$105,560"
117083004,Northeast Bradford SD         ,Bradford,"$246,922,943",0.6572,0.6634,0.6480,"$101,649,968",963.109,"$256,381","$105,543"
117086003,Sayre Area SD                 ,Bradford,"$284,098,271",0.6809,0.7024,0.6489,"$131,943,220",1253.316,"$226,677","$105,275"
117086503,Towanda Area SD               ,Bradford,"$511,270,703",0.6274,0.6449,0.6014,"$225,976,098",1890.711,"$270,411","$119,519"
117086653,Troy Area SD                  ,Bradford,"$466,270,439",0.6442,0.6690,0.6070,"$217,964,911",1849.713,"$252,077","$117,837"
117089003,Wyalusing Area SD             ,Bradford,"$467,102,354",0.6136,0.6357,0.5805,"$211,756,943",1683.657,"$277,433","$125,772"
122091002,Bensalem Township SD          ,Bucks,"$5,209,845,648",0.2789,0.1730,0.4378,"$1,394,317,374",8272.120,"$629,807","$168,556"
122091303,Bristol Borough SD            ,Bucks,"$575,946,752",0.5746,0.5299,0.6418,"$172,757,978",1608.652,"$358,030","$107,393"
122091352,Bristol Township SD           ,Bucks,"$3,233,098,776",0.5337,0.4841,0.6083,"$966,346,691",8228.805,"$392,900","$117,434"
122092002,Centennial SD                 ,Bucks,"$4,512,605,489",0.2083,0.1095,0.3567,"$1,283,421,707",6654.369,"$678,141","$192,869"
122092102,Central Bucks SD              ,Bucks,"$14,453,591,123",0.2377,0.1881,0.3124,"$4,819,181,666",23376.654,"$618,291","$206,153"
122092353,Council Rock SD               ,Bucks,"$10,249,182,331",0.1500,0.1000,0.1000,"$3,834,302,955",13657.978,"$750,417","$280,737"
122097203,Morrisville Borough SD        ,Bucks,"$518,571,615",0.4247,0.4018,0.4593,"$184,546,294",1138.436,"$455,512","$162,105"
122097502,Neshaminy SD                  ,Bucks,"$6,500,811,611",0.2627,0.1970,0.3613,"$2,035,695,638",10630.653,"$611,515","$191,493"
122097604,New Hope-Solebury SD          ,Bucks,"$2,622,429,926",0.1500,0.1000,0.1000,"$977,271,157",1884.331,"$1,391,703","$518,630"
122098003,Palisades SD                  ,Bucks,"$2,290,258,859",0.1500,0.1000,0.2001,"$528,644,853",2204.429,"$1,038,935","$239,810"
122098103,Pennridge SD                  ,Bucks,"$5,002,025,550",0.3431,0.2590,0.4694,"$1,410,253,942",8864.450,"$564,279","$159,090"
122098202,Pennsbury SD                  ,Bucks,"$7,474,503,834",0.2749,0.2369,0.3321,"$2,575,263,168",12861.689,"$581,144","$200,227"
122098403,Quakertown Community SD       ,Bucks,"$3,326,730,625",0.3971,0.3142,0.5216,"$913,630,591",6369.550,"$522,286","$143,437"
104101252,Butler Area SD                ,Butler,"$2,590,255,208",0.5994,0.6172,0.5729,"$1,137,684,274",8884.089,"$291,561","$128,058"
104103603,Karns City Area SD            ,Butler,"$399,365,206",0.7104,0.7303,0.6809,"$186,032,291",1944.574,"$205,374","$95,667"
104105003,Mars Area SD                  ,Butler,"$1,661,263,028",0.3185,0.4149,0.1742,"$923,160,681",3728.658,"$445,539","$247,585"
104105353,Moniteau SD                   ,Butler,"$401,557,311",0.6826,0.6997,0.6571,"$180,502,647",1755.916,"$228,688","$102,796"
104107503,Slippery Rock Area SD         ,Butler,"$878,790,974",0.5684,0.5738,0.5605,"$356,813,057",2707.643,"$324,559","$131,779"
104107803,South Butler County SD        ,Butler,"$1,158,591,141",0.5081,0.5170,0.4949,"$477,038,567",3149.956,"$367,811","$151,442"
104107903,Seneca Valley SD              ,Butler,"$3,712,334,189",0.3891,0.4281,0.3309,"$1,710,002,085",8524.039,"$435,513","$200,609"
108110603,Blacklick Valley SD           ,Cambria,"$122,899,705",0.7508,0.7973,0.6814,"$76,052,780",796.031,"$154,390","$95,539"
108111203,Cambria Heights SD            ,Cambria,"$303,738,366",0.7230,0.7720,0.6497,"$183,689,082",1748.780,"$173,685","$105,038"
108111303,Central Cambria SD            ,Cambria,"$635,892,590",0.5948,0.6033,0.5823,"$263,542,515",2104.620,"$302,141","$125,220"
108111403,Conemaugh Valley SD           ,Cambria,"$171,449,167",0.7542,0.7927,0.6965,"$98,826,413",1085.957,"$157,878","$91,003"
108112003,Ferndale Area SD              ,Cambria,"$96,708,419",0.8302,0.8691,0.7721,"$66,254,677",969.584,"$99,742","$68,333"
108112203,Forest Hills SD               ,Cambria,"$434,234,819",0.7124,0.7567,0.6461,"$248,639,534",2343.003,"$185,332","$106,120"
108112502,Greater Johnstown SD          ,Cambria,"$574,359,165",0.7685,0.7953,0.7286,"$299,840,300",3684.596,"$155,881","$81,376"
108114503,Northern Cambria SD           ,Cambria,"$202,692,974",0.7645,0.8124,0.6929,"$130,644,672",1418.828,"$142,859","$92,079"
108116003,Penn Cambria SD               ,Cambria,"$440,590,025",0.6735,0.7160,0.6098,"$238,331,247",2037.024,"$216,291","$116,999"
108116303,Portage Area SD               ,Cambria,"$164,433,229",0.7478,0.7960,0.6757,"$102,905,256",1058.257,"$155,381","$97,240"
108116503,Richland SD                   ,Cambria,"$903,246,029",0.4063,0.3882,0.4335,"$329,225,417",1938.581,"$465,931","$169,828"
108118503,Westmont Hilltop SD           ,Cambria,"$565,518,928",0.5118,0.6242,0.3433,"$389,013,720",1975.869,"$286,212","$196,882"
109122703,Cameron County SD             ,Cameron,"$213,717,497",0.6583,0.6569,0.6605,"$83,241,634",817.880,"$261,306","$101,777"
121135003,Jim Thorpe Area SD            ,Carbon,"$1,604,047,727",0.4130,0.2259,0.6939,"$249,756,476",2720.973,"$589,512","$91,789"
121135503,Lehighton Area SD             ,Carbon,"$926,861,048",0.5940,0.5720,0.6272,"$317,883,000",2843.883,"$325,913","$111,777"
121136503,Palmerton Area SD             ,Carbon,"$772,544,578",0.5961,0.5734,0.6304,"$263,523,866",2377.764,"$324,903","$110,828"
121136603,Panther Valley SD             ,Carbon,"$347,768,967",0.7483,0.7722,0.7127,"$172,671,686",2004.631,"$173,482","$86,136"
121139004,Weatherly Area SD             ,Carbon,"$320,423,046",0.5498,0.4821,0.6516,"$84,862,285",812.399,"$394,415","$104,458"
110141003,Bald Eagle Area SD            ,Centre,"$629,721,457",0.6373,0.6383,0.6361,"$249,473,024",2286.371,"$275,424","$109,113"
110141103,Bellefonte Area SD            ,Centre,"$1,273,375,848",0.5305,0.5165,0.5515,"$465,027,737",3457.977,"$368,243","$134,479"
110147003,Penns Valley Area SD          ,Centre,"$756,278,405",0.4881,0.4346,0.5685,"$227,259,036",1756.537,"$430,550","$129,379"
110148002,State College Area SD         ,Centre,"$5,909,669,267",0.1732,0.1000,0.2832,"$1,800,135,384",8377.220,"$705,445","$214,884"
124150503,Avon Grove SD                 ,Chester,"$2,515,514,896",0.5671,0.5225,0.6341,"$758,971,130",6917.518,"$363,644","$109,717"
124151902,Coatesville Area SD           ,Chester,"$3,930,775,129",0.5081,0.4909,0.5342,"$1,415,823,161",10138.381,"$387,712","$139,649"
124152003,Downingtown Area SD           ,Chester,"$6,998,636,828",0.3347,0.3546,0.3051,"$2,966,859,888",14240.299,"$491,466","$208,342"
124153503,Great Valley SD               ,Chester,"$5,054,119,773",0.1500,0.1000,0.1000,"$1,598,649,242",4713.516,"$1,072,261","$339,162"
124154003,Kennett Consolidated SD       ,Chester,"$2,746,095,544",0.3841,0.3144,0.4888,"$806,188,707",5260.079,"$522,063","$153,265"
124156503,Octorara Area SD              ,Chester,"$1,292,094,970",0.4878,0.4918,0.4820,"$518,478,461",3338.804,"$386,993","$155,288"
124156603,Owen J Roberts SD             ,Chester,"$3,213,320,100",0.2746,0.2944,0.2450,"$1,353,585,749",5980.286,"$537,318","$226,341"
124156703,Oxford Area SD                ,Chester,"$1,593,486,212",0.6282,0.5934,0.6806,"$492,807,929",5145.485,"$309,686","$95,774"
124157203,Phoenixville Area SD          ,Chester,"$2,892,220,606",0.1500,0.1358,0.1000,"$1,187,292,913",4394.625,"$658,126","$270,169"
124157802,Tredyffrin-Easttown SD        ,Chester,"$7,742,482,863",0.1500,0.1000,0.1000,"$2,731,831,596",7476.920,"$1,035,517","$365,368"
124158503,Unionville-Chadds Ford SD     ,Chester,"$3,366,005,707",0.1500,0.1000,0.1000,"$1,317,698,589",4814.760,"$699,101","$273,678"
124159002,West Chester Area SD          ,Chester,"$11,993,394,603",0.1500,0.1000,0.1000,"$4,245,577,671",14424.050,"$831,485","$294,340"
106160303,Allegheny-Clarion Valley SD   ,Clarion,"$257,270,577",0.6731,0.6575,0.6967,"$89,701,547",986.452,"$260,803","$90,933"
106161203,Clarion Area SD               ,Clarion,"$373,515,791",0.4946,0.4886,0.5038,"$142,672,439",959.066,"$389,457","$148,761"
106161703,Clarion-Limestone Area SD     ,Clarion,"$283,761,926",0.6701,0.6786,0.6576,"$119,013,227",1159.314,"$244,767","$102,658"
106166503,Keystone  SD                  ,Clarion,"$293,220,281",0.6868,0.7057,0.6587,"$133,855,165",1308.248,"$224,132","$102,316"
106167504,North Clarion County SD       ,Clarion,"$258,454,169",0.5500,0.5313,0.5783,"$91,545,555",724.121,"$356,921","$126,423"
106168003,Redbank Valley SD             ,Clarion,"$286,792,821",0.7112,0.7370,0.6726,"$140,521,523",1431.652,"$200,322","$98,153"
106169003,Union SD                      ,Clarion,"$124,468,856",0.7623,0.7778,0.7393,"$57,485,197",735.484,"$169,233","$78,159"
106172003,Dubois Area SD                ,Clearfield,"$1,242,181,465",0.6439,0.6705,0.6042,"$587,428,802",4950.769,"$250,906","$118,654"
110171003,Clearfield Area SD            ,Clearfield,"$735,196,250",0.6611,0.6694,0.6488,"$307,479,991",2920.078,"$251,772","$105,298"
110171803,Curwensville Area SD          ,Clearfield,"$229,455,211",0.7447,0.7722,0.7036,"$117,517,046",1322.354,"$173,520","$88,869"
110173003,Glendale SD                   ,Clearfield,"$146,937,129",0.7768,0.8017,0.7396,"$75,954,333",972.953,"$151,021","$78,065"
110173504,Harmony Area SD               ,Clearfield,"$65,444,586",0.7747,0.7922,0.7486,"$31,170,404",413.529,"$158,258","$75,376"
110175003,Moshannon Valley SD           ,Clearfield,"$194,887,009",0.7383,0.7693,0.6922,"$102,344,068",1109.097,"$175,716","$92,276"
110177003,Philipsburg-Osceola Area SD   ,Clearfield,"$527,251,177",0.6928,0.7000,0.6822,"$219,869,665",2307.581,"$228,486","$95,281"
110179003,West Branch Area SD           ,Clearfield,"$241,524,905",0.7466,0.7712,0.7098,"$120,618,990",1386.228,"$174,231","$87,012"
110183602,Keystone Central SD           ,Clinton,"$1,558,279,384",0.6372,0.6330,0.6435,"$595,807,187",5574.578,"$279,533","$106,879"
116191004,Benton Area SD                ,Columbia,"$304,521,062",0.5795,0.5445,0.6321,"$96,843,094",877.884,"$346,880","$110,314"
116191103,Berwick Area SD               ,Columbia,"$1,049,561,280",0.6501,0.6374,0.6694,"$376,830,094",3801.201,"$276,113","$99,134"
116191203,Bloomsburg Area SD            ,Columbia,"$850,597,343",0.4984,0.4510,0.5696,"$262,538,580",2034.674,"$418,050","$129,032"
116191503,Central Columbia SD           ,Columbia,"$907,996,832",0.4971,0.4936,0.5026,"$351,086,871",2354.513,"$385,641","$149,112"
116195004,Millville Area SD             ,Columbia,"$304,999,304",0.5814,0.5501,0.6286,"$99,148,217",890.271,"$342,591","$111,368"
116197503,Southern Columbia Area SD     ,Columbia,"$613,086,827",0.5459,0.5422,0.5515,"$236,457,237",1758.409,"$348,659","$134,472"
105201033,Conneaut SD                   ,Crawford,"$856,540,412",0.6321,0.6066,0.6705,"$282,432,672",2858.639,"$299,632","$98,799"
105201352,Crawford Central SD           ,Crawford,"$1,132,388,615",0.6557,0.6804,0.6188,"$531,777,589",4653.022,"$243,366","$114,286"
105204703,Penncrest SD                  ,Crawford,"$876,974,851",0.6987,0.7168,0.6718,"$400,136,792",4066.193,"$215,674","$98,405"
115210503,Big Spring SD                 ,Cumberland,"$1,268,845,129",0.5401,0.5035,0.5950,"$407,520,377",3355.771,"$378,108","$121,438"
115211003,Camp Hill SD                  ,Cumberland,"$638,805,780",0.4241,0.4192,0.4316,"$246,109,419",1444.334,"$442,283","$170,396"
115211103,Carlisle Area SD              ,Cumberland,"$2,440,295,080",0.4800,0.4464,0.5307,"$814,408,631",5788.417,"$421,582","$140,696"
115211603,Cumberland Valley SD          ,Cumberland,"$5,227,306,058",0.2858,0.2542,0.3333,"$1,839,553,476",9203.919,"$567,943","$199,866"
115212503,East Pennsboro Area SD        ,Cumberland,"$1,320,039,500",0.4874,0.4737,0.5080,"$485,835,768",3293.836,"$400,760","$147,498"
115216503,Mechanicsburg Area SD         ,Cumberland,"$2,008,531,697",0.4178,0.4004,0.4441,"$733,158,415",4398.997,"$456,588","$166,664"
115218003,Shippensburg Area SD          ,Cumberland,"$1,544,821,899",0.5560,0.5072,0.6293,"$457,456,793",4116.396,"$375,285","$111,130"
115218303,South Middleton SD            ,Cumberland,"$1,436,703,276",0.3992,0.2878,0.5665,"$344,327,975",2649.023,"$542,352","$129,983"
115221402,Central Dauphin SD            ,Dauphin,"$6,637,491,946",0.3583,0.3366,0.3912,"$2,398,381,425",13139.259,"$505,164","$182,535"
115221753,Derry Township SD             ,Dauphin,"$2,340,652,400",0.2873,0.2761,0.3044,"$885,453,647",4245.781,"$551,289","$208,549"
115222504,Halifax Area SD               ,Dauphin,"$411,931,726",0.6064,0.6065,0.6063,"$162,235,229",1374.444,"$299,707","$118,036"
115222752,Harrisburg City SD            ,Dauphin,"$1,878,944,164",0.7060,0.6812,0.7434,"$595,343,037",7737.796,"$242,826","$76,939"
115224003,Lower Dauphin SD              ,Dauphin,"$1,918,250,264",0.4642,0.4406,0.4999,"$675,116,270",4503.050,"$425,989","$149,924"
115226003,Middletown Area SD            ,Dauphin,"$1,046,765,964",0.5369,0.5181,0.5653,"$371,748,857",2852.054,"$367,021","$130,344"
115226103,Millersburg Area SD           ,Dauphin,"$295,203,674",0.5913,0.6052,0.5707,"$126,383,267",981.925,"$300,637","$128,709"
115228003,Steelton-Highspire SD         ,Dauphin,"$247,239,757",0.7922,0.8008,0.7796,"$107,701,165",1629.776,"$151,701","$66,083"
115228303,Susquehanna Township SD       ,Dauphin,"$1,821,750,738",0.3660,0.3294,0.4210,"$619,279,012",3567.248,"$510,687","$173,601"
115229003,Upper Dauphin Area SD         ,Dauphin,"$420,695,215",0.6262,0.6221,0.6325,"$161,085,548",1461.953,"$287,762","$110,185"
125231232,Chester-Upland SD             ,Delaware,"$902,701,539",0.8458,0.8495,0.8404,"$376,866,426",7875.305,"$114,624","$47,854"
125231303,Chichester SD                 ,Delaware,"$1,452,444,829",0.5686,0.5301,0.6266,"$454,457,817",4059.091,"$357,825","$111,960"
125234103,Garnet Valley SD              ,Delaware,"$3,086,764,954",0.3367,0.2590,0.4534,"$896,455,301",5470.303,"$564,276","$163,876"
125234502,Haverford Township SD         ,Delaware,"$4,329,822,694",0.1500,0.1252,0.1000,"$1,775,072,113",6499.288,"$666,199","$273,117"
125235103,Interboro SD                  ,Delaware,"$1,443,027,808",0.5922,0.5544,0.6492,"$447,315,275",4252.634,"$339,325","$105,185"
125235502,Marple Newtown SD             ,Delaware,"$4,262,182,776",0.1500,0.1000,0.1000,"$1,515,164,224",4012.325,"$1,062,272","$377,627"
125236903,Penn-Delco SD                 ,Delaware,"$1,801,874,411",0.4375,0.4100,0.4789,"$626,583,732",4010.413,"$449,298","$156,239"
125237603,Radnor Township SD            ,Delaware,"$4,764,154,520",0.1500,0.1000,0.1000,"$1,910,869,457",4156.964,"$1,146,065","$459,679"
125237702,Ridley SD                     ,Delaware,"$2,321,184,744",0.5532,0.5420,0.5700,"$858,043,035",6655.159,"$348,779","$128,929"
125237903,Rose Tree Media SD            ,Delaware,"$3,899,391,973",0.1500,0.1000,0.1000,"$1,516,700,390",4449.685,"$876,329","$340,855"
125238402,Southeast Delco SD            ,Delaware,"$1,164,405,340",0.7024,0.6881,0.7242,"$405,281,587",4901.221,"$237,574","$82,689"
125238502,Springfield SD                ,Delaware,"$2,410,958,015",0.3187,0.2719,0.3892,"$796,229,327",4348.191,"$554,473","$183,117"
125239452,Upper Darby SD                ,Delaware,"$3,712,492,539",0.6464,0.6587,0.6282,"$1,592,000,144",14281.681,"$259,947","$111,471"
125239603,Wallingford-Swarthmore SD     ,Delaware,"$1,931,421,557",0.3257,0.3709,0.2582,"$896,696,754",4031.866,"$479,039","$222,402"
125239652,William Penn SD               ,Delaware,"$1,371,574,252",0.6925,0.7203,0.6511,"$673,455,824",6438.291,"$213,033","$104,601"
109243503,Johnsonburg Area SD           ,Elk,"$143,753,395",0.6901,0.7363,0.6212,"$81,288,947",715.750,"$200,843","$113,571"
109246003,Ridgway Area SD               ,Elk,"$234,020,698",0.6893,0.7303,0.6280,"$127,060,207",1139.267,"$205,413","$111,528"
109248003,Saint Marys Area SD           ,Elk,"$864,530,003",0.5435,0.5754,0.4958,"$404,149,005",2673.731,"$323,342","$151,155"
105251453,Corry Area SD                 ,Erie,"$469,500,448",0.7519,0.7655,0.7315,"$211,582,358",2628.222,"$178,638","$80,503"
105252602,Erie City SD                  ,Erie,"$2,443,327,913",0.7648,0.7973,0.7163,"$1,346,375,936",15827.646,"$154,370","$85,064"
105253303,Fairview SD                   ,Erie,"$727,847,911",0.4288,0.4995,0.3229,"$387,650,423",1909.676,"$381,136","$202,992"
105253553,Fort LeBoeuf SD               ,Erie,"$1,191,798,206",0.4894,0.3903,0.6384,"$278,281,811",2566.737,"$464,324","$108,418"
105253903,General McLane SD             ,Erie,"$832,127,989",0.5771,0.5755,0.5796,"$324,458,892",2573.948,"$323,288","$126,054"
105254053,Girard SD                     ,Erie,"$427,097,115",0.7395,0.7555,0.7157,"$195,484,738",2293.206,"$186,244","$85,245"
105254353,Harbor Creek SD               ,Erie,"$775,856,312",0.5695,0.5846,0.5471,"$332,966,127",2452.257,"$316,384","$135,779"
105256553,Iroquois SD                   ,Erie,"$208,555,348",0.7837,0.8069,0.7491,"$106,641,328",1417.637,"$147,114","$75,224"
105257602,Millcreek Township SD         ,Erie,"$3,313,881,372",0.4642,0.4962,0.4164,"$1,511,112,246",8637.204,"$383,675","$174,953"
105258303,North East SD                 ,Erie,"$505,155,509",0.6583,0.6724,0.6373,"$220,172,725",2024.762,"$249,488","$108,740"
105258503,Northwestern  SD              ,Erie,"$374,506,773",0.7346,0.7408,0.7257,"$156,014,405",1896.874,"$197,433","$82,248"
105259103,Union City Area SD            ,Erie,"$220,297,421",0.7934,0.7966,0.7888,"$90,064,164",1421.859,"$154,936","$63,342"
105259703,Wattsburg Area SD             ,Erie,"$506,509,197",0.6253,0.6313,0.6166,"$207,365,195",1803.943,"$280,778","$114,951"
101260303,Albert Gallatin Area SD       ,Fayette,"$660,546,660",0.7737,0.8065,0.7245,"$370,149,435",4481.391,"$147,397","$82,596"
101260803,Brownsville Area SD           ,Fayette,"$326,465,784",0.7779,0.8092,0.7310,"$181,205,310",2246.563,"$145,317","$80,658"
101261302,Connellsville Area SD         ,Fayette,"$1,188,494,409",0.7247,0.7401,0.7018,"$536,833,396",6004.434,"$197,936","$89,406"
101262903,Frazier SD                    ,Fayette,"$291,812,260",0.6954,0.7267,0.6485,"$147,769,552",1402.055,"$208,131","$105,394"
101264003,Laurel Highlands SD           ,Fayette,"$1,054,827,884",0.6566,0.6612,0.6499,"$429,231,207",4088.634,"$257,990","$104,981"
101268003,Uniontown Area SD             ,Fayette,"$997,922,734",0.6335,0.6195,0.6545,"$356,748,536",3443.536,"$289,795","$103,599"
106272003,Forest Area SD                ,Forest,"$405,825,238",0.3340,0.2037,0.5296,"$94,385,467",669.225,"$606,410","$141,036"
112281302,Chambersburg Area SD          ,Franklin,"$4,716,730,977",0.4824,0.4197,0.5765,"$1,355,135,350",10673.727,"$441,901","$126,959"
112282004,Fannett-Metal SD              ,Franklin,"$275,092,439",0.5240,0.4566,0.6254,"$74,662,893",664.706,"$413,855","$112,324"
112283003,Greencastle-Antrim SD         ,Franklin,"$1,456,731,795",0.5065,0.4626,0.5727,"$456,051,792",3559.675,"$409,231","$128,116"
112286003,Tuscarora SD                  ,Franklin,"$1,235,499,511",0.5340,0.4739,0.6243,"$347,345,604",3083.695,"$400,655","$112,639"
112289003,Waynesboro Area SD            ,Franklin,"$1,872,380,956",0.5461,0.5076,0.6040,"$592,784,428",4993.296,"$374,978","$118,716"
111291304,Central Fulton SD             ,Fulton,"$367,039,302",0.6014,0.5681,0.6516,"$116,563,830",1115.888,"$328,921","$104,458"
111292304,Forbes Road SD                ,Fulton,"$158,442,302",0.6343,0.5929,0.6967,"$46,476,387",510.999,"$310,063","$90,952"
111297504,Southern Fulton SD            ,Fulton,"$320,517,117",0.6400,0.5978,0.7035,"$93,039,395",1046.510,"$306,272","$88,904"
101301303,Carmichaels Area SD           ,Greene,"$175,994,665",0.7616,0.8250,0.6666,"$132,009,163",1320.427,"$133,286","$99,974"
101301403,Central Greene SD             ,Greene,"$631,925,633",0.6128,0.6409,0.5708,"$297,391,771",2310.904,"$273,453","$128,690"
101303503,Jefferson-Morgan SD           ,Greene,"$184,255,430",0.7074,0.7608,0.6277,"$112,878,019",1011.286,"$182,199","$111,618"
101306503,Southeastern Greene SD        ,Greene,"$123,898,978",0.7117,0.7807,0.6084,"$87,105,856",741.828,"$167,018","$117,420"
101308503,West Greene SD                ,Greene,"$598,214,293",0.3541,0.2118,0.5678,"$129,134,380",996.617,"$600,244","$129,572"
111312503,Huntingdon Area SD            ,Huntingdon,"$830,490,775",0.5973,0.5666,0.6437,"$268,816,905",2516.325,"$330,041","$106,829"
111312804,Juniata Valley SD             ,Huntingdon,"$250,929,232",0.6515,0.6343,0.6775,"$87,122,240",900.891,"$278,534","$96,706"
111316003,Mount Union Area SD           ,Huntingdon,"$349,485,251",0.7633,0.7512,0.7816,"$120,748,242",1844.119,"$189,513","$65,477"
111317503,Southern Huntingdon County SD ,Huntingdon,"$444,130,793",0.6465,0.5993,0.7177,"$123,158,245",1455.246,"$305,192","$84,630"
128321103,Blairsville-Saltsburg SD      ,Indiana,"$493,458,223",0.6711,0.6992,0.6291,"$239,579,965",2154.205,"$229,067","$111,215"
128323303,Homer-Center SD               ,Indiana,"$237,974,240",0.6742,0.6991,0.6370,"$113,022,358",1038.553,"$229,140","$108,826"
128323703,Indiana Area SD               ,Indiana,"$1,346,562,716",0.4289,0.4532,0.3925,"$588,976,870",3233.528,"$416,437","$182,146"
128325203,Marion Center Area SD         ,Indiana,"$407,912,505",0.6432,0.6691,0.6046,"$191,912,628",1618.874,"$251,972","$118,546"
128326303,Penns Manor Area SD           ,Indiana,"$182,385,674",0.7290,0.7747,0.6605,"$108,200,829",1063.105,"$171,559","$101,778"
128327303,Purchase Line SD              ,Indiana,"$200,571,401",0.7536,0.7824,0.7106,"$105,003,976",1210.314,"$165,718","$86,757"
128328003,United SD                     ,Indiana,"$308,412,979",0.7006,0.7138,0.6811,"$135,311,683",1415.053,"$217,951","$95,623"
106330703,Brockway Area SD              ,Jefferson,"$277,220,987",0.6584,0.7181,0.5692,"$166,759,030",1291.218,"$214,697","$129,148"
106330803,Brookville Area SD            ,Jefferson,"$544,551,272",0.6357,0.6332,0.6397,"$210,620,397",1949.449,"$279,335","$108,040"
106338003,Punxsutawney Area SD          ,Jefferson,"$699,641,201",0.6354,0.6768,0.5735,"$363,415,679",2842.069,"$246,173","$127,870"
111343603,Juniata County SD             ,Juniata,"$1,267,807,061",0.5697,0.5286,0.6315,"$390,273,032",3531.919,"$358,957","$110,498"
119350303,Abington Heights SD           ,Lackawanna,"$1,681,804,336",0.3719,0.4407,0.2689,"$865,428,866",3948.399,"$425,945","$219,184"
119351303,Carbondale Area SD            ,Lackawanna,"$302,406,637",0.7693,0.7970,0.7279,"$159,585,885",1955.921,"$154,610","$81,591"
119352203,Dunmore SD                    ,Lackawanna,"$599,044,609",0.5198,0.5717,0.4421,"$307,174,725",1836.629,"$326,165","$167,249"
119354603,Lakeland SD                   ,Lackawanna,"$608,679,768",0.5776,0.5822,0.5709,"$246,102,452",1912.799,"$318,214","$128,660"
119355503,Mid Valley SD                 ,Lackawanna,"$856,093,242",0.4782,0.4337,0.5451,"$270,725,022",1985.073,"$431,265","$136,380"
119356503,North Pocono SD               ,Lackawanna,"$1,448,753,524",0.5241,0.4889,0.5771,"$471,956,292",3722.358,"$389,203","$126,789"
119356603,Old Forge SD                  ,Lackawanna,"$377,111,915",0.5261,0.5467,0.4954,"$165,279,168",1092.489,"$345,186","$151,286"
119357003,Riverside SD                  ,Lackawanna,"$708,958,228",0.5517,0.5329,0.5801,"$250,897,640",1993.111,"$355,704","$125,882"
119357402,Scranton SD                   ,Lackawanna,"$2,197,521,550",0.7308,0.7444,0.7107,"$979,003,722",11288.129,"$194,675","$86,728"
119358403,Valley View SD                ,Lackawanna,"$867,634,664",0.6087,0.6204,0.5913,"$367,696,700",3000.894,"$289,125","$122,529"
113361303,Cocalico SD                   ,Lancaster,"$1,580,688,846",0.4835,0.4532,0.5290,"$535,978,020",3795.938,"$416,415","$141,197"
113361503,Columbia Borough SD           ,Lancaster,"$344,635,685",0.7147,0.7274,0.6958,"$151,406,107",1660.085,"$207,601","$91,203"
113361703,Conestoga Valley SD           ,Lancaster,"$2,809,280,767",0.3715,0.2836,0.5036,"$766,309,303",5149.107,"$545,586","$148,823"
113362203,Donegal SD                    ,Lancaster,"$1,200,335,729",0.5465,0.5400,0.5563,"$455,827,948",3426.819,"$350,276","$133,017"
113362303,Eastern Lancaster County SD   ,Lancaster,"$2,217,955,461",0.2882,0.2125,0.4019,"$663,217,026",3698.669,"$599,663","$179,312"
113362403,Elizabethtown Area SD         ,Lancaster,"$1,591,623,026",0.5255,0.5426,0.5001,"$684,808,174",4569.134,"$348,342","$149,877"
113362603,Ephrata Area SD               ,Lancaster,"$1,948,002,415",0.4729,0.4672,0.4816,"$746,100,514",4800.770,"$405,768","$155,412"
113363103,Hempfield  SD                 ,Lancaster,"$3,721,762,251",0.4026,0.3951,0.4142,"$1,419,013,379",8079.481,"$460,643","$175,631"
113363603,Lampeter-Strasburg SD         ,Lancaster,"$1,739,562,056",0.4171,0.3781,0.4758,"$577,267,275",3673.383,"$473,558","$157,148"
113364002,Lancaster SD                  ,Lancaster,"$2,767,594,740",0.7125,0.7192,0.7027,"$1,153,555,066",12941.815,"$213,849","$89,133"
113364403,Manheim Central SD            ,Lancaster,"$1,740,507,397",0.3778,0.3467,0.4246,"$603,602,936",3498.684,"$497,474","$172,522"
113364503,Manheim Township SD           ,Lancaster,"$3,240,726,764",0.3746,0.3778,0.3700,"$1,291,796,004",6839.084,"$473,853","$188,884"
113365203,Penn Manor SD                 ,Lancaster,"$2,537,599,431",0.4719,0.4543,0.4986,"$917,929,147",6106.292,"$415,571","$150,325"
113365303,Pequea Valley SD              ,Lancaster,"$1,375,204,883",0.2416,0.1501,0.3792,"$395,501,532",2124.911,"$647,182","$186,126"
113367003,Solanco SD                    ,Lancaster,"$2,082,396,041",0.4576,0.3806,0.5733,"$564,848,231",4414.966,"$471,667","$127,939"
113369003,Warwick SD                    ,Lancaster,"$2,053,936,070",0.4759,0.4838,0.4644,"$839,080,256",5225.183,"$393,084","$160,583"
104372003,Ellwood City Area SD          ,Lawrence,"$501,307,913",0.6889,0.7302,0.6270,"$272,824,808",2439.248,"$205,517","$111,847"
104374003,Laurel SD                     ,Lawrence,"$355,449,945",0.6816,0.7116,0.6368,"$176,207,195",1618.105,"$219,670","$108,897"
104375003,Mohawk Area SD                ,Lawrence,"$443,819,237",0.6561,0.6871,0.6098,"$217,866,672",1862.450,"$238,298","$116,978"
104375203,Neshannock Township SD        ,Lawrence,"$587,024,734",0.4555,0.5080,0.3769,"$292,686,451",1566.652,"$374,700","$186,822"
104375302,New Castle Area SD            ,Lawrence,"$489,041,033",0.8168,0.8388,0.7840,"$258,007,115",3983.092,"$122,779","$64,775"
104376203,Shenango Area SD              ,Lawrence,"$364,467,441",0.6574,0.6780,0.6267,"$166,370,351",1486.363,"$245,207","$111,931"
104377003,Union Area SD                 ,Lawrence,"$236,565,300",0.6970,0.6887,0.7096,"$86,879,792",997.751,"$237,098","$87,075"
104378003,Wilmington Area SD            ,Lawrence,"$485,784,279",0.5817,0.6144,0.5329,"$231,654,226",1654.207,"$293,665","$140,039"
113380303,Annville-Cleona SD            ,Lebanon,"$701,446,249",0.5078,0.4845,0.5429,"$244,906,476",1786.874,"$392,554","$137,058"
113381303,Cornwall-Lebanon SD           ,Lebanon,"$2,388,452,780",0.4585,0.4266,0.5065,"$809,336,415",5469.862,"$436,656","$147,962"
113382303,Eastern Lebanon County SD     ,Lebanon,"$1,419,793,118",0.4118,0.3478,0.5080,"$421,631,026",2858.645,"$496,666","$147,493"
113384603,Lebanon SD                    ,Lebanon,"$704,315,459",0.8225,0.8331,0.8068,"$320,976,014",5541.358,"$127,101","$57,923"
113385003,Northern Lebanon SD           ,Lebanon,"$1,247,898,196",0.4723,0.4132,0.5611,"$367,470,859",2792.402,"$446,890","$131,596"
113385303,Palmyra Area SD               ,Lebanon,"$1,563,792,752",0.4681,0.4595,0.4811,"$591,003,306",3798.993,"$411,633","$155,568"
121390302,Allentown City SD             ,Lehigh,"$3,963,106,034",0.7674,0.7630,0.7741,"$1,487,437,429",21959.752,"$180,471","$67,734"
121391303,Catasauqua Area SD            ,Lehigh,"$808,433,257",0.5093,0.4202,0.6431,"$195,907,622",1830.879,"$441,554","$107,001"
121392303,East Penn SD                  ,Lehigh,"$4,566,243,319",0.3890,0.3718,0.4150,"$1,673,879,457",9544.281,"$478,427","$175,380"
121394503,Northern Lehigh SD            ,Lehigh,"$666,971,518",0.6010,0.5931,0.6130,"$249,771,076",2152.552,"$309,851","$116,034"
121394603,Northwestern Lehigh SD        ,Lehigh,"$1,245,206,862",0.4132,0.3955,0.4399,"$454,177,220",2704.835,"$460,363","$167,913"
121395103,Parkland SD                   ,Lehigh,"$6,733,084,717",0.2683,0.1915,0.3835,"$2,021,278,524",10935.975,"$615,682","$184,828"
121395603,Salisbury Township SD         ,Lehigh,"$1,191,725,068",0.2523,0.1993,0.3320,"$391,417,938",1954.555,"$609,716","$200,259"
121395703,Southern Lehigh SD            ,Lehigh,"$2,299,962,073",0.1903,0.1832,0.2010,"$885,773,532",3697.840,"$621,974","$239,538"
121397803,Whitehall-Coplay SD           ,Lehigh,"$2,051,881,650",0.5186,0.4672,0.5959,"$612,788,477",5057.239,"$405,731","$121,170"
118401403,Crestwood SD                  ,Luzerne,"$1,283,328,913",0.5174,0.5326,0.4949,"$546,002,818",3605.612,"$355,925","$151,431"
118401603,Dallas SD                     ,Luzerne,"$1,162,246,443",0.4540,0.5302,0.3398,"$643,005,951",3248.852,"$357,740","$197,917"
118402603,Greater Nanticoke Area SD     ,Luzerne,"$470,501,269",0.7430,0.7757,0.6942,"$252,482,004",2753.990,"$170,843","$91,678"
118403003,Hanover Area SD               ,Luzerne,"$608,171,726",0.6661,0.6756,0.6520,"$256,877,185",2461.629,"$247,060","$104,352"
118403302,Hazleton Area SD              ,Luzerne,"$3,406,873,437",0.6448,0.6348,0.6602,"$1,247,877,328",12249.426,"$278,125","$101,872"
118403903,Lake-Lehman SD                ,Luzerne,"$856,963,558",0.5208,0.5427,0.4880,"$377,718,355",2460.637,"$348,268","$153,504"
118406003,Northwest Area SD             ,Luzerne,"$400,106,015",0.6501,0.6542,0.6440,"$162,154,172",1519.096,"$263,384","$106,743"
118406602,Pittston Area SD              ,Luzerne,"$1,090,891,380",0.6116,0.6420,0.5660,"$520,568,596",4001.069,"$272,649","$130,107"
118408852,Wilkes-Barre Area SD          ,Luzerne,"$2,410,682,019",0.6533,0.6442,0.6671,"$887,972,395",8896.061,"$270,983","$99,816"
118409203,Wyoming Area SD               ,Luzerne,"$819,342,132",0.6183,0.6428,0.5818,"$377,642,160",3012.016,"$272,024","$125,378"
118409302,Wyoming Valley West SD        ,Luzerne,"$1,406,559,954",0.6661,0.7066,0.6057,"$744,166,968",6295.488,"$223,423","$118,206"
117412003,East Lycoming SD              ,Lycoming,"$523,462,699",0.6348,0.6467,0.6170,"$223,440,879",1945.631,"$269,045","$114,842"
117414003,Jersey Shore Area SD          ,Lycoming,"$838,719,117",0.6585,0.6595,0.6571,"$332,525,413",3234.255,"$259,323","$102,813"
117414203,Loyalsock Township SD         ,Lycoming,"$700,989,116",0.4349,0.4670,0.3869,"$317,424,518",1727.041,"$405,890","$183,796"
117415004,Montgomery Area SD            ,Lycoming,"$289,125,855",0.6259,0.6218,0.6324,"$110,646,071",1003.944,"$287,990","$110,211"
117415103,Montoursville Area SD         ,Lycoming,"$795,266,239",0.5395,0.5545,0.5171,"$339,324,282",2343.980,"$339,280","$144,764"
117415303,Muncy SD                      ,Lycoming,"$478,840,140",0.5219,0.4776,0.5885,"$148,487,521",1203.544,"$397,858","$123,375"
117416103,South Williamsport Area SD    ,Lycoming,"$370,683,385",0.6646,0.6908,0.6257,"$176,630,751",1574.054,"$235,495","$112,213"
117417202,Williamsport Area SD          ,Lycoming,"$1,508,874,375",0.6724,0.6872,0.6504,"$663,990,673",6334.425,"$238,202","$104,822"
109420803,Bradford Area SD              ,McKean,"$534,215,318",0.6699,0.7686,0.5221,"$434,251,134",3030.928,"$176,254","$143,273"
109422303,Kane Area SD                  ,McKean,"$212,845,185",0.7708,0.8064,0.7175,"$122,260,796",1443.411,"$147,459","$84,702"
109426003,Otto-Eldred SD                ,McKean,"$95,613,652",0.8202,0.8449,0.7833,"$52,601,527",809.516,"$118,112","$64,978"
109426303,Port Allegany SD              ,McKean,"$179,886,911",0.7624,0.7835,0.7309,"$87,988,327",1090.685,"$164,930","$80,672"
109427503,Smethport Area SD             ,McKean,"$210,747,170",0.7307,0.7472,0.7060,"$96,483,691",1094.689,"$192,517","$88,137"
104431304,Commodore Perry SD            ,Mercer,"$158,801,221",0.6456,0.6650,0.6166,"$71,547,747",622.368,"$255,156","$114,960"
104432503,Farrell Area SD               ,Mercer,"$129,598,978",0.8288,0.8335,0.8219,"$54,559,813",1021.824,"$126,831","$53,394"
104432803,Greenville Area SD            ,Mercer,"$352,760,506",0.7141,0.7307,0.6894,"$160,166,720",1719.915,"$205,103","$93,124"
104432903,Grove City Area SD            ,Mercer,"$764,383,126",0.5998,0.6071,0.5890,"$314,793,253",2554.411,"$299,240","$123,235"
104433303,Hermitage SD                  ,Mercer,"$941,394,388",0.5171,0.5198,0.5134,"$375,488,089",2574.035,"$365,727","$145,875"
104433604,Jamestown Area SD             ,Mercer,"$208,528,578",0.6433,0.5993,0.7097,"$59,469,792",683.339,"$305,161","$87,028"
104433903,Lakeview SD                   ,Mercer,"$388,968,739",0.6533,0.6533,0.6536,"$153,010,539",1473.261,"$264,018","$103,858"
104435003,Mercer Area SD                ,Mercer,"$424,853,911",0.6347,0.6467,0.6169,"$181,379,554",1579.101,"$269,047","$114,862"
104435303,Reynolds SD                   ,Mercer,"$332,913,281",0.6910,0.7081,0.6656,"$150,125,553",1497.308,"$222,341","$100,263"
104435603,Sharon City SD                ,Mercer,"$294,710,850",0.8239,0.8500,0.7848,"$166,473,250",2580.071,"$114,225","$64,522"
104435703,Sharpsville Area SD           ,Mercer,"$276,029,111",0.7289,0.7609,0.6811,"$144,921,512",1515.763,"$182,105","$95,609"
104437503,West Middlesex Area SD        ,Mercer,"$312,727,577",0.6566,0.6730,0.6320,"$138,567,099",1255.775,"$249,031","$110,343"
111444602,Mifflin County SD             ,Mifflin,"$1,636,882,619",0.6615,0.6652,0.6561,"$661,974,873",6419.470,"$254,987","$103,119"
120452003,East Stroudsburg Area SD      ,Monroe,"$3,640,815,482",0.5992,0.4884,0.7655,"$656,949,073",9344.630,"$389,615","$70,302"
120455203,Pleasant Valley SD            ,Monroe,"$2,144,463,324",0.6417,0.5865,0.7247,"$562,098,417",6809.203,"$314,936","$82,549"
120455403,Pocono Mountain SD            ,Monroe,"$6,037,896,275",0.5418,0.3900,0.7696,"$898,111,144",12997.334,"$464,548","$69,099"
120456003,Stroudsburg Area SD           ,Monroe,"$2,726,930,919",0.5437,0.4524,0.6808,"$625,794,041",6539.173,"$417,014","$95,699"
123460302,Abington SD                   ,Montgomery,"$5,169,835,178",0.2339,0.2299,0.2400,"$2,008,601,899",8815.349,"$586,458","$227,852"
123460504,Bryn Athyn SD                 ,Montgomery,"$168,644,308",0.1500,0.1000,0.1000,"$68,534,578",21.119,"$7,985,430","$3,245,162"
123461302,Cheltenham Township SD        ,Montgomery,"$2,801,144,929",0.3174,0.3149,0.3214,"$1,092,322,093",5368.917,"$521,733","$203,452"
123461602,Colonial SD                   ,Montgomery,"$6,240,951,036",0.1500,0.1000,0.1000,"$1,888,948,271",5585.603,"$1,117,328","$338,181"
123463603,Hatboro-Horsham SD            ,Montgomery,"$3,822,263,762",0.2083,0.1354,0.3179,"$1,187,203,050",5805.498,"$658,386","$204,496"
123463803,Jenkintown SD                 ,Montgomery,"$428,027,699",0.1840,0.2401,0.1000,"$248,859,510",739.671,"$578,673","$336,446"
123464502,Lower Merion SD               ,Montgomery,"$12,162,531,059",0.1500,0.1000,0.1000,"$6,369,182,425",8484.227,"$1,433,546","$750,708"
123464603,Lower Moreland Township SD    ,Montgomery,"$1,602,209,400",0.1766,0.1728,0.1827,"$623,195,407",2543.470,"$629,930","$245,017"
123465303,Methacton SD                  ,Montgomery,"$3,773,238,699",0.2018,0.1814,0.2325,"$1,392,645,615",6052.740,"$623,393","$230,085"
123465602,Norristown Area SD            ,Montgomery,"$3,971,715,160",0.4057,0.3985,0.4165,"$1,516,704,696",8670.136,"$458,091","$174,934"
123465702,North Penn SD                 ,Montgomery,"$10,003,288,153",0.1699,0.1000,0.2748,"$3,169,623,627",14577.788,"$686,200","$217,428"
123466103,Perkiomen Valley SD           ,Montgomery,"$3,000,004,280",0.4255,0.4262,0.4246,"$1,184,392,457",6865.162,"$436,989","$172,522"
123466303,Pottsgrove SD                 ,Montgomery,"$1,452,035,239",0.5276,0.5149,0.5468,"$534,090,235",3930.902,"$369,389","$135,869"
123466403,Pottstown SD                  ,Montgomery,"$1,010,306,755",0.6474,0.6381,0.6615,"$372,044,566",3665.543,"$275,622","$101,497"
123467103,Souderton Area SD             ,Montgomery,"$4,032,546,831",0.3505,0.3265,0.3865,"$1,446,188,081",7862.474,"$512,885","$183,935"
123467203,Springfield Township SD       ,Montgomery,"$1,926,658,628",0.1500,0.1000,0.1000,"$858,262,485",2555.075,"$754,051","$335,905"
123467303,Spring-Ford Area SD           ,Montgomery,"$5,371,715,075",0.2829,0.2175,0.3812,"$1,672,321,914",9014.249,"$595,913","$185,519"
123468303,Upper Dublin SD               ,Montgomery,"$3,416,968,596",0.1500,0.1103,0.1520,"$1,282,261,924",5043.531,"$677,495","$254,238"
123468402,Upper Merion Area SD          ,Montgomery,"$4,905,513,013",0.1500,0.1000,0.1000,"$1,331,956,540",4481.642,"$1,094,579","$297,202"
123468503,Upper Moreland Township SD    ,Montgomery,"$2,164,147,280",0.2734,0.2064,0.3741,"$672,010,453",3580.969,"$604,346","$187,661"
123468603,Upper Perkiomen SD            ,Montgomery,"$1,674,385,386",0.4624,0.4258,0.5176,"$553,770,493",3829.262,"$437,260","$144,615"
123469303,Wissahickon SD                ,Montgomery,"$5,425,081,813",0.1500,0.1000,0.1000,"$2,155,345,461",5261.620,"$1,031,066","$409,635"
116471803,Danville Area SD              ,Montour,"$1,213,596,107",0.4273,0.4406,0.4077,"$505,915,020",2848.971,"$425,976","$177,578"
120480803,Bangor Area SD                ,Northampton,"$1,497,226,657",0.5493,0.5035,0.6181,"$453,386,135",3959.978,"$378,089","$114,492"
120481002,Bethlehem Area SD             ,Northampton,"$7,880,422,114",0.4645,0.4214,0.5293,"$2,523,718,240",17883.771,"$440,646","$141,117"
120483302,Easton Area SD                ,Northampton,"$4,181,811,458",0.5227,0.4879,0.5752,"$1,365,509,573",10722.269,"$390,011","$127,352"
120484803,Nazareth Area SD              ,Northampton,"$2,783,878,436",0.4157,0.3502,0.5142,"$819,379,530",5625.756,"$494,845","$145,647"
120484903,Northampton Area SD           ,Northampton,"$2,962,614,788",0.4517,0.4218,0.4968,"$1,015,124,178",6728.809,"$440,288","$150,862"
120485603,Pen Argyl Area SD             ,Northampton,"$833,649,685",0.5263,0.4927,0.5769,"$273,721,575",2157.776,"$386,346","$126,853"
120486003,Saucon Valley SD              ,Northampton,"$1,556,562,385",0.2488,0.2639,0.2263,"$644,078,651",2776.709,"$560,578","$231,957"
120488603,Wilson Area SD                ,Northampton,"$1,093,525,677",0.4926,0.4478,0.5602,"$342,923,793",2600.617,"$420,487","$131,862"
116493503,Line Mountain SD              ,Northumberland,"$382,225,042",0.6590,0.6673,0.6468,"$159,737,841",1508.605,"$253,363","$105,884"
116495003,Milton Area SD                ,Northumberland,"$715,942,601",0.6460,0.6461,0.6461,"$281,854,881",2656.022,"$269,554","$106,119"
116495103,Mount Carmel Area SD          ,Northumberland,"$272,470,515",0.7683,0.8078,0.7093,"$162,203,776",1861.114,"$146,401","$87,154"
116496503,Shamokin Area SD              ,Northumberland,"$434,143,411",0.7690,0.8043,0.7164,"$247,748,090",2913.241,"$149,024","$85,042"
116496603,Shikellamy SD                 ,Northumberland,"$858,651,238",0.6576,0.6857,0.6155,"$413,555,585",3586.995,"$239,378","$115,293"
116498003,Warrior Run SD                ,Northumberland,"$616,703,955",0.5890,0.5891,0.5892,"$242,735,761",1970.992,"$312,890","$123,154"
115503004,Greenwood SD                  ,Perry,"$314,813,971",0.6006,0.5726,0.6428,"$103,569,763",967.144,"$325,508","$107,088"
115504003,Newport SD                    ,Perry,"$385,784,347",0.6462,0.6312,0.6689,"$136,357,652",1373.678,"$280,840","$99,264"
115506003,Susquenita SD                 ,Perry,"$700,995,799",0.5708,0.5781,0.5601,"$287,728,930",2181.503,"$321,336","$131,894"
115508003,West Perry SD                 ,Perry,"$1,044,632,710",0.5836,0.5545,0.6274,"$344,024,905",3079.344,"$339,238","$111,720"
126515001,Philadelphia City SD          ,Philadelphia,"$44,013,077,555",0.7262,0.7521,0.6876,"$21,832,331,296",233066.668,"$188,843","$93,674"
120522003,Delaware Valley SD            ,Pike,"$2,655,661,020",0.5694,0.4337,0.7732,"$418,824,683",6157.849,"$431,264","$68,014"
109530304,Austin Area SD                ,Potter,"$92,997,458",0.5452,0.4429,0.6988,"$19,799,011",219.206,"$424,246","$90,321"
109531304,Coudersport Area SD           ,Potter,"$318,534,895",0.6098,0.5865,0.6448,"$107,735,596",1011.641,"$314,869","$106,495"
109532804,Galeton Area SD               ,Potter,"$239,412,468",0.4215,0.2659,0.6550,"$44,301,933",428.256,"$559,040","$103,447"
109535504,Northern Potter SD            ,Potter,"$223,545,203",0.6308,0.5653,0.7293,"$54,799,269",675.274,"$331,043","$81,151"
109537504,Oswayo Valley SD              ,Potter,"$134,681,517",0.6978,0.6960,0.7007,"$52,206,692",581.732,"$231,518","$89,743"
129540803,Blue Mountain SD              ,Schuylkill,"$1,180,557,435",0.5327,0.5465,0.5122,"$499,917,383",3418.627,"$345,330","$146,233"
129544503,Mahanoy Area SD               ,Schuylkill,"$208,833,461",0.7690,0.7940,0.7317,"$107,050,059",1330.750,"$156,929","$80,443"
129544703,Minersville Area SD           ,Schuylkill,"$336,348,955",0.6964,0.7040,0.6850,"$140,937,178",1492.023,"$225,431","$94,460"
129545003,North Schuylkill SD           ,Schuylkill,"$469,791,729",0.6948,0.7392,0.6283,"$263,619,051",2365.419,"$198,608","$111,447"
129546003,Pine Grove Area SD            ,Schuylkill,"$578,439,379",0.6172,0.6051,0.6356,"$210,166,229",1923.512,"$300,720","$109,261"
129546103,Pottsville Area SD            ,Schuylkill,"$653,701,048",0.6816,0.7420,0.5912,"$407,753,611",3326.460,"$196,515","$122,578"
129546803,Saint Clair Area SD           ,Schuylkill,"$273,532,463",0.6694,0.6592,0.6848,"$99,589,929",1053.865,"$259,551","$94,499"
129547203,Shenandoah Valley SD          ,Schuylkill,"$151,025,238",0.8237,0.8569,0.7740,"$93,871,216",1385.357,"$109,015","$67,759"
129547303,Schuylkill Haven Area SD      ,Schuylkill,"$370,681,808",0.6703,0.6891,0.6423,"$167,921,834",1565.770,"$236,740","$107,245"
129547603,Tamaqua Area SD               ,Schuylkill,"$813,222,569",0.5863,0.5649,0.6185,"$280,694,995",2454.267,"$331,350","$114,370"
129547803,Tri-Valley SD                 ,Schuylkill,"$345,722,189",0.5576,0.5531,0.5645,"$132,624,374",1015.783,"$340,350","$130,563"
129548803,Williams Valley SD            ,Schuylkill,"$215,913,333",0.7472,0.7814,0.6961,"$118,154,417",1296.792,"$166,498","$91,112"
116555003,Midd-West SD                  ,Snyder,"$876,126,971",0.6106,0.5677,0.6752,"$259,179,497",2661.272,"$329,213","$97,389"
116557103,Selinsgrove Area SD           ,Snyder,"$1,180,839,514",0.5528,0.5217,0.5996,"$389,118,349",3241.543,"$364,283","$120,041"
108561003,Berlin Brothersvalley SD      ,Somerset,"$278,405,797",0.6501,0.6522,0.6472,"$111,203,486",1051.203,"$264,844","$105,786"
108561803,Conemaugh Township Area SD    ,Somerset,"$285,623,377",0.6469,0.6826,0.5935,"$144,012,989",1181.618,"$241,722","$121,877"
108565203,Meyersdale Area SD            ,Somerset,"$241,858,489",0.6913,0.7089,0.6650,"$109,567,409",1090.796,"$221,726","$100,447"
108565503,North Star SD                 ,Somerset,"$344,466,094",0.6604,0.6760,0.6372,"$151,833,312",1395.941,"$246,762","$108,767"
108566303,Rockwood Area SD              ,Somerset,"$653,792,835",0.2794,0.1000,0.5485,"$128,088,146",946.148,"$691,004","$135,378"
108567004,Salisbury-Elk Lick SD         ,Somerset,"$106,011,480",0.5811,0.5764,0.5884,"$40,550,417",328.612,"$322,603","$123,399"
108567204,Shade-Central City SD         ,Somerset,"$138,451,866",0.7266,0.7315,0.7193,"$56,972,170",676.931,"$204,528","$84,162"
108567404,Shanksville-Stonycreek SD     ,Somerset,"$334,927,550",0.2724,0.1000,0.5312,"$64,385,094",458.064,"$731,180","$140,559"
108567703,Somerset Area SD              ,Somerset,"$1,155,299,752",0.4336,0.4483,0.4119,"$484,909,091",2750.014,"$420,106","$176,329"
108568404,Turkeyfoot Valley Area SD     ,Somerset,"$169,711,035",0.6253,0.5359,0.7597,"$34,594,933",480.132,"$353,467","$72,052"
108569103,Windber Area SD               ,Somerset,"$287,179,478",0.7159,0.7492,0.6662,"$150,502,508",1503.615,"$190,992","$100,093"
117576303,Sullivan County SD            ,Sullivan,"$741,523,450",0.2774,0.1000,0.5437,"$112,036,214",818.922,"$905,487","$136,809"
119581003,Blue Ridge SD                 ,Susquehanna,"$378,420,596",0.6671,0.5991,0.7694,"$85,688,896",1239.526,"$305,294","$69,130"
119582503,Elk Lake SD                   ,Susquehanna,"$387,572,533",0.6131,0.6508,0.5569,"$193,590,962",1457.165,"$265,977","$132,854"
119583003,Forest City Regional SD       ,Susquehanna,"$430,893,009",0.4920,0.3986,0.6324,"$103,681,232",940.790,"$458,011","$110,206"
119584503,Montrose Area SD              ,Susquehanna,"$628,108,587",0.6169,0.5729,0.6832,"$183,435,093",1930.886,"$325,295","$95,000"
119584603,Mountain View SD              ,Susquehanna,"$535,098,647",0.5320,0.5002,0.5798,"$177,133,295",1405.904,"$380,608","$125,992"
119586503,Susquehanna Community SD      ,Susquehanna,"$234,444,263",0.7421,0.6979,0.8086,"$58,475,825",1018.924,"$230,090","$57,389"
117596003,Northern Tioga SD             ,Tioga,"$565,466,246",0.7213,0.7048,0.7464,"$191,212,906",2514.747,"$224,860","$76,036"
117597003,Southern Tioga SD             ,Tioga,"$755,515,981",0.5846,0.5799,0.5919,"$288,950,568",2361.489,"$319,932","$122,359"
117598503,Wellsboro Area SD             ,Tioga,"$662,544,264",0.5296,0.5220,0.5410,"$250,463,636",1819.901,"$364,055","$137,624"
116604003,Lewisburg Area SD             ,Union,"$943,757,507",0.4135,0.4482,0.3617,"$429,812,685",2246.029,"$420,189","$191,365"
116605003,Mifflinburg Area SD           ,Union,"$875,264,871",0.6058,0.5688,0.6617,"$270,341,654",2665.659,"$328,348","$101,416"
106611303,Cranberry Area SD             ,Venango,"$438,623,404",0.6034,0.5943,0.6174,"$162,848,765",1419.604,"$308,975","$114,714"
106612203,Franklin Area SD              ,Venango,"$538,369,408",0.6784,0.7119,0.6283,"$273,424,934",2453.408,"$219,437","$111,446"
106616203,Oil City Area SD              ,Venango,"$335,627,737",0.7876,0.8334,0.7191,"$222,767,323",2644.966,"$126,893","$84,223"
106617203,Titusville Area SD            ,Venango,"$416,608,151",0.7568,0.7702,0.7369,"$187,780,673",2380.297,"$175,023","$78,889"
106618603,Valley Grove SD               ,Venango,"$205,771,225",0.7257,0.7586,0.6766,"$108,509,754",1119.003,"$183,888","$96,970"
105628302,Warren County SD              ,Warren,"$1,242,529,452",0.6919,0.7238,0.6443,"$629,846,467",5906.126,"$210,379","$106,642"
101630504,Avella Area SD                ,Washington,"$186,576,776",0.5603,0.6662,0.4016,"$131,699,610",734.036,"$254,179","$179,418"
101630903,Bentworth SD                  ,Washington,"$325,504,021",0.6761,0.7053,0.6327,"$159,690,941",1450.249,"$224,446","$110,112"
101631003,Bethlehem-Center SD           ,Washington,"$255,747,437",0.7258,0.7836,0.6394,"$167,743,437",1551.514,"$164,837","$108,115"
101631203,Burgettstown Area SD          ,Washington,"$396,454,163",0.6391,0.6898,0.5634,"$219,683,147",1678.255,"$236,229","$130,899"
101631503,California Area SD            ,Washington,"$259,712,575",0.6753,0.7053,0.6305,"$128,198,201",1157.100,"$224,451","$110,792"
101631703,Canon-McMillan SD             ,Washington,"$2,267,104,587",0.4523,0.4780,0.4138,"$1,002,255,698",5702.846,"$397,539","$175,746"
101631803,Charleroi SD                  ,Washington,"$347,481,496",0.7368,0.7779,0.6753,"$199,962,296",2054.245,"$169,152","$97,341"
101631903,Chartiers-Houston SD          ,Washington,"$453,833,318",0.5323,0.5796,0.4616,"$228,851,692",1417.688,"$320,122","$161,425"
101632403,Fort Cherry SD                ,Washington,"$393,450,743",0.5633,0.6123,0.4900,"$203,717,314",1332.443,"$295,285","$152,890"
101633903,McGuffey SD                   ,Washington,"$789,784,468",0.5530,0.5560,0.5486,"$316,124,501",2335.841,"$338,115","$135,336"
101636503,Peters Township SD            ,Washington,"$1,987,599,125",0.3827,0.4873,0.2261,"$1,181,268,364",5091.100,"$390,406","$232,026"
101637002,Ringgold SD                   ,Washington,"$985,927,280",0.6090,0.6542,0.5413,"$514,930,090",3743.911,"$263,341","$137,538"
101638003,Trinity Area SD               ,Washington,"$1,453,596,754",0.4960,0.5271,0.4497,"$666,023,628",4036.669,"$360,098","$164,993"
101638803,Washington SD                 ,Washington,"$472,217,421",0.6515,0.6755,0.6155,"$220,294,387",1910.782,"$247,133","$115,290"
119648303,Wallenpaupack Area SD         ,Wayne,"$4,047,605,834",0.3426,0.1000,0.7067,"$361,618,730",4112.585,"$984,199","$87,929"
119648703,Wayne Highlands SD            ,Wayne,"$2,305,754,231",0.3609,0.1473,0.6816,"$338,927,774",3550.826,"$649,357","$95,450"
119648903,Western Wayne SD              ,Wayne,"$1,730,663,212",0.3680,0.1490,0.6966,"$242,941,581",2670.442,"$648,081","$90,974"
107650603,Belle Vernon Area SD          ,Westmoreland,"$895,849,643",0.6120,0.6346,0.5784,"$406,853,275",3218.885,"$278,310","$126,395"
107650703,Burrell SD                    ,Westmoreland,"$717,952,057",0.5651,0.5811,0.5413,"$309,458,904",2250.345,"$319,040","$137,516"
107651603,Derry Area SD                 ,Westmoreland,"$665,725,283",0.6596,0.6736,0.6389,"$289,942,983",2678.381,"$248,555","$108,253"
107652603,Franklin Regional SD          ,Westmoreland,"$1,712,391,543",0.4071,0.4976,0.2717,"$977,202,987",4475.449,"$382,618","$218,347"
107653102,Greater Latrobe SD            ,Westmoreland,"$1,666,590,409",0.5290,0.5746,0.4608,"$831,585,217",5144.051,"$323,984","$161,659"
107653203,Greensburg Salem SD           ,Westmoreland,"$1,135,335,152",0.5526,0.5742,0.5203,"$503,530,448",3500.785,"$324,308","$143,833"
107653802,Hempfield Area SD             ,Westmoreland,"$2,899,347,051",0.4805,0.4807,0.4803,"$1,142,190,460",7331.257,"$395,477","$155,797"
107654103,Jeannette City SD             ,Westmoreland,"$247,514,370",0.7398,0.7746,0.6879,"$134,889,220",1441.641,"$171,689","$93,566"
107654403,Kiski Area SD                 ,Westmoreland,"$1,202,498,919",0.6351,0.6684,0.5854,"$591,955,992",4762.074,"$252,515","$124,306"
107654903,Ligonier Valley SD            ,Westmoreland,"$999,620,885",0.3231,0.3785,0.2402,"$481,120,907",2112.196,"$473,261","$227,782"
107655803,Monessen City SD              ,Westmoreland,"$181,782,749",0.7605,0.7913,0.7146,"$97,889,383",1143.758,"$158,934","$85,585"
107655903,Mount Pleasant Area SD        ,Westmoreland,"$745,212,294",0.6132,0.6274,0.5921,"$321,211,293",2626.218,"$283,758","$122,309"
107656303,New Kensington-Arnold SD      ,Westmoreland,"$435,265,605",0.7416,0.7869,0.6738,"$262,236,128",2681.340,"$162,331","$97,800"
107656502,Norwin SD                     ,Westmoreland,"$1,921,799,766",0.5506,0.5847,0.4996,"$911,535,601",6075.982,"$316,294","$150,022"
107657103,Penn-Trafford SD              ,Westmoreland,"$1,473,885,939",0.5652,0.6101,0.4981,"$746,970,076",4963.632,"$296,936","$150,488"
107657503,Southmoreland SD              ,Westmoreland,"$617,742,570",0.6483,0.6597,0.6314,"$263,415,662",2383.545,"$259,169","$110,514"
107658903,Yough SD                      ,Westmoreland,"$664,743,200",0.6450,0.6678,0.6111,"$306,312,555",2627.171,"$253,026","$116,594"
118667503,Tunkhannock Area SD           ,Wyoming,"$1,294,484,578",0.5310,0.4800,0.6075,"$384,670,683",3268.724,"$396,021","$117,682"
119665003,Lackawanna Trail SD           ,Wyoming,"$442,326,687",0.5627,0.5732,0.5472,"$184,731,514",1360.818,"$325,044","$135,750"
112671303,Central York SD               ,York,"$2,978,075,543",0.4728,0.4309,0.5359,"$956,061,996",6871.114,"$433,419","$139,142"
112671603,Dallastown Area SD            ,York,"$2,960,466,876",0.4744,0.4691,0.4826,"$1,135,873,122",7322.918,"$404,274","$155,112"
112671803,Dover Area SD                 ,York,"$1,384,651,158",0.5975,0.5974,0.5978,"$544,592,076",4515.925,"$306,615","$120,593"
112672203,Eastern York SD               ,York,"$1,149,456,666",0.5057,0.5240,0.4784,"$495,931,490",3171.229,"$362,464","$156,384"
112672803,Hanover Public SD             ,York,"$985,490,986",0.4259,0.3545,0.5332,"$280,570,091",2004.699,"$491,590","$139,956"
112674403,Northeastern York SD          ,York,"$1,574,475,366",0.5880,0.5519,0.6423,"$494,751,551",4613.585,"$341,269","$107,237"
112675503,Red Lion Area SD              ,York,"$2,184,673,334",0.5913,0.5820,0.6054,"$811,896,134",6862.908,"$318,330","$118,302"
112676203,South Eastern SD              ,York,"$1,423,660,324",0.5141,0.4857,0.5568,"$483,003,417",3635.061,"$391,646","$132,873"
112676403,South Western SD              ,York,"$2,198,647,927",0.4614,0.3979,0.5568,"$637,111,661",4795.050,"$458,524","$132,868"
112676503,Southern York County SD       ,York,"$1,718,275,076",0.4516,0.4120,0.5110,"$562,546,623",3837.225,"$447,791","$146,602"
112676703,Spring Grove Area SD          ,York,"$1,807,050,803",0.4917,0.4832,0.5047,"$681,865,595",4591.510,"$393,563","$148,505"
112678503,West York Area SD             ,York,"$1,521,978,071",0.5237,0.4865,0.5796,"$490,539,251",3891.738,"$391,079","$126,046"
112679002,York City SD                  ,York,"$985,833,236",0.8520,0.8571,0.8445,"$422,349,028",9055.838,"$108,861","$46,638"
112679403,York Suburban SD              ,York,"$1,682,651,503",0.2733,0.3575,0.1471,"$879,389,244",3439.046,"$489,278","$255,707"
115219002,West Shore SD                 ,York,"$4,230,742,075",0.3920,0.3924,0.3915,"$1,668,264,986",9144.154,"$462,671","$182,440"
115674603,Northern York County SD       ,York,"$1,462,306,159",0.4895,0.4824,0.5003,"$555,821,475",3710.086,"$394,143","$149,813"