,school number,total enrollment,low income enrollment,percent of enrollment from low income families
0,7691,754,132,17.5%
1,5273,613,194,31.6%
2,8217,89,58,65.2%
3,0000,8,1,12.5%
4,8122,158,158,100.0%
5,8148,148,146,98.6%
6,5091,"1,078",149,13.8%
7,6839,"1,047",180,17.2%
8,7570,356,47,13.2%
9,2407,289,84,29.1%
10,6398,258,31,12.0%
11,2402,288,40,13.9%
12,3242,"1,731",329,19.0%
13,3241,"1,799",307,17.1%
14,7707,"1,086",194,17.9%
15,3229,468,81,17.3%
16,5075,628,82,13.1%
17,3232,500,124,24.8%
18,3234,439,93,21.2%
19,3226,567,46,8.1%
20,4910,368,143,38.9%
21,7846,186,153,82.3%
22,7824,802,456,56.9%
23,7825,407,270,66.3%
24,6661,436,228,52.3%
25,7858,"9,175","6,563",71.5%
26,2115,249,139,55.8%
27,6001,"1,144",598,52.3%
28,7607,424,236,55.7%
29,7608,413,257,62.2%
30,2116,250,168,67.2%
31,4922,220,139,63.2%
32,2129,279,181,64.9%
33,6002,237,188,79.3%
34,4921,315,182,57.8%
35,8085,710,603,84.9%
36,8086,485,428,88.2%
37,0000,541,229,42.3%
38,5296,303,165,54.5%
39,9999,14,5,35.7%
40,0024,216,107,49.5%
41,0029,476,197,41.4%
42,7467,340,146,42.9%
43,4664,368,131,35.6%
44,9999,253,222,87.7%
45,2790,617,585,94.8%
46,7102,279,260,93.2%
47,2792,846,796,94.1%
48,2791,873,803,92.0%
49,2768,685,557,81.3%
50,2774,700,632,90.3%
51,2775,282,198,70.2%
52,7131,358,331,92.5%
53,2795,"1,741","1,510",86.7%
54,8140,865,796,92.0%
55,2777,316,289,91.5%
56,2779,860,778,90.5%
57,2780,480,335,69.8%
58,2781,510,405,79.4%
59,2782,755,691,91.5%
60,6448,653,620,94.9%
61,2793,"1,099",971,88.4%
62,4929,913,824,90.3%
63,2785,751,640,85.2%
64,2786,535,514,96.1%
65,2794,"2,595","2,184",84.2%
66,7543,395,290,73.4%
67,0913,"1,646",807,49.0%
68,7986,"1,865","1,104",59.2%
69,0891,329,144,43.8%
70,0908,317,91,28.7%
71,0895,408,266,65.2%
72,0930,610,374,61.3%
73,7425,43,40,93.0%
74,0933,600,345,57.5%
75,7199,475,290,61.1%
76,0909,366,335,91.5%
77,0902,596,335,56.2%
78,6708,242,200,82.6%
79,5302,319,270,84.6%
80,6555,770,330,42.9%
81,0633,389,186,47.8%
82,0629,639,193,30.2%
83,0661,508,366,72.0%
84,0632,333,172,51.7%
85,2725,520,98,18.8%
86,2724,422,130,30.8%
87,8178,249,56,22.5%
88,9999,22,3,13.6%
89,2723,304,96,31.6%
90,0820,476,183,38.4%
91,9999,22,5,22.7%
92,5205,387,172,44.4%
93,7838,180,88,48.9%
94,8031,730,674,92.3%
95,7787,568,294,51.8%
96,2320,402,183,45.5%
97,6570,324,166,51.2%
98,0000,362,113,31.2%
99,9999,20,9,45.0%
100,0569,262,95,36.3%
101,6574,286,106,37.1%
102,6575,746,294,39.4%
103,6572,379,159,42.0%
104,0596,604,232,38.4%
105,5002,825,432,52.4%
106,6577,348,159,45.7%
107,7896,515,236,45.8%
108,7895,698,319,45.7%
109,7640,722,284,39.3%
110,8214,369,121,32.8%
111,0958,673,252,37.4%
112,4918,608,310,51.0%
113,8220,523,268,51.2%
114,8219,405,209,51.6%
115,6221,122,52,42.6%
116,6222,95,37,38.9%
117,4165,285,120,42.1%
118,9999,4,2,50.0%
119,7098,299,129,43.1%
120,9999,8,1,12.5%
121,7721,"1,581",252,15.9%
122,1367,"1,790",359,20.1%
123,1365,"1,527",379,24.8%
124,9999,4,0,0.0%
125,5216,884,173,19.6%
126,7323,965,248,25.7%
127,0034,762,118,15.5%
128,5199,396,51,12.9%
129,7669,367,32,8.7%
130,0000,290,23,7.9%
131,8211,210,52,24.8%
132,1335,"1,035",334,32.3%
133,9999,2,0,0.0%
134,1333,78,20,25.6%
135,1334,164,55,33.5%
136,1331,148,44,29.7%
137,1330,399,158,39.6%
138,0050,"1,475",409,27.7%
139,6787,874,298,34.1%
140,0037,322,92,28.6%
141,5194,719,279,38.8%
142,0048,745,216,29.0%
143,3434,"1,040",392,37.7%
144,5257,482,181,37.6%
145,7301,489,209,42.7%
146,5099,574,212,36.9%
147,3430,533,255,47.8%
148,7827,421,155,36.8%
149,7847,92,37,40.2%
150,7386,320,57,17.8%
151,0640,662,119,18.0%
152,8065,430,75,17.4%
153,7823,598,118,19.7%
154,6985,609,150,24.6%
155,0000,159,61,38.4%
156,7545,790,343,43.4%
157,7021,447,173,38.7%
158,0726,635,205,32.3%
159,7096,477,143,30.0%
160,4930,880,243,27.6%
161,4329,309,134,43.4%
162,4328,558,268,48.0%
163,4325,580,190,32.8%
164,4330,287,80,27.9%
165,1343,853,224,26.3%
166,1342,643,201,31.3%
167,1341,428,197,46.0%
168,1339,263,61,23.2%
169,1340,373,102,27.3%
170,6229,251,93,37.1%
171,7144,397,144,36.3%
172,0917,393,114,29.0%
173,0914,458,172,37.6%
174,7557,116,113,97.4%
175,7750,487,485,99.6%
176,5211,541,225,41.6%
177,4675,417,286,68.6%
178,9999,40,11,27.5%
179,5116,"1,961",792,40.4%
180,6451,412,198,48.1%
181,1006,588,274,46.6%
182,7030,532,281,52.8%
183,6896,548,195,35.6%
184,1008,608,420,69.1%
185,6788,701,237,33.8%
186,1594,394,136,34.5%
187,1595,313,83,26.5%
188,7987,441,203,46.0%
189,7988,354,141,39.8%
190,9999,5,2,40.0%
191,4188,391,120,30.7%
192,6304,845,215,25.4%
193,7068,821,210,25.6%
194,0000,226,104,46.0%
195,6206,267,115,43.1%
196,7645,256,119,46.5%
197,9999,3,2,66.7%
198,6207,307,104,33.9%
199,7302,751,256,34.1%
200,0003,642,136,21.2%
201,6921,631,236,37.4%
202,1605,879,348,39.6%
203,6808,708,353,49.9%
204,9999,4,1,25.0%
205,1602,248,122,49.2%
206,6349,286,111,38.8%
207,1604,456,324,71.1%
208,1597,468,251,53.6%
209,4802,329,71,21.6%
210,7326,339,66,19.5%
211,0055,366,73,19.9%
212,0062,"1,624",205,12.6%
213,4902,293,29,9.9%
214,0061,737,119,16.1%
215,7327,643,111,17.3%
216,0060,226,51,22.6%
217,5286,"1,315",666,50.6%
218,5063,397,59,14.9%
219,9999,76,12,15.8%
220,3464,554,473,85.4%
221,3436,248,114,46.0%
222,3453,398,225,56.5%
223,6722,386,316,81.9%
224,4956,"1,133",362,32.0%
225,3456,525,97,18.5%
226,6723,552,446,80.8%
227,4957,"1,875",658,35.1%
228,3458,414,328,79.2%
229,3449,438,195,44.5%
230,3459,240,24,10.0%
231,3442,267,143,53.6%
232,3465,"2,786","1,298",46.6%
233,3443,421,292,69.4%
234,3454,346,311,89.9%
235,3455,445,103,23.1%
236,3463,899,320,35.6%
237,3462,828,558,67.4%
238,3452,557,200,35.9%
239,6633,272,166,61.0%
240,6634,243,173,71.2%
241,6975,562,273,48.6%
242,5267,289,115,39.8%
243,4181,395,159,40.3%
244,0649,465,321,69.0%
245,0648,365,263,72.1%
246,0650,359,266,74.1%
247,0642,491,405,82.5%
248,1677,895,209,23.4%
249,6326,684,197,28.8%
250,7951,352,101,28.7%
251,1676,351,144,41.0%
252,7355,426,137,32.2%
253,8206,658,658,100.0%
254,6707,"1,023",292,28.5%
255,7127,573,178,31.1%
256,9999,10,2,20.0%
257,6558,382,119,31.2%
258,6559,308,44,14.3%
259,6560,196,22,11.2%
260,6828,370,202,54.6%
261,5135,294,148,50.3%
262,7418,459,223,48.6%
263,2317,244,111,45.5%
264,4706,345,122,35.4%
265,2352,277,104,37.5%
266,2353,416,148,35.6%
267,1610,101,39,38.6%
268,1612,440,128,29.1%
269,1611,397,165,41.6%
270,1606,443,284,64.1%
271,1608,248,91,36.7%
272,7419,170,47,27.6%
273,4659,686,177,25.8%
274,3887,372,114,30.6%
275,3891,913,206,22.6%
276,5263,668,184,27.5%
277,9999,25,7,28.0%
278,6891,519,236,45.5%
279,4034,336,134,39.9%
280,7400,234,108,46.2%
281,6804,884,112,12.7%
282,6305,828,213,25.7%
283,6306,"1,682",284,16.9%
284,6307,654,159,24.3%
285,0762,350,112,32.0%
286,0763,329,61,18.5%
287,0754,779,109,14.0%
288,0755,757,72,9.5%
289,0761,286,82,28.7%
290,0766,581,120,20.7%
291,7981,482,367,76.1%
292,4691,754,301,39.9%
293,3092,575,285,49.6%
294,7037,669,411,61.4%
295,7281,521,310,59.5%
296,0768,461,105,22.8%
297,6308,580,99,17.1%
298,6309,365,73,20.0%
299,8191,210,47,22.4%
300,7342,264,127,48.1%
301,0070,394,183,46.4%
302,0069,333,186,55.9%
303,0068,227,92,40.5%
304,1014,323,223,69.0%
305,1013,582,357,61.3%
306,7743,297,211,71.0%
307,5305,479,260,54.3%
308,1021,502,292,58.2%
309,1015,482,276,57.3%
310,1017,471,245,52.0%
311,1020,390,219,56.2%
312,1018,310,162,52.3%
313,1023,397,249,62.7%
314,1024,350,209,59.7%
315,1022,359,193,53.8%
316,1027,519,323,62.2%
317,1029,"1,525",839,55.0%
318,1025,358,170,47.5%
319,5148,563,261,46.4%
320,2362,436,166,38.1%
321,9999,5,2,40.0%
322,6162,700,291,41.6%
323,5231,519,248,47.8%
324,6163,121,52,43.0%
325,2368,247,117,47.4%
326,4818,573,322,56.2%
327,2154,398,245,61.6%
328,9999,8,8,100.0%
329,2153,4,3,75.0%
330,4725,1,1,100.0%
331,8221,404,278,68.8%
332,5145,372,269,72.3%
333,0000,876,170,19.4%
334,7670,199,0,0.0%
335,1030,"1,468",457,31.1%
336,7477,562,204,36.3%
337,4195,745,254,34.1%
338,4333,535,173,32.3%
339,4340,589,141,23.9%
340,4339,431,119,27.6%
341,4336,268,76,28.4%
342,1135,244,197,80.7%
343,6690,"1,199",356,29.7%
344,6119,"1,223",415,33.9%
345,1147,"1,273",297,23.3%
346,1137,198,143,72.2%
347,1148,638,118,18.5%
348,1149,218,71,32.6%
349,1150,262,62,23.7%
350,1134,398,194,48.7%
351,1138,440,107,24.3%
352,1143,417,103,24.7%
353,1142,411,116,28.2%
354,1165,284,97,34.2%
355,1184,210,75,35.7%
356,6999,922,298,32.3%
357,7290,558,249,44.6%
358,7221,342,168,49.1%
359,8051,130,55,42.3%
360,6939,176,74,42.0%
361,4203,292,102,34.9%
362,7347,637,275,43.2%
363,1199,348,123,35.3%
364,9999,15,4,26.7%
365,5212,482,142,29.5%
366,1299,358,183,51.1%
367,1298,331,208,62.8%
368,7509,277,34,12.3%
369,1682,392,43,11.0%
370,1678,303,30,9.9%
371,1680,276,22,8.0%
372,4211,305,37,12.1%
373,9999,14,4,28.6%
374,4217,"1,480",324,21.9%
375,7217,810,187,23.1%
376,4205,242,58,24.0%
377,7216,366,91,24.9%
378,4207,297,111,37.4%
379,4938,197,38,19.3%
380,4210,219,41,18.7%
381,7764,385,85,22.1%
382,4937,445,139,31.2%
383,4214,228,31,13.6%
384,5303,550,294,53.5%
385,0988,446,175,39.2%
386,0000,163,60,36.8%
387,4870,361,104,28.8%
388,0000,551,395,71.7%
389,2420,671,384,57.2%
390,9999,3,1,33.3%
391,7457,939,651,69.3%
392,7577,241,205,85.1%
393,5109,660,258,39.1%
394,1692,413,130,31.5%
395,1694,"1,468",368,25.1%
396,9999,39,1,2.6%
397,1689,518,121,23.4%
398,1691,377,233,61.8%
399,7011,561,145,25.8%
400,1683,260,157,60.4%
401,1690,308,78,25.3%
402,1686,224,112,50.0%
403,1687,212,30,14.2%
404,7010,601,221,36.8%
405,0079,644,257,39.9%
406,0077,398,237,59.5%
407,0078,352,140,39.8%
408,7315,691,343,49.6%
409,7112,435,182,41.8%
410,2797,455,185,40.7%
411,2798,464,148,31.9%
412,6593,567,230,40.6%
413,8222,720,133,18.5%
414,7271,683,204,29.9%
415,7274,690,232,33.6%
416,5007,893,360,40.3%
417,1040,"1,841",520,28.2%
418,8200,879,354,40.3%
419,7726,153,94,61.4%
420,4683,506,134,26.5%
421,7796,876,54,6.2%
422,1044,538,34,6.3%
423,1081,820,88,10.7%
424,5133,"1,624",85,5.2%
425,7790,"1,884",157,8.3%
426,1043,"1,496",146,9.8%
427,7435,702,20,2.8%
428,4852,476,81,17.0%
429,1048,522,33,6.3%
430,7653,933,130,13.9%
431,5307,"1,192",52,4.4%
432,7520,640,44,6.9%
433,1047,632,25,4.0%
434,1041,873,93,10.7%
435,1057,491,61,12.4%
436,7654,"1,038",76,7.3%
437,5306,515,51,9.9%
438,1042,917,116,12.6%
439,1131,625,61,9.8%
440,7715,"1,085",93,8.6%
441,4678,924,70,7.6%
442,1132,505,56,11.1%
443,6646,509,171,33.6%
444,1208,538,164,30.5%
445,1202,415,170,41.0%
446,9999,1,1,100.0%
447,1205,252,113,44.8%
448,7201,690,227,32.9%
449,5390,593,166,28.0%
450,1619,558,114,20.4%
451,1744,667,402,60.3%
452,1746,"1,351",675,50.0%
453,7820,709,182,25.7%
454,9999,107,18,16.8%
455,1745,"1,777",338,19.0%
456,1812,222,90,40.5%
457,7306,231,124,53.7%
458,1777,381,99,26.0%
459,6783,684,183,26.8%
460,1791,317,76,24.0%
461,1782,363,79,21.8%
462,1781,531,177,33.3%
463,1795,213,103,48.4%
464,1778,644,123,19.1%
465,1779,354,208,58.8%
466,1811,424,243,57.3%
467,1780,554,342,61.7%
468,1742,537,303,56.4%
469,5320,420,262,62.4%
470,1817,460,84,18.3%
471,2248,510,212,41.6%
472,6252,237,84,35.4%
473,7734,225,79,35.1%
474,6010,418,183,43.8%
475,7476,888,395,44.5%
476,5118,597,235,39.4%
477,0000,29,9,31.0%
478,4967,522,261,50.0%
479,7720,114,37,32.5%
480,5094,364,165,45.3%
481,0000,225,8,3.6%
482,8045,544,112,20.6%
483,8044,745,223,29.9%
484,8043,527,185,35.1%
485,8046,553,188,34.0%
486,6172,"1,004",445,44.3%
487,4545,"1,739",418,24.0%
488,4544,879,237,27.0%
489,4537,640,276,43.1%
490,4540,699,301,43.1%
491,4539,534,85,15.9%
492,7696,711,101,14.2%
493,5088,563,174,30.9%
494,7552,103,24,23.3%
495,8047,540,426,78.9%
496,2192,297,168,56.6%
497,8244,399,135,33.8%
498,2190,"1,017",407,40.0%
499,6615,"1,050",486,46.3%
500,9999,133,85,63.9%
501,2191,"2,035",702,34.5%
502,4825,298,93,31.2%
503,6273,520,232,44.6%
504,2208,272,106,39.0%
505,2215,291,129,44.3%
506,6274,546,220,40.3%
507,2225,171,64,37.4%
508,6276,132,54,40.9%
509,2212,145,60,41.4%
510,2209,422,153,36.3%
511,2216,330,121,36.7%
512,2196,258,244,94.6%
513,7258,693,356,51.4%
514,4715,512,234,45.7%
515,7157,410,228,55.6%
516,7578,612,433,70.8%
517,6706,"1,120",262,23.4%
518,7415,745,209,28.1%
519,0094,774,210,27.1%
520,7445,798,191,23.9%
521,4234,603,243,40.3%
522,4235,552,179,32.4%
523,5250,740,163,22.0%
524,3250,419,115,27.4%
525,3260,"1,448",291,20.1%
526,9999,1,0,0.0%
527,3257,656,163,24.8%
528,3256,463,105,22.7%
529,3252,361,102,28.3%
530,3255,416,70,16.8%
531,8258,274,211,77.0%
532,7514,61,53,86.9%
533,7539,"3,033","2,851",94.0%
534,0000,828,303,36.6%
535,7860,657,213,32.4%
536,7292,667,207,31.0%
537,7293,396,98,24.7%
538,6492,960,692,72.1%
539,8250,377,253,67.1%
540,8020,293,222,75.8%
541,6491,336,285,84.8%
542,1958,335,254,75.8%
543,8248,348,293,84.2%
544,1829,205,165,80.5%
545,8249,292,239,81.8%
546,0730,428,192,44.9%
547,0729,522,250,47.9%
548,0732,473,197,41.6%
549,0731,229,125,54.6%
550,1843,353,142,40.2%
551,7276,"1,036",624,60.2%
552,1849,"1,012",515,50.9%
553,5322,407,138,33.9%
554,1847,338,238,70.4%
555,1893,306,230,75.2%
556,7575,779,517,66.4%
557,7727,622,410,65.9%
558,7371,459,402,87.6%
559,8094,334,289,86.5%
560,5217,415,155,37.3%
561,1475,431,117,27.1%
562,9999,13,8,61.5%
563,6909,292,139,47.6%
564,1480,437,138,31.6%
565,1479,438,183,41.8%
566,7374,463,250,54.0%
567,0921,402,173,43.0%
568,1507,133,73,54.9%
569,1521,136,76,55.9%
570,6236,782,390,49.9%
571,6649,685,383,55.9%
572,7537,588,307,52.2%
573,5276,294,184,62.6%
574,1376,631,368,58.3%
575,9999,18,0,0.0%
576,5012,"2,193","1,074",49.0%
577,1374,394,180,45.7%
578,1377,413,210,50.8%
579,1375,547,235,43.0%
580,6473,551,263,47.7%
581,1370,780,468,60.0%
582,7334,535,326,60.9%
583,7767,422,259,61.4%
584,6474,681,387,56.8%
585,2510,410,123,30.0%
586,6289,778,251,32.3%
587,6290,"1,018",254,25.0%
588,2506,520,179,34.4%
589,5053,448,131,29.2%
590,7628,"2,043",516,25.3%
591,0000,"1,308",516,39.4%
592,7143,751,121,16.1%
593,5077,"1,074",187,17.4%
594,3261,193,93,48.2%
595,4711,452,81,17.9%
596,3333,"1,506",287,19.1%
597,3332,374,63,16.8%
598,3411,340,38,11.2%
599,9999,8,5,62.5%
600,2515,536,292,54.5%
601,7056,462,354,76.6%
602,2514,354,196,55.4%
603,5178,625,247,39.5%
604,6122,261,87,33.3%
605,7450,246,113,45.9%
606,7774,"6,667","3,517",52.8%
607,7510,"1,266",946,74.7%
608,9999,10,2,20.0%
609,3977,434,144,33.2%
610,3978,551,195,35.4%
611,5213,440,242,55.0%
612,5136,410,185,45.1%
613,2517,465,126,27.1%
614,2531,679,228,33.6%
615,2532,"1,365",403,29.5%
616,5113,642,204,31.8%
617,2522,439,197,44.9%
618,2521,696,274,39.4%
619,6268,538,188,34.9%
620,7822,898,370,41.2%
621,9999,20,4,20.0%
622,6267,612,274,44.8%
623,6898,622,239,38.4%
624,0017,"1,253",382,30.5%
625,8224,723,310,42.9%
626,8225,363,161,44.4%
627,6132,431,216,50.1%
628,6133,345,207,60.0%
629,8226,353,191,54.1%
630,6643,240,170,70.8%
631,2097,417,208,49.9%
632,5047,230,131,57.0%
633,2105,804,490,60.9%
634,5228,"1,319",702,53.2%
635,2103,129,72,55.8%
636,2107,215,141,65.6%
637,5048,599,334,55.8%
638,4819,300,169,56.3%
639,2172,274,173,63.1%
640,4939,361,312,86.4%
641,9999,43,38,88.4%
642,7284,528,106,20.1%
643,0777,920,308,33.5%
644,7651,861,263,30.5%
645,5203,422,130,30.8%
646,6944,358,226,63.1%
647,8087,288,164,56.9%
648,4800,"1,516",384,25.3%
649,6301,"1,051",308,29.3%
650,6302,555,94,16.9%
651,2728,607,205,33.8%
652,2729,485,141,29.1%
653,7300,414,169,40.8%
654,1997,348,183,52.6%
655,1994,153,79,51.6%
656,1998,736,316,42.9%
657,7793,353,185,52.4%
658,7935,484,313,64.7%
659,6141,148,71,48.0%
660,3868,496,204,41.1%
661,3869,393,137,34.9%
662,1088,644,70,10.9%
663,5096,"1,903",88,4.6%
664,7749,"2,094",205,9.8%
665,1086,797,39,4.9%
666,7208,498,47,9.4%
667,4680,366,22,6.0%
668,6833,505,47,9.3%
669,7657,613,31,5.1%
670,7432,660,42,6.4%
671,6453,871,40,4.6%
672,1087,480,33,6.9%
673,6454,572,55,9.6%
674,5308,401,49,12.2%
675,1130,698,14,2.0%
676,1133,324,18,5.6%
677,4098,546,158,28.9%
678,9999,14,2,14.3%
679,6595,522,239,45.8%
680,4095,89,32,36.0%
681,5037,452,186,41.2%
682,1632,435,166,38.2%
683,1651,404,256,63.4%
684,1654,885,388,43.8%
685,1653,456,208,45.6%
686,1650,410,231,56.3%
687,1645,387,294,76.0%
688,7194,458,180,39.3%
689,5179,549,266,48.5%
690,2860,"1,019",127,12.5%
691,7655,458,50,10.9%
692,2858,690,130,18.8%
693,5341,829,105,12.7%
694,7624,105,92,87.6%
695,5277,920,21,2.3%
696,1701,"2,582",300,11.6%
697,9999,23,1,4.3%
698,6714,933,177,19.0%
699,4849,"1,007",111,11.0%
700,1700,471,68,14.4%
701,5020,671,44,6.6%
702,1697,380,122,32.1%
703,1698,346,75,21.7%
704,1696,593,42,7.1%
705,1699,443,77,17.4%
706,1695,601,118,19.6%
707,6238,490,245,50.0%
708,1529,582,241,41.4%
709,6613,70,27,38.6%
710,2868,609,121,19.9%
711,5150,699,162,23.2%
712,2869,877,163,18.6%
713,7596,519,89,17.1%
714,8132,"1,438",383,26.6%
715,6598,"1,022",246,24.1%
716,9999,14,0,0.0%
717,4553,"1,824",318,17.4%
718,4546,178,78,43.8%
719,4701,175,33,18.9%
720,4547,423,77,18.2%
721,4551,575,180,31.3%
722,4549,469,154,32.8%
723,7729,432,45,10.4%
724,0781,361,40,11.1%
725,7272,408,141,34.6%
726,4810,"1,161",218,18.8%
727,7544,955,189,19.8%
728,8007,420,122,29.0%
729,3424,534,161,30.1%
730,9999,9,4,44.4%
731,3425,625,122,19.5%
732,8201,635,210,33.1%
733,4833,551,201,36.5%
734,5278,969,465,48.0%
735,0511,420,109,26.0%
736,0513,617,159,25.8%
737,7595,461,122,26.5%
738,6695,438,113,25.8%
739,0000,323,0,0.0%
740,7058,444,1,0.2%
741,7057,537,53,9.9%
742,6504,26,4,15.4%
743,7671,666,480,72.1%
744,7162,576,169,29.3%
745,5261,"1,720",389,22.6%
746,3865,394,89,22.6%
747,3864,583,187,32.1%
748,7408,643,211,32.8%
749,7625,566,158,27.9%
750,3866,580,104,17.9%
751,4351,510,230,45.1%
752,9999,12,0,0.0%
753,4352,750,281,37.5%
754,6927,918,441,48.0%
755,9999,12,0,0.0%
756,7731,433,76,17.6%
757,4801,"1,190",132,11.1%
758,7186,590,110,18.6%
759,6678,868,129,14.9%
760,1749,520,101,19.4%
761,7775,721,392,54.4%
762,8228,920,372,40.4%
763,7165,487,190,39.0%
764,7786,636,242,38.1%
765,9999,7,1,14.3%
766,2539,826,272,32.9%
767,8229,501,185,36.9%
768,4558,"1,058",353,33.4%
769,6283,552,214,38.8%
770,9999,1,0,0.0%
771,4557,524,223,42.6%
772,7555,498,192,38.6%
773,4556,493,185,37.5%
774,1391,470,73,15.5%
775,7266,500,59,11.8%
776,1431,386,17,4.4%
777,7517,"1,311",110,8.4%
778,7759,"1,656",128,7.7%
779,1387,"1,500",134,8.9%
780,8174,598,7,1.2%
781,5011,557,88,15.8%
782,6476,638,70,11.0%
783,7516,"1,600",106,6.6%
784,1432,667,14,2.1%
785,7265,466,15,3.2%
786,7990,432,20,4.6%
787,6621,539,4,0.7%
788,6477,595,20,3.4%
789,7550,205,176,85.9%
790,2385,294,174,59.2%
791,1541,948,458,48.3%
792,9999,3,1,33.3%
793,6156,"1,176",475,40.4%
794,6919,127,98,77.2%
795,6157,374,161,43.0%
796,1530,113,53,46.9%
797,1532,404,162,40.1%
798,1540,100,73,73.0%
799,2389,101,58,57.4%
800,6918,291,197,67.7%
801,6591,810,292,36.0%
802,2429,473,116,24.5%
803,7712,281,74,26.3%
804,7908,354,351,99.2%
805,5193,550,334,60.7%
806,0542,502,346,68.9%
807,7926,687,483,70.3%
808,3021,226,85,37.6%
809,3018,161,36,22.4%
810,6364,769,208,27.0%
811,3019,517,182,35.2%
812,2799,361,76,21.1%
813,2809,"2,590",558,21.5%
814,7560,898,158,17.6%
815,2808,282,81,28.7%
816,2802,415,145,34.9%
817,7559,"1,078",338,31.4%
818,2804,480,94,19.6%
819,5239,740,101,13.6%
820,4827,584,105,18.0%
821,8133,724,90,12.4%
822,5220,876,252,28.8%
823,1707,839,200,23.8%
824,1705,532,149,28.0%
825,4850,517,168,32.5%
826,7536,487,316,64.9%
827,8016,689,328,47.6%
828,7641,"1,225",599,48.9%
829,6935,"1,480",684,46.2%
830,3204,405,250,61.7%
831,7366,"1,010",506,50.1%
832,7642,798,445,55.8%
833,3201,583,362,62.1%
834,7411,563,255,45.3%
835,3202,333,151,45.3%
836,4822,496,134,27.0%
837,2552,612,195,31.9%
838,2500,488,162,33.2%
839,9999,2,0,0.0%
840,7209,528,182,34.5%
841,2554,969,299,30.9%
842,4707,563,203,36.1%
843,8137,566,187,33.0%
844,6612,558,167,29.9%
845,2740,737,175,23.7%
846,6611,342,109,31.9%
847,2735,236,56,23.7%
848,8127,353,227,64.3%
849,6174,549,141,25.7%
850,4559,452,190,42.0%
851,4564,742,176,23.7%
852,7439,580,228,39.3%
853,9999,12,4,33.3%
854,6285,377,143,37.9%
855,4563,407,182,44.7%
856,4915,589,438,74.4%
857,3482,"2,631","1,048",39.8%
858,7008,"1,360",615,45.2%
859,6925,"1,377",641,46.6%
860,9999,21,18,85.7%
861,3477,370,54,14.6%
862,3478,379,207,54.6%
863,3473,564,148,26.2%
864,5350,684,576,84.2%
865,8058,561,95,16.9%
866,5064,402,77,19.2%
867,8223,220,29,13.2%
868,0136,311,51,16.4%
869,4804,550,180,32.7%
870,9999,17,10,58.8%
871,0144,853,222,26.0%
872,8115,177,68,38.4%
873,0142,167,64,38.3%
874,0139,344,152,44.2%
875,2555,178,54,30.3%
876,8190,932,269,28.9%
877,2561,492,154,31.3%
878,6862,651,158,24.3%
879,2562,"1,230",259,21.1%
880,2558,211,39,18.5%
881,2559,284,42,14.8%
882,6417,672,320,47.6%
883,6418,596,238,39.9%
884,8166,294,143,48.6%
885,2675,904,401,44.4%
886,8167,410,208,50.7%
887,8165,292,136,46.6%
888,8028,525,157,29.9%
889,2564,328,131,39.9%
890,2568,506,163,32.2%
891,6712,"1,253",492,39.3%
892,6293,"1,271",410,32.3%
893,2563,406,205,50.5%
894,2570,438,187,42.7%
895,7294,"1,089",797,73.2%
896,2001,655,437,66.7%
897,2021,675,467,69.2%
898,2003,518,463,89.4%
899,2026,990,771,77.9%
900,2004,498,470,94.4%
901,2022,576,509,88.4%
902,2009,635,407,64.1%
903,2011,527,434,82.4%
904,2013,329,269,81.8%
905,2016,627,573,91.4%
906,7515,803,245,30.5%
907,2018,503,407,80.9%
908,7035,746,668,89.5%
909,2024,655,499,76.2%
910,2027,719,514,71.5%
911,6959,629,562,89.3%
912,2025,734,627,85.4%
913,5045,795,353,44.4%
914,8163,252,223,88.5%
915,7665,798,729,91.4%
916,8216,141,100,70.9%
917,7564,454,376,82.8%
918,0735,102,64,62.7%
919,7006,466,261,56.0%
920,7897,461,183,39.7%
921,7898,237,106,44.7%
922,0734,81,45,55.6%
923,7866,89,0,0.0%
924,0787,700,169,24.1%
925,0788,"1,376",297,21.6%
926,6731,388,115,29.6%
927,0786,454,125,27.5%
928,0783,611,128,20.9%
929,7755,632,161,25.5%
930,6270,358,73,20.4%
931,6269,404,59,14.6%
932,7322,355,76,21.4%
933,7466,570,138,24.2%
934,6737,522,108,20.7%
935,2032,513,132,25.7%
936,6826,245,100,40.8%
937,7508,111,40,36.0%
938,2201,178,61,34.3%
939,7119,420,418,99.5%
940,5248,361,319,88.4%
941,4842,587,417,71.0%
942,7746,157,124,79.0%
943,1225,337,197,58.5%
944,1223,412,260,63.1%
945,7744,964,717,74.4%
946,0791,253,64,25.3%
947,6311,833,150,18.0%
948,5023,865,153,17.7%
949,0860,192,28,14.6%
950,8057,507,100,19.7%
951,7857,477,404,84.7%
952,5016,740,326,44.1%
953,6840,222,122,55.0%
954,2246,182,94,51.6%
955,6160,114,66,57.9%
956,6159,100,49,49.0%
957,6701,173,104,60.1%
958,6161,138,69,50.0%
959,6420,438,254,58.0%
960,6419,360,193,53.6%
961,6899,"1,001",497,49.7%
962,1191,476,225,47.3%
963,1287,456,235,51.5%
964,7187,623,201,32.3%
965,4242,520,176,33.8%
966,5328,519,196,37.8%
967,2037,701,226,32.2%
968,5226,125,49,39.2%
969,2036,396,152,38.4%
970,2035,392,192,49.0%
971,0147,"1,008",172,17.1%
972,0149,365,12,3.3%
973,0156,"1,425",219,15.4%
974,6780,340,59,17.4%
975,0153,431,182,42.2%
976,0461,739,88,11.9%
977,4667,402,275,68.4%
978,4106,614,249,40.6%
979,6984,309,140,45.3%
980,9999,4,0,0.0%
981,4101,327,131,40.1%
982,4102,92,37,40.2%
983,6166,224,97,43.3%
984,5119,355,122,34.4%
985,7602,897,99,11.0%
986,4360,"1,222",117,9.6%
987,7163,621,112,18.0%
988,4354,248,37,14.9%
989,4357,653,70,10.7%
990,7666,"1,013",519,51.2%
991,8123,902,496,55.0%
992,6687,181,78,43.1%
993,2126,357,137,38.4%
994,7176,263,106,40.3%
995,6686,412,91,22.1%
996,7052,352,144,40.9%
997,7050,184,91,49.5%
998,7865,212,91,42.9%
999,6564,236,101,42.8%
1000,9999,23,10,43.5%
1001,6563,493,149,30.2%
1002,0591,539,113,21.0%
1003,0593,338,109,32.2%
1004,0594,598,170,28.4%
1005,0590,124,45,36.3%
1006,0592,322,135,41.9%
1007,7586,948,835,88.1%
1008,7192,158,62,39.2%
1009,6223,366,189,51.6%
1010,7714,550,20,3.6%
1011,6506,731,42,5.7%
1012,7486,816,58,7.1%
1013,1869,"1,522",107,7.0%
1014,7313,"1,266",80,6.3%
1015,0161,320,186,58.1%
1016,0157,273,122,44.7%
1017,0167,602,242,40.2%
1018,0170,"1,304",411,31.5%
1019,0169,498,201,40.4%
1020,5191,322,115,35.7%
1021,0165,280,84,30.0%
1022,2038,390,130,33.3%
1023,2040,750,180,24.0%
1024,9999,10,5,50.0%
1025,5225,690,211,30.6%
1026,2039,341,123,36.1%
1027,8176,376,174,46.3%
1028,6271,"1,054",361,34.3%
1029,0010,689,283,41.1%
1030,9999,8,4,50.0%
1031,5126,417,203,48.7%
1032,7592,453,233,51.4%
1033,8147,107,29,27.1%
1034,8161,221,137,62.0%
1035,2042,697,387,55.5%
1036,2043,589,297,50.4%
1037,6777,566,327,57.8%
1038,6952,412,217,52.7%
1039,5219,390,195,50.0%
1040,7639,707,541,76.5%
1041,0793,431,111,25.8%
1042,0794,623,220,35.3%
1043,0801,661,213,32.2%
1044,0802,"1,313",404,30.8%
1045,6794,646,200,31.0%
1046,8096,543,209,38.5%
1047,7728,268,230,85.8%
1048,1368,249,11,4.4%
1049,7695,444,75,16.9%
1050,1424,"1,235",157,12.7%
1051,1422,992,140,14.1%
1052,6479,576,68,11.8%
1053,1461,499,85,17.0%
1054,6193,931,556,59.7%
1055,5288,319,171,53.6%
1056,5315,762,653,85.7%
1057,1252,651,518,79.6%
1058,1251,849,624,73.5%
1059,1250,856,713,83.3%
1060,4379,638,190,29.8%
1061,6957,"1,048",261,24.9%
1062,4845,969,182,18.8%
1063,4386,794,310,39.0%
1064,4380,701,64,9.1%
1065,7768,529,336,63.5%
1066,7610,360,213,59.2%
1067,5242,803,439,54.7%
1068,2933,165,99,60.0%
1069,2939,323,203,62.8%
1070,7748,413,67,16.2%
1071,2202,670,162,24.2%
1072,5117,732,187,25.5%
1073,7427,705,201,28.5%
1074,2206,"1,000",183,18.3%
1075,5282,339,199,58.7%
1076,7329,674,347,51.5%
1077,9999,25,10,40.0%
1078,4373,883,283,32.0%
1079,4372,642,253,39.4%
1080,5166,321,114,35.5%
1081,5165,350,136,38.9%
1082,3135,315,131,41.6%
1083,3137,669,223,33.3%
1084,3133,407,196,48.2%
1085,7062,362,106,29.3%
1086,6341,248,55,22.2%
1087,7468,176,47,26.7%
1088,6125,420,420,100.0%
1089,7316,61,61,100.0%
1090,3145,722,195,27.0%
1091,8202,538,176,32.7%
1092,3143,295,95,32.2%
1093,6844,606,230,38.0%
1094,8154,336,188,56.0%
1095,1753,166,65,39.2%
1096,5038,344,123,35.8%
1097,6330,331,81,24.5%
1098,6331,236,85,36.0%
1099,0808,771,247,32.0%
1100,7447,580,226,39.0%
1101,0809,373,122,32.7%
1102,7992,644,281,43.6%
1103,0175,528,53,10.0%
1104,5190,"1,122",104,9.3%
1105,0179,743,87,11.7%
1106,0178,270,26,9.6%
1107,0176,420,61,14.5%
1108,2891,932,483,51.8%
1109,7007,460,285,62.0%
1110,8199,314,207,65.9%
1111,2888,336,204,60.7%
1112,4565,245,118,48.2%
1113,4570,456,218,47.8%
1114,9999,15,8,53.3%
1115,4571,435,161,37.0%
1116,4566,271,184,67.9%
1117,4568,208,83,39.9%
1118,2047,280,84,30.0%
1119,2048,350,90,25.7%
1120,7948,633,129,20.4%
1121,2046,298,74,24.8%
1122,5227,471,117,24.8%
1123,7588,948,409,43.1%
1124,7195,185,105,56.8%
1125,1547,81,45,55.6%
1126,7196,76,41,53.9%
1127,1764,592,466,78.7%
1128,1769,683,559,81.8%
1129,1765,591,489,82.7%
1130,1766,644,572,88.8%
1131,6333,"1,158",761,65.7%
1132,7902,366,222,60.7%
1133,1759,461,350,75.9%
1134,7901,196,122,62.2%
1135,1767,469,384,81.9%
1136,7623,604,525,86.9%
1137,7667,547,480,87.8%
1138,5079,436,83,19.0%
1139,3268,265,76,28.7%
1140,3271,279,48,17.2%
1141,9999,21,7,33.3%
1142,3272,"1,621",196,12.1%
1143,6639,"1,214",179,14.7%
1144,7600,90,6,6.7%
1145,3267,254,69,27.2%
1146,3270,701,43,6.1%
1147,1871,558,68,12.2%
1148,1876,476,53,11.1%
1149,1877,424,44,10.4%
1150,1878,"1,303",198,15.2%
1151,1879,"1,707",219,12.8%
1152,1874,556,67,12.1%
1153,1875,613,81,13.2%
1154,5151,783,566,72.3%
1155,7937,461,407,88.3%
1156,7661,832,252,30.3%
1157,6718,950,607,63.9%
1158,7348,"3,219","2,017",62.7%
1159,9999,7,7,100.0%
1160,7936,997,892,89.5%
1161,6930,"1,114",981,88.1%
1162,8245,821,558,68.0%
1163,7340,985,283,28.7%
1164,7569,"1,043",925,88.7%
1165,8041,506,382,75.5%
1166,5236,516,90,17.4%
1167,5055,614,153,24.9%
1168,2574,465,135,29.0%
1169,2577,512,127,24.8%
1170,9999,52,20,38.5%
1171,2578,"2,161",416,19.3%
1172,6294,448,92,20.5%
1173,7421,488,118,24.2%
1174,7442,526,102,19.4%
1175,2576,550,183,33.3%
1176,2575,581,169,29.1%
1177,6851,281,68,24.2%
1178,7747,29,22,75.9%
1179,4389,570,163,28.6%
1180,7268,444,81,18.2%
1181,4404,"1,939",307,15.8%
1182,4394,341,56,16.4%
1183,5359,628,198,31.5%
1184,7269,466,63,13.5%
1185,4399,493,187,37.9%
1186,7270,503,145,28.8%
1187,4400,384,60,15.6%
1188,3146,645,212,32.9%
1189,8069,306,94,30.7%
1190,8070,168,55,32.7%
1191,3150,668,180,26.9%
1192,3147,311,108,34.7%
1193,0182,306,157,51.3%
1194,0180,279,158,56.6%
1195,0191,613,351,57.3%
1196,7202,581,313,53.9%
1197,5153,820,393,47.9%
1198,7097,519,222,42.8%
1199,7381,594,204,34.3%
1200,6195,670,210,31.3%
1201,0927,839,242,28.8%
1202,5207,822,214,26.0%
1203,6797,459,212,46.2%
1204,2331,403,162,40.2%
1205,7723,264,144,54.5%
1206,9999,48,9,18.8%
1207,0672,334,79,23.7%
1208,0674,669,181,27.1%
1209,0675,816,164,20.1%
1210,0671,267,84,31.5%
1211,7280,180,54,30.0%
1212,8209,156,12,7.7%
1213,5333,497,243,48.9%
1214,9999,14,1,7.1%
1215,2305,631,261,41.4%
1216,7525,374,172,46.0%
1217,7620,502,275,54.8%
1218,6606,344,147,42.7%
1219,8155,308,187,60.7%
1220,7579,436,360,82.6%
1221,7542,668,592,88.6%
1222,7683,814,431,52.9%
1223,2314,402,174,43.3%
1224,4964,355,153,43.1%
1225,2321,282,109,38.7%
1226,2322,253,106,41.9%
1227,2324,620,224,36.1%
1228,9999,18,15,83.3%
1229,2325,871,268,30.8%
1230,7032,411,175,42.6%
1231,7765,121,15,12.4%
1232,1881,586,259,44.2%
1233,1885,"1,194",474,39.7%
1234,7643,262,112,42.7%
1235,1883,553,216,39.1%
1236,6508,569,232,40.8%
1237,4847,323,183,56.7%
1238,0000,324,231,71.3%
1239,2052,631,377,59.7%
1240,4817,547,266,48.6%
1241,9999,1,1,100.0%
1242,6127,285,126,44.2%
1243,6126,261,91,34.9%
1244,8024,576,415,72.0%
1245,8025,226,144,63.7%
1246,4412,304,170,55.9%
1247,5180,385,227,59.0%
1248,7029,422,219,51.9%
1249,2280,388,158,40.7%
1250,3276,331,34,10.3%
1251,8049,285,37,13.0%
1252,9999,7,1,14.3%
1253,3031,245,92,37.6%
1254,5243,525,293,55.8%
1255,9999,27,0,0.0%
1256,3034,813,232,28.5%
1257,3033,604,233,38.6%
1258,6988,195,51,26.2%
1259,5060,273,105,38.5%
1260,1307,607,308,50.7%
1261,9999,51,35,68.6%
1262,6965,857,431,50.3%
1263,7785,720,372,51.7%
1264,8149,735,407,55.4%
1265,5326,340,160,47.1%
1266,6218,275,88,32.0%
1267,2394,555,195,35.1%
1268,2390,253,101,39.9%
1269,4947,250,116,46.4%
1270,6255,563,207,36.8%
1271,2399,124,66,53.2%
1272,2391,208,87,41.8%
1273,2395,209,63,30.1%
1274,2393,121,46,38.0%
1275,7220,422,183,43.4%
1276,2400,136,42,30.9%
1277,2396,122,41,33.6%
1278,5230,406,191,47.0%
1279,2308,366,157,42.9%
1280,7776,895,769,85.9%
1281,8124,335,282,84.2%
1282,5244,558,257,46.1%
1283,5245,385,135,35.1%
1284,3100,273,123,45.1%
1285,1153,540,248,45.9%
1286,1154,767,299,39.0%
1287,7396,259,134,51.7%
1288,8172,538,271,50.4%
1289,1401,616,208,33.8%
1290,9999,13,9,69.2%
1291,6482,"1,251",373,29.8%
1292,6834,"1,033",374,36.2%
1293,8171,290,140,48.3%
1294,1400,540,198,36.7%
1295,9999,8,0,0.0%
1296,6694,581,266,45.8%
1297,1486,518,179,34.6%
1298,7067,585,273,46.7%
1299,7795,86,66,76.7%
1300,6241,163,94,57.7%
1301,7589,"1,279",475,37.1%
1302,7590,941,407,43.3%
1303,4815,288,200,69.4%
1304,4917,272,135,49.6%
1305,1570,379,193,50.9%
1306,6242,194,126,64.9%
1307,6245,400,236,59.0%
1308,1588,310,109,35.2%
1309,7506,242,219,90.5%
1310,7461,357,140,39.2%
1311,0203,184,38,20.7%
1312,5112,708,237,33.5%
1313,7462,442,169,38.2%
1314,9999,39,14,35.9%
1315,0204,346,137,39.6%
1316,7826,455,351,77.1%
1317,6177,157,75,47.8%
1318,7191,459,362,78.9%
1319,4431,"1,286",452,35.1%
1320,7189,644,264,41.0%
1321,7190,609,192,31.5%
1322,4516,283,65,23.0%
1323,4415,159,64,40.3%
1324,4519,105,46,43.8%
1325,4520,156,71,45.5%
1326,8095,86,30,34.9%
1327,0810,183,56,30.6%
1328,6315,354,79,22.3%
1329,0816,539,99,18.4%
1330,6316,349,80,22.9%
1331,7538,190,187,98.4%
1332,7565,446,294,65.9%
1333,4524,592,248,41.9%
1334,4528,508,164,32.3%
1335,2924,918,215,23.4%
1336,7060,290,111,38.3%
1337,2922,454,110,24.2%
1338,2920,287,81,28.2%
1339,6403,488,117,24.0%
1340,6404,721,221,30.7%
1341,7146,336,123,36.6%
1342,3155,391,118,30.2%
1343,7069,402,151,37.6%
1344,3154,418,183,43.8%
1345,2606,666,149,22.4%
1346,7939,484,90,18.6%
1347,2607,"1,055",140,13.3%
1348,6297,762,137,18.0%
1349,6298,136,37,27.2%
1350,5285,315,129,41.0%
1351,5283,398,163,41.0%
1352,5284,562,210,37.4%
1353,2598,376,294,78.2%
1354,7182,382,352,92.1%
1355,2599,348,249,71.6%
1356,2581,408,364,89.2%
1357,2589,587,537,91.5%
1358,2592,508,416,81.9%
1359,2593,557,520,93.4%
1360,2597,416,284,68.3%
1361,5056,572,533,93.2%
1362,2584,531,439,82.7%
1363,9999,57,19,33.3%
1364,2595,576,483,83.9%
1365,2596,"2,673","2,108",78.9%
1366,7922,433,395,91.2%
1367,6762,437,380,87.0%
1368,2594,517,436,84.3%
1369,2587,357,293,82.1%
1370,2590,359,233,64.9%
1371,2600,615,499,81.1%
1372,2591,465,371,79.8%
1373,0000,870,524,60.2%
1374,2146,354,267,75.4%
1375,2163,432,144,33.3%
1376,4700,323,218,67.5%
1377,5146,768,389,50.7%
1378,6600,"1,048",474,45.2%
1379,4820,350,209,59.7%
1380,7001,614,172,28.0%
1381,2680,677,190,28.1%
1382,4940,364,189,51.9%
1383,5156,581,172,29.6%
1384,6616,618,556,90.0%
1385,5337,392,306,78.1%
1386,2754,998,817,81.9%
1387,9999,6,5,83.3%
1388,5155,"1,279",954,74.6%
1389,6894,594,557,93.8%
1390,2746,466,364,78.1%
1391,2743,466,366,78.5%
1392,6579,433,190,43.9%
1393,7923,379,162,42.7%
1394,5338,"2,470","1,495",60.5%
1395,7681,"1,083",358,33.1%
1396,7634,462,102,22.1%
1397,8130,358,296,82.7%
1398,1312,160,69,43.1%
1399,1313,283,83,29.3%
1400,1315,672,231,34.4%
1401,1314,726,322,44.4%
1402,1311,204,95,46.6%
1403,1310,328,173,52.7%
1404,4807,510,203,39.8%
1405,4665,451,95,21.1%
1406,4084,604,155,25.7%
1407,4085,559,92,16.5%
1408,4081,270,58,21.5%
1409,6940,231,122,52.8%
1410,4442,536,171,31.9%
1411,4440,369,131,35.5%
1412,5361,452,155,34.3%
1413,7675,746,336,45.0%
1414,9999,73,47,64.4%
1415,0000,"1,459","1,271",87.1%
1416,8125,543,287,52.9%
1417,7859,609,170,27.9%
1418,3529,203,75,36.9%
1419,3531,63,20,31.7%
1420,6786,412,164,39.8%
1421,3532,544,211,38.8%
1422,7784,299,98,32.8%
1423,9999,8,3,37.5%
1424,0014,643,183,28.5%
1425,0013,487,171,35.1%
1426,0012,600,219,36.5%
1427,1747,206,34,16.5%
1428,1752,402,100,24.9%
1429,1775,341,142,41.6%
1430,1776,"1,176",155,13.2%
1431,7414,924,174,18.8%
1432,1774,334,71,21.3%
1433,7844,21,13,61.9%
1434,1797,382,31,8.1%
1435,3293,891,61,6.8%
1436,7597,453,42,9.3%
1437,3286,514,31,6.0%
1438,3291,675,47,7.0%
1439,3296,"1,184",123,10.4%
1440,3295,"1,283",130,10.1%
1441,9999,128,10,7.8%
1442,3287,551,23,4.2%
1443,3288,614,56,9.1%
1444,3289,593,50,8.4%
1445,3294,914,64,7.0%
1446,4960,734,31,4.2%
1447,7212,536,20,3.7%
1448,3297,910,61,6.7%
1449,3036,662,210,31.7%
1450,3037,351,105,29.9%
1451,4828,439,116,26.4%
1452,0000,407,177,43.5%
1453,7291,292,101,34.6%
1454,7574,"1,306",484,37.1%
1455,7223,397,248,62.5%
1456,7012,336,181,53.9%
1457,3902,315,190,60.3%
1458,7549,249,207,83.1%
1459,7954,406,141,34.7%
1460,7955,362,108,29.8%
1461,7953,896,278,31.0%
1462,9999,81,17,21.0%
1463,2618,929,227,24.4%
1464,7956,280,79,28.2%
1465,2619,311,145,46.6%
1466,6733,279,68,24.4%
1467,8246,905,234,25.9%
1468,9999,11,5,45.5%
1469,2623,"1,824",374,20.5%
1470,5114,966,252,26.1%
1471,2621,341,85,24.9%
1472,4708,499,83,16.6%
1473,7383,423,57,13.5%
1474,2620,310,63,20.3%
1475,7672,"1,241","1,139",91.8%
1476,2339,651,266,40.9%
1477,8066,309,147,47.6%
1478,8138,451,224,49.7%
1479,7777,773,649,84.0%
1480,1898,309,36,11.7%
1481,1899,315,67,21.3%
1482,9999,40,0,0.0%
1483,1902,"1,161",138,11.9%
1484,1901,831,133,16.0%
1485,1894,379,59,15.6%
1486,1896,323,47,14.6%
1487,7929,498,36,7.2%
1488,1155,744,43,5.8%
1489,5363,545,47,8.6%
1490,1158,413,23,5.6%
1491,1159,"1,037",68,6.6%
1492,8259,693,586,84.6%
1493,8208,517,454,87.8%
1494,8207,"1,120",915,81.7%
1495,8153,860,698,81.2%
1496,8152,530,478,90.2%
1497,7961,729,607,83.3%
1498,7909,721,503,69.8%
1499,8151,732,587,80.2%
1500,7910,640,474,74.1%
1501,7678,541,337,62.3%
1502,7582,930,764,82.2%
1503,4248,596,239,40.1%
1504,4244,207,75,36.2%
1505,4249,624,185,29.6%
1506,6976,432,161,37.3%
1507,9999,6,4,66.7%
1508,0213,292,244,83.6%
1509,7673,577,418,72.4%
1510,0499,617,473,76.7%
1511,0222,466,395,84.8%
1512,6105,"1,130",729,64.5%
1513,0498,474,269,56.8%
1514,6672,299,212,70.9%
1515,1709,212,58,27.4%
1516,7837,368,167,45.4%
1517,8008,319,112,35.1%
1518,5098,"1,183",284,24.0%
1519,1715,860,255,29.7%
1520,5021,216,74,34.3%
1521,1711,214,53,24.8%
1522,4851,335,75,22.4%
1523,8210,132,95,72.0%
1524,8257,779,552,70.9%
1525,3157,633,281,44.4%
1526,7792,214,64,29.9%
1527,3158,445,121,27.2%
1528,6744,495,267,53.9%
1529,6716,803,72,9.0%
1530,6845,316,27,8.5%
1531,7433,392,29,7.4%
1532,3303,350,76,21.7%
1533,3305,"1,722",132,7.7%
1534,8139,794,105,13.2%
1535,5252,294,36,12.2%
1536,7573,414,27,6.5%
1537,6208,415,196,47.2%
1538,3994,278,81,29.1%
1539,7613,225,91,40.4%
1540,9999,3,2,66.7%
1541,2423,958,435,45.4%
1542,7890,512,181,35.4%
1543,7891,266,96,36.1%
1544,3962,795,311,39.1%
1545,7799,347,174,50.1%
1546,3961,674,329,48.8%
1547,8232,384,198,51.6%
1548,5175,787,172,21.9%
1549,8005,213,143,67.1%
1550,1788,433,147,33.9%
1551,1790,686,239,34.8%
1552,1785,528,236,44.7%
1553,9999,10,3,30.0%
1554,7756,451,240,53.2%
1555,6566,328,219,66.8%
1556,0000,294,158,53.7%
1557,6261,285,153,53.7%
1558,8182,360,165,45.8%
1559,8183,215,86,40.0%
1560,7789,632,455,72.0%
1561,8184,583,323,55.4%
1562,8187,"1,210",454,37.5%
1563,8186,835,365,43.7%
1564,8185,897,400,44.6%
1565,3196,214,88,41.1%
1566,6265,61,26,42.6%
1567,5061,355,165,46.5%
1568,7863,525,211,40.2%
1569,6809,500,184,36.8%
1570,4091,586,190,32.4%
1571,6360,479,205,42.8%
1572,2053,532,76,14.3%
1573,2054,596,213,35.7%
1574,4724,418,167,40.0%
1575,5329,572,154,26.9%
1576,4954,638,241,37.8%
1577,8071,"2,368",684,28.9%
1578,9999,43,2,4.7%
1579,2058,266,109,41.0%
1580,2059,468,229,48.9%
1581,2060,258,98,38.0%
1582,7384,526,94,17.9%
1583,2062,661,256,38.7%
1584,1793,384,183,47.7%
1585,6682,207,79,38.2%
1586,1794,264,70,26.5%
1587,7064,400,169,42.3%
1588,1623,277,106,38.3%
1589,9999,2,1,50.0%
1590,5353,623,351,56.3%
1591,6863,498,251,50.4%
1592,9999,3,0,0.0%
1593,3541,669,290,43.3%
1594,7034,154,89,57.8%
1595,3537,280,138,49.3%
1596,4836,164,87,53.0%
1597,6699,565,256,45.3%
1598,6583,531,225,42.4%
1599,7108,767,350,45.6%
1600,2686,722,241,33.4%
1601,6635,344,190,55.2%
1602,4444,418,304,72.7%
1603,7399,199,138,69.3%
1604,6181,258,178,69.0%
1605,6605,719,341,47.4%
1606,1164,685,279,40.7%
1607,9999,2,0,0.0%
1608,6674,974,477,49.0%
1609,7800,337,176,52.2%
1610,3039,461,177,38.4%
1611,7523,183,68,37.2%
1612,3040,254,73,28.7%
1613,0000,304,60,19.7%
1614,8177,910,194,21.3%
1615,6596,569,124,21.8%
1616,0229,385,76,19.7%
1617,5017,"1,007",176,17.5%
1618,9999,159,3,1.9%
1619,5343,589,161,27.3%
1620,3044,274,80,29.2%
1621,3042,468,131,28.0%
1622,9999,6,4,66.7%
1623,3045,598,133,22.2%
1624,5354,315,105,33.3%
1625,6421,462,211,45.7%
1626,4044,788,243,30.8%
1627,5127,179,35,19.6%
1628,0240,456,40,8.8%
1629,5299,207,97,46.9%
1630,7441,330,58,17.6%
1631,7952,192,14,7.3%
1632,8253,590,106,18.0%
1633,8254,619,94,15.2%
1634,4951,"1,170",139,11.9%
1635,8112,331,196,59.2%
1636,8114,210,115,54.8%
1637,8113,384,229,59.6%
1638,6929,494,256,51.8%
1639,1550,433,189,43.6%
1640,9999,2,1,50.0%
1641,7498,869,535,61.6%
1642,6936,461,224,48.6%
1643,8135,253,139,54.9%
1644,4454,194,84,43.3%
1645,4458,685,226,33.0%
1646,7791,339,135,39.8%
1647,4455,379,151,39.8%
1648,4457,350,194,55.4%
1649,4453,153,89,58.2%
1650,2295,159,107,67.3%
1651,2297,241,148,61.4%
1652,9999,17,16,94.1%
1653,7944,473,224,47.4%
1654,7733,298,184,61.7%
1655,2291,384,281,73.2%
1656,7339,561,257,45.8%
1657,4049,550,260,47.3%
1658,9999,15,10,66.7%
1659,0249,274,8,2.9%
1660,0251,218,30,13.8%
1661,0248,347,33,9.5%
1662,0250,304,22,7.2%
1663,7535,609,58,9.5%
1664,0246,427,39,9.1%
1665,0247,335,11,3.3%
1666,7534,666,63,9.5%
1667,9999,15,0,0.0%
1668,0254,"1,706",164,9.6%
1669,0245,374,32,8.6%
1670,8006,520,253,48.7%
1671,4919,"1,210",550,45.5%
1672,6610,886,367,41.4%
1673,0827,893,406,45.5%
1674,9999,11,2,18.2%
1675,7546,247,181,73.3%
1676,3048,469,130,27.7%
1677,3047,556,206,37.1%
1678,8054,375,33,8.8%
1679,8055,347,35,10.1%
1680,3495,"1,526",187,12.3%
1681,8053,"1,065",196,18.4%
1682,3494,734,108,14.7%
1683,8056,547,114,20.8%
1684,5154,410,48,11.7%
1685,1070,386,123,31.9%
1686,4948,492,44,8.9%
1687,7128,632,121,19.1%
1688,1069,562,152,27.0%
1689,1065,507,113,22.3%
1690,7380,986,170,17.2%
1691,1071,407,87,21.4%
1692,6455,"2,681",474,17.7%
1693,1077,523,132,25.2%
1694,1076,522,108,20.7%
1695,1072,365,95,26.0%
1696,2689,587,123,21.0%
1697,2688,679,169,24.9%
1698,9999,4,1,25.0%
1699,6720,716,396,55.3%
1700,0695,514,230,44.7%
1701,0694,347,188,54.2%
1702,9999,44,27,61.4%
1703,2701,103,32,31.1%
1704,2691,285,208,73.0%
1705,2699,274,172,62.8%
1706,9999,51,31,60.8%
1707,2704,"1,306",796,60.9%
1708,2700,294,188,63.9%
1709,7164,682,489,71.7%
1710,2697,219,200,91.3%
1711,7762,105,47,44.8%
1712,7649,"1,067",661,61.9%
1713,7942,763,728,95.4%
1714,1084,494,14,2.8%
1715,1082,267,13,4.9%
1716,7561,427,17,4.0%
1717,9999,9,0,0.0%
1718,7830,401,14,3.5%
1719,5167,307,234,76.2%
1720,4463,240,205,85.4%
1721,4462,258,157,60.9%
1722,4466,245,165,67.3%
1723,9999,58,35,60.3%
1724,6184,457,317,69.4%
1725,4469,589,359,61.0%
1726,7829,405,329,81.2%
1727,5260,528,279,52.8%
1728,7930,333,112,33.6%
1729,7931,260,112,43.1%
1730,9999,4,1,25.0%
1731,7566,59,9,15.3%
1732,3263,520,379,72.9%
1733,3265,899,594,66.1%
1734,3321,521,447,85.8%
1735,5080,523,491,93.9%
1736,3318,483,394,81.6%
1737,3408,639,469,73.4%
1738,6729,"1,739","1,088",62.6%
1739,5253,540,286,53.0%
1740,6998,140,101,72.1%
1741,3320,541,453,83.7%
1742,7364,515,438,85.0%
1743,0263,398,4,1.0%
1744,5108,687,46,6.7%
1745,0265,514,5,1.0%
1746,6603,335,19,5.7%
1747,0266,406,8,2.0%
1748,0270,668,24,3.6%
1749,7346,712,18,2.5%
1750,7379,620,13,2.1%
1751,0268,791,46,5.8%
1752,0271,"1,395",58,4.2%
1753,9999,7,0,0.0%
1754,6793,"1,280",41,3.2%
1755,0269,377,17,4.5%
1756,5139,296,122,41.2%
1757,1489,300,88,29.3%
1758,4946,393,175,44.5%
1759,6145,504,150,29.8%
1760,6144,373,167,44.8%
1761,7360,398,177,44.5%
1762,8142,500,140,28.0%
1763,8052,554,134,24.2%
1764,6106,715,211,29.5%
1765,7101,"1,391",341,24.5%
1766,0291,563,122,21.7%
1767,0290,508,202,39.8%
1768,4958,"1,044",154,14.8%
1769,7406,569,64,11.2%
1770,6907,394,17,4.3%
1771,4831,589,81,13.8%
1772,7314,577,63,10.9%
1773,5344,474,200,42.2%
1774,3379,423,103,24.3%
1775,3309,595,198,33.3%
1776,3275,515,133,25.8%
1777,4830,617,45,7.3%
1778,5345,"3,072",637,20.7%
1779,3325,447,93,20.8%
1780,3280,495,209,42.2%
1781,3322,822,90,10.9%
1782,3324,"1,395",387,27.7%
1783,3323,756,166,22.0%
1784,7407,535,96,17.9%
1785,3278,375,144,38.4%
1786,8097,302,91,30.1%
1787,8098,595,224,37.6%
1788,2446,969,278,28.7%
1789,8099,437,159,36.4%
1790,5233,738,247,33.5%
1791,9999,126,5,4.0%
1792,7950,"1,064",516,48.5%
1793,3883,830,334,40.2%
1794,4837,429,218,50.8%
1795,7259,323,181,56.0%
1796,3988,400,208,52.0%
1797,5062,646,232,35.9%
1798,3499,619,126,20.4%
1799,3500,633,113,17.9%
1800,3505,"1,714",385,22.5%
1801,7430,"1,064",340,32.0%
1802,5258,861,228,26.5%
1803,5209,442,207,46.8%
1804,0964,390,148,37.9%
1805,0000,284,140,49.3%
1806,4572,344,134,39.0%
1807,7375,211,74,35.1%
1808,4578,579,264,45.6%
1809,4577,983,355,36.1%
1810,9999,16,0,0.0%
1811,5272,369,113,30.6%
1812,7962,452,191,42.3%
1813,7644,519,227,43.7%
1814,4576,265,144,54.3%
1815,7167,479,227,47.4%
1816,0747,566,208,36.7%
1817,6859,474,224,47.3%
1818,6201,376,152,40.4%
1819,6860,336,151,44.9%
1820,2758,226,58,25.7%
1821,2755,274,76,27.7%
1822,2757,481,101,21.0%
1823,2756,259,53,20.5%
1824,7392,386,100,25.9%
1825,2760,778,146,18.8%
1826,6829,266,109,41.0%
1827,9999,10,3,30.0%
1828,2818,573,192,33.5%
1829,2813,364,159,43.7%
1830,6727,516,214,41.5%
1831,6931,281,153,54.4%
1832,3875,251,119,47.4%
1833,9999,1,0,0.0%
1834,6908,326,138,42.3%
1835,6371,279,166,59.5%
1836,4058,412,187,45.4%
1837,9999,1,0,0.0%
1838,4060,458,187,40.8%
1839,4057,374,200,53.5%
1840,6373,561,218,38.9%
1841,6816,350,170,48.6%
1842,4579,389,56,14.4%
1843,4581,322,84,26.1%
1844,6345,989,161,16.3%
1845,6346,730,146,20.0%
1846,9999,22,10,45.5%
1847,7572,516,74,14.3%
1848,4580,209,59,28.2%
1849,0030,244,129,52.9%
1850,6977,432,249,57.6%
1851,0053,534,253,47.4%
1852,6353,110,2,1.8%
1853,2958,539,155,28.8%
1854,2955,370,139,37.6%
1855,2956,251,101,40.2%
1856,0000,516,316,61.2%
1857,5144,394,240,60.9%
1858,6146,353,185,52.4%
1859,6745,535,266,49.7%
1860,2070,250,146,58.4%
1861,6449,507,95,18.7%
1862,2821,692,82,11.8%
1863,7353,554,79,14.3%
1864,9999,3,0,0.0%
1865,2819,483,35,7.2%
1866,7856,780,541,69.4%
1867,8101,501,114,22.8%
1868,7758,793,153,19.3%
1869,4482,822,165,20.1%
1870,4717,"1,634",326,20.0%
1871,7757,468,145,31.0%
1872,5270,483,86,17.8%
1873,7716,506,48,9.5%
1874,1414,"1,231",411,33.4%
1875,1413,369,129,35.0%
1876,8004,388,120,30.9%
1877,7656,520,205,39.4%
1878,4115,460,325,70.7%
1879,4109,78,31,39.7%
1880,7215,676,441,65.2%
1881,9999,7,6,85.7%
1882,4931,648,386,59.6%
1883,8235,152,105,69.1%
1884,4116,110,75,68.2%
1885,2448,478,204,42.7%
1886,2449,424,157,37.0%
1887,9999,1,0,0.0%
1888,7378,731,182,24.9%
1889,6319,417,86,20.6%
1890,9999,28,5,17.9%
1891,6318,579,85,14.7%
1892,8205,"1,728",879,50.9%
1893,3876,208,118,56.7%
1894,3877,184,92,50.0%
1895,7753,109,64,58.7%
1896,9999,1,1,100.0%
1897,3106,419,213,50.8%
1898,3107,312,159,51.0%
1899,7304,568,137,24.1%
1900,7198,529,41,7.8%
1901,7197,488,53,10.9%
1902,6487,602,113,18.8%
1903,1406,"1,513",167,11.0%
1904,5010,860,118,13.7%
1905,7994,556,22,4.0%
1906,8063,411,168,40.9%
1907,8064,572,224,39.2%
1908,6624,265,111,41.9%
1909,6623,691,293,42.4%
1910,1420,"1,213",462,38.1%
1911,1418,638,272,42.6%
1912,7690,318,229,72.0%
1913,7063,223,63,28.3%
1914,1094,637,93,14.6%
1915,7312,437,71,16.2%
1916,9999,2,0,0.0%
1917,1091,239,36,15.1%
1918,6456,220,33,15.0%
1919,4734,531,156,29.4%
1920,7140,302,127,42.1%
1921,9999,19,11,57.9%
1922,7993,182,75,41.2%
1923,7172,439,212,48.3%
1924,1319,384,112,29.2%
1925,2761,337,73,21.7%
1926,8157,644,85,13.2%
1927,8162,217,66,30.4%
1928,2765,815,150,18.4%
1929,2766,957,152,15.9%
1930,2764,358,92,25.7%
1931,7985,725,611,84.3%
1932,1322,866,544,62.8%
1933,1323,423,300,70.9%
1934,6693,452,280,61.9%
1935,2824,522,69,13.2%
1936,4672,503,81,16.1%
1937,8141,610,100,16.4%
1938,2823,407,70,17.2%
1939,6801,466,62,13.3%
1940,2827,375,99,26.4%
1941,7604,"1,126",233,20.7%
1942,2829,"3,152",456,14.5%
1943,9999,7,0,0.0%
1944,2826,493,56,11.4%
1945,2825,416,68,16.3%
1946,7603,"1,186",217,18.3%
1947,5274,619,264,42.6%
1948,6439,552,137,24.8%
1949,3511,526,191,36.3%
1950,5351,656,177,27.0%
1951,1213,527,140,26.6%
1952,7139,273,110,40.3%
1953,6990,548,201,36.7%
1954,6202,172,74,43.0%
1955,1255,263,117,44.5%
1956,9999,10,7,70.0%
1957,8160,316,189,59.8%
1958,8013,255,162,63.5%
1959,5019,"1,261",838,66.5%
1960,8014,633,440,69.5%
1961,0309,"1,399",740,52.9%
1962,8015,355,230,64.8%
1963,7141,605,218,36.0%
1964,2516,282,101,35.8%
1965,2629,331,95,28.7%
1966,2626,437,201,46.0%
1967,2627,290,62,21.4%
1968,7410,539,200,37.1%
1969,2628,311,112,36.0%
1970,5238,331,89,26.9%
1971,2633,"1,589",430,27.1%
1972,9999,5,0,0.0%
1973,2634,349,96,27.5%
1974,1911,456,53,11.6%
1975,1910,352,78,22.2%
1976,5143,803,153,19.1%
1977,1912,288,72,25.0%
1978,5223,421,54,12.8%
1979,1915,"1,068",197,18.4%
1980,6185,468,79,16.9%
1981,6186,225,36,16.0%
1982,4490,439,63,14.4%
1983,4492,602,69,11.5%
1984,6648,"1,388",165,11.9%
1985,6187,403,41,10.2%
1986,7111,201,66,32.8%
1987,6189,375,62,16.5%
1988,1630,487,213,43.7%
1989,1629,545,188,34.5%
1990,6137,561,247,44.0%
1991,6942,596,246,41.3%
1992,9999,6,0,0.0%
1993,7278,519,202,38.9%
1994,6136,610,237,38.9%
1995,1053,436,42,9.6%
1996,1054,464,68,14.7%
1997,1055,461,91,19.7%
1998,1097,491,115,23.4%
1999,4681,644,96,14.9%
2000,1100,"2,307",360,15.6%
2001,7957,673,106,15.8%
2002,1099,493,142,28.8%
2003,1098,519,96,18.5%
2004,1052,440,42,9.5%
2005,7260,411,93,22.6%
2006,7028,524,296,56.5%
2007,2345,405,214,52.8%
2008,1347,229,61,26.6%
2009,1346,108,54,50.0%
2010,6847,489,115,23.5%
2011,6231,654,150,22.9%
2012,9999,4,0,0.0%
2013,7519,528,49,9.3%
2014,7308,767,180,23.5%
2015,4853,531,27,5.1%
2016,1111,449,62,13.8%
2017,7465,230,107,46.5%
2018,1109,464,26,5.6%
2019,1107,411,133,32.4%
2020,1106,439,111,25.3%
2021,1101,257,82,31.9%
2022,4682,"3,241",459,14.2%
2023,1116,935,165,17.6%
2024,1102,539,46,8.5%
2025,1104,332,109,32.8%
2026,1112,320,93,29.1%
2027,1113,991,153,15.4%
2028,7650,"10,434","3,810",36.5%
2029,7821,358,0,0.0%
2030,7819,"2,324","1,106",47.6%
2031,7687,"3,198","1,481",46.3%
2032,7685,545,419,76.9%
2033,8037,402,194,48.3%
2034,2649,608,184,30.3%
2035,6300,388,159,41.0%
2036,2648,285,114,40.0%
2037,7459,678,65,9.6%
2038,3328,"1,832",194,10.6%
2039,3326,809,93,11.5%
2040,7794,611,76,12.4%
2041,7766,525,99,18.9%
2042,7554,775,70,9.0%
2043,3327,583,80,13.7%
2044,7770,550,432,78.5%
2045,7594,736,26,3.5%
2046,7393,"1,043",43,4.1%
2047,9999,8,2,25.0%
2048,5083,"1,485",65,4.4%
2049,4256,666,26,3.9%
2050,4255,421,18,4.3%
2051,7587,"1,182",363,30.7%
2052,7904,716,412,57.5%
2053,7256,404,404,100.0%
2054,3617,498,498,100.0%
2055,5292,493,475,96.3%
2056,3758,856,856,100.0%
2057,6823,397,397,100.0%
2058,7024,270,165,61.1%
2059,3804,597,577,96.6%
2060,3805,208,208,100.0%
2061,8039,554,282,50.9%
2062,3618,423,386,91.3%
2063,6824,"1,226",773,63.1%
2064,8029,852,817,95.9%
2065,3732,792,792,100.0%
2066,3847,954,954,100.0%
2067,7238,283,283,100.0%
2068,5183,737,701,95.1%
2069,3662,325,298,91.7%
2070,3663,459,426,92.8%
2071,7070,514,347,67.5%
2072,3840,873,873,100.0%
2073,3620,427,398,93.2%
2074,3745,401,275,68.6%
2075,3684,598,561,93.8%
2076,6529,538,417,77.5%
2077,3601,534,476,89.1%
2078,7230,"1,590","1,590",100.0%
2079,4728,363,330,90.9%
2080,7023,750,397,52.9%
2081,3664,609,609,100.0%
2082,3602,620,587,94.7%
2083,7404,402,402,100.0%
2084,3848,"2,329","1,108",47.6%
2085,3622,619,559,90.3%
2086,6767,540,540,100.0%
2087,3666,39,0,0.0%
2088,3782,459,439,95.6%
2089,3760,506,267,52.8%
2090,7781,291,291,100.0%
2091,7905,380,192,50.5%
2092,6525,676,676,100.0%
2093,5122,540,316,58.5%
2094,7239,401,401,100.0%
2095,5123,676,676,100.0%
2096,6996,702,330,47.0%
2097,3762,352,259,73.6%
2098,3706,503,466,92.6%
2099,7175,676,637,94.2%
2100,4727,"1,016",604,59.4%
2101,3786,347,330,95.1%
2102,3763,874,874,100.0%
2103,3841,719,719,100.0%
2104,3726,282,282,100.0%
2105,3787,251,251,100.0%
2106,3604,80,0,0.0%
2107,5040,342,277,81.0%
2108,3687,260,226,86.9%
2109,3849,"1,274","1,254",98.4%
2110,3708,586,547,93.3%
2111,3688,804,804,100.0%
2112,3738,335,293,87.5%
2113,3709,640,606,94.7%
2114,5039,502,474,94.4%
2115,7235,984,713,72.5%
2116,7226,561,561,100.0%
2117,3816,"1,362","1,017",74.7%
2118,3751,624,624,100.0%
2119,7368,610,610,100.0%
2120,3690,358,316,88.3%
2121,3739,852,708,83.1%
2122,6913,282,229,81.2%
2123,3781,880,505,57.4%
2124,3764,"1,088",874,80.3%
2125,3765,457,267,58.4%
2126,3803,"1,090",616,56.5%
2127,3850,"1,387","1,387",100.0%
2128,3851,546,546,100.0%
2129,7231,984,867,88.1%
2130,6822,766,766,100.0%
2131,3791,396,364,91.9%
2132,3818,550,550,100.0%
2133,7664,515,193,37.5%
2134,3852,728,671,92.2%
2135,3625,408,351,86.0%
2136,3776,590,590,100.0%
2137,3843,"1,170",808,69.1%
2138,3668,373,272,72.9%
2139,4726,710,185,26.1%
2140,5186,570,191,33.5%
2141,5120,415,415,100.0%
2142,5185,571,571,100.0%
2143,5041,489,240,49.1%
2144,7242,587,587,100.0%
2145,6528,485,485,100.0%
2146,5125,444,415,93.5%
2147,3712,406,214,52.7%
2148,5187,486,437,89.9%
2149,7229,239,150,62.8%
2150,3806,371,303,81.7%
2151,3766,587,500,85.2%
2152,3742,916,916,100.0%
2153,3713,449,304,67.7%
2154,3743,274,274,100.0%
2155,3807,675,675,100.0%
2156,3693,525,487,92.8%
2157,3642,428,395,92.3%
2158,7227,325,213,65.5%
2159,3714,477,201,42.1%
2160,7963,"1,081",998,92.3%
2161,3645,439,439,100.0%
2162,3626,292,277,94.9%
2163,5294,777,777,100.0%
2164,3795,370,370,100.0%
2165,7852,424,424,100.0%
2166,7855,363,363,100.0%
2167,7851,370,275,74.3%
2168,8143,222,157,70.7%
2169,7228,516,516,100.0%
2170,6675,760,760,100.0%
2171,3715,521,483,92.7%
2172,3647,551,517,93.8%
2173,6825,200,126,63.0%
2174,3670,530,408,77.0%
2175,7810,195,140,71.8%
2176,7811,320,207,64.7%
2177,3744,814,814,100.0%
2178,6530,447,394,88.1%
2179,3822,270,230,85.2%
2180,3671,314,314,100.0%
2181,3845,"1,817","1,267",69.7%
2182,3717,424,424,100.0%
2183,4732,484,484,100.0%
2184,4961,833,536,64.3%
2185,3718,431,356,82.6%
2186,6533,477,459,96.2%
2187,7232,990,959,96.9%
2188,3694,336,322,95.8%
2189,3797,392,392,100.0%
2190,7521,751,721,96.0%
2191,3842,680,680,100.0%
2192,3808,"1,174",359,30.6%
2193,3769,"1,084",744,68.6%
2194,3648,634,431,68.0%
2195,3719,418,291,69.6%
2196,6534,592,553,93.4%
2197,3629,810,810,100.0%
2198,5293,330,294,89.1%
2199,3611,416,355,85.3%
2200,3630,411,368,89.5%
2201,6768,575,471,81.9%
2202,3649,519,136,26.2%
2203,7022,302,302,100.0%
2204,3720,323,280,86.7%
2205,3798,572,533,93.2%
2206,3697,435,435,100.0%
2207,3770,"1,157",956,82.6%
2208,4868,388,328,84.5%
2209,3749,634,634,100.0%
2210,6535,781,781,100.0%
2211,7815,242,242,100.0%
2212,7522,763,731,95.8%
2213,3650,300,263,87.7%
2214,3855,"2,965","2,122",71.6%
2215,3750,814,814,100.0%
2216,6960,242,153,63.2%
2217,7472,290,258,89.0%
2218,3857,996,996,100.0%
2219,6548,258,258,100.0%
2220,7808,257,149,58.0%
2221,7782,466,466,100.0%
2222,3721,514,514,100.0%
2223,3613,660,631,95.6%
2224,7780,265,265,100.0%
2225,3675,436,381,87.4%
2226,7706,581,145,25.0%
2227,7244,267,267,100.0%
2228,3722,410,385,93.9%
2229,6539,517,478,92.5%
2230,3616,643,643,100.0%
2231,6821,407,407,100.0%
2232,9999,"4,276","1,664",38.9%
2233,8120,327,205,62.7%
2234,8121,226,157,69.5%
2235,7850,206,206,100.0%
2236,7812,249,202,81.1%
2237,3801,764,528,69.1%
2238,5121,431,401,93.0%
2239,3783,252,174,69.0%
2240,6540,354,323,91.2%
2241,6765,404,387,95.8%
2242,7813,539,539,100.0%
2243,3632,402,366,91.0%
2244,3771,583,425,72.9%
2245,3614,590,590,100.0%
2246,6522,203,203,100.0%
2247,3701,687,687,100.0%
2248,3824,304,304,100.0%
2249,3724,454,454,100.0%
2250,3844,476,476,100.0%
2251,3861,524,345,65.8%
2252,7245,505,505,100.0%
2253,7903,399,399,100.0%
2254,7906,488,182,37.3%
2255,3653,595,557,93.6%
2256,7246,189,189,100.0%
2257,3725,631,294,46.6%
2258,3702,270,270,100.0%
2259,3800,738,738,100.0%
2260,7809,103,103,100.0%
2261,3634,393,393,100.0%
2262,3773,"1,288","1,150",89.3%
2263,3859,658,626,95.1%
2264,3654,569,533,93.7%
2265,3655,271,271,100.0%
2266,7234,"1,349","1,186",87.9%
2267,3635,278,258,92.8%
2268,6541,372,331,89.0%
2269,4963,482,447,92.7%
2270,3727,552,517,93.7%
2271,7255,431,431,100.0%
2272,3753,661,661,100.0%
2273,7072,693,439,63.3%
2274,3657,500,463,92.6%
2275,3755,550,550,100.0%
2276,3832,373,373,100.0%
2277,6523,506,506,100.0%
2278,3658,388,335,86.3%
2279,7252,280,280,100.0%
2280,3835,460,460,100.0%
2281,7225,334,298,89.2%
2282,6527,"1,866","1,078",57.8%
2283,3659,311,273,87.8%
2284,7663,653,653,100.0%
2285,3615,384,384,100.0%
2286,5124,944,904,95.8%
2287,3703,568,568,100.0%
2288,3860,815,815,100.0%
2289,3681,386,367,95.1%
2290,3728,173,173,100.0%
2291,6544,890,779,87.5%
2292,3775,281,223,79.4%
2293,7253,"1,162","1,006",86.6%
2294,3731,467,449,96.1%
2295,5188,425,368,86.6%
2296,7233,523,456,87.2%
2297,7737,642,475,74.0%
2298,7511,504,308,61.1%
2299,7828,169,117,69.2%
2300,7647,"1,060",471,44.4%
2301,8170,250,133,53.2%
2302,6239,262,132,50.4%
2303,1555,420,220,52.4%
2304,1560,568,262,46.1%
2305,1559,280,154,55.0%
2306,1430,397,186,46.9%
2307,1396,307,33,10.7%
2308,1426,931,149,16.0%
2309,7213,295,66,22.4%
2310,1425,796,172,21.6%
2311,9999,9,7,77.8%
2312,4841,705,83,11.8%
2313,3910,469,156,33.3%
2314,5262,487,193,39.6%
2315,3909,628,260,41.4%
2316,7999,"1,096",55,5.0%
2317,7998,396,21,5.3%
2318,0315,"1,562",78,5.0%
2319,0314,735,36,4.9%
2320,9999,8,0,0.0%
2321,7997,446,35,7.8%
2322,7996,407,11,2.7%
2323,8203,574,458,79.8%
2324,7443,22,17,77.3%
2325,0409,"1,347",601,44.6%
2326,7616,317,268,84.5%
2327,7615,501,426,85.0%
2328,7878,586,481,82.1%
2329,7886,182,163,89.6%
2330,7889,386,327,84.7%
2331,7501,285,175,61.4%
2332,6019,403,265,65.8%
2333,6915,"1,454",932,64.1%
2334,7868,570,358,62.8%
2335,8106,890,273,30.7%
2336,0326,631,444,70.4%
2337,0412,823,604,73.4%
2338,7913,151,145,96.0%
2339,7692,362,273,75.4%
2340,6022,703,231,32.9%
2341,0330,501,376,75.0%
2342,6811,208,174,83.7%
2343,6024,483,374,77.4%
2344,8204,767,649,84.6%
2345,6026,429,349,81.4%
2346,0400,333,259,77.8%
2347,6028,392,258,65.8%
2348,7880,632,502,79.4%
2349,8255,682,623,91.3%
2350,6042,398,244,61.3%
2351,7870,332,280,84.3%
2352,6044,391,211,54.0%
2353,7871,267,222,83.1%
2354,7881,398,255,64.1%
2355,8108,335,286,85.4%
2356,8110,598,495,82.8%
2357,0363,533,331,62.1%
2358,0351,367,187,51.0%
2359,0365,640,503,78.6%
2360,8105,960,545,56.8%
2361,6047,114,105,92.1%
2362,8256,66,40,60.6%
2363,0416,932,706,75.8%
2364,0395,295,177,60.0%
2365,6664,73,39,53.4%
2366,7742,405,293,72.3%
2367,9999,226,167,73.9%
2368,0379,220,199,90.5%
2369,8107,540,299,55.4%
2370,7693,458,292,63.8%
2371,7888,584,454,77.7%
2372,7916,115,111,96.5%
2373,7362,296,239,80.7%
2374,7039,388,276,71.1%
2375,6873,156,127,81.4%
2376,7884,385,303,78.7%
2377,7876,254,223,87.8%
2378,7694,305,174,57.0%
2379,7877,235,189,80.4%
2380,7885,238,147,61.8%
2381,7502,174,139,79.9%
2382,2943,267,128,47.9%
2383,6385,735,351,47.8%
2384,7730,507,250,49.3%
2385,5058,"1,010",373,36.9%
2386,6622,763,374,49.0%
2387,7979,471,277,58.8%
2388,7434,"1,036",409,39.5%
2389,3210,"2,001",769,38.4%
2390,7660,"1,192",476,39.9%
2391,7183,902,370,41.0%
2392,3209,304,118,38.8%
2393,0427,401,99,24.7%
2394,0432,453,103,22.7%
2395,5105,669,164,24.5%
2396,7193,526,111,21.1%
2397,9999,12,3,25.0%
2398,0435,"1,334",254,19.0%
2399,0433,241,106,44.0%
2400,4901,353,68,19.3%
2401,7771,399,299,74.9%
2402,3212,480,194,40.4%
2403,7482,696,500,71.8%
2404,7483,6,5,83.3%
2405,8236,"1,034",763,73.8%
2406,6432,727,299,41.1%
2407,3216,"1,575",699,44.4%
2408,8010,728,324,44.5%
2409,9999,124,78,62.9%
2410,7738,"1,915","1,231",64.3%
2411,7867,850,609,71.6%
2412,7739,961,498,51.8%
2413,3214,718,417,58.1%
2414,7055,468,220,47.0%
2415,3111,433,176,40.6%
2416,7984,546,297,54.4%
2417,1270,378,177,46.8%
2418,3334,763,273,35.8%
2419,6746,745,225,30.2%
2420,3338,989,299,30.2%
2421,3337,453,154,34.0%
2422,3336,283,121,42.8%
2423,3345,406,300,73.9%
2424,5110,294,200,68.0%
2425,3339,312,164,52.6%
2426,3341,371,245,66.0%
2427,3346,674,484,71.8%
2428,9999,27,15,55.6%
2429,3348,760,430,56.6%
2430,3342,252,156,61.9%
2431,3915,955,615,64.4%
2432,5265,842,490,58.2%
2433,3924,"1,058",509,48.1%
2434,7540,607,376,61.9%
2435,8218,242,144,59.5%
2436,8129,552,398,72.1%
2437,7848,404,278,68.8%
2438,7772,587,517,88.1%
2439,7831,394,341,86.5%
2440,7832,416,296,71.2%
2441,8193,237,193,81.4%
2442,8077,89,38,42.7%
2443,8078,80,57,71.3%
2444,8079,87,49,56.3%
2445,8080,152,80,52.6%
2446,8081,70,42,60.0%
2447,6165,907,361,39.8%
2448,8082,709,355,50.1%
2449,2379,162,105,64.8%
2450,6893,484,317,65.5%
2451,2350,494,299,60.5%
2452,6108,506,67,13.2%
2453,6852,304,30,9.9%
2454,0448,614,71,11.6%
2455,0447,482,53,11.0%
2456,9999,30,4,13.3%
2457,6781,445,97,21.8%
2458,1122,421,138,32.8%
2459,7836,455,75,16.5%
2460,7835,395,105,26.6%
2461,1128,"1,200",315,26.3%
2462,5132,298,142,47.7%
2463,1121,479,120,25.1%
2464,4965,806,244,30.3%
2465,1123,426,122,28.6%
2466,7630,404,82,20.3%
2467,6510,425,21,4.9%
2468,7697,543,40,7.4%
2469,6511,862,71,8.2%
2470,1921,"1,177",113,9.6%
2471,6512,634,66,10.4%
2472,5275,"1,041",797,76.6%
2473,0840,760,673,88.6%
2474,8117,"2,456","2,226",90.6%
2475,0844,412,379,92.0%
2476,0852,792,738,93.2%
2477,8247,671,558,83.2%
2478,0858,884,807,91.3%
2479,5206,804,691,85.9%
2480,0856,638,599,93.9%
2481,9999,53,0,0.0%
2482,8116,"3,364","2,902",86.3%
2483,0845,852,738,86.6%
2484,5028,660,562,85.2%
2485,0855,640,593,92.7%
2486,0857,472,449,95.1%
2487,5026,728,661,90.8%
2488,7484,532,477,89.7%
2489,5027,789,691,87.6%
2490,0832,895,725,81.0%
2491,5025,616,581,94.3%
2492,0831,633,555,87.7%
2493,6837,413,165,40.0%
2494,8050,743,203,27.3%
2495,4593,506,87,17.2%
2496,4595,392,204,52.0%
2497,4589,281,84,29.9%
2498,5362,456,157,34.4%
2499,4597,929,284,30.6%
2500,4598,"1,652",395,23.9%
2501,7319,174,77,44.3%
2502,1495,540,171,31.7%
2503,8168,351,162,46.2%
2504,8169,254,112,44.1%
2505,9999,1,0,0.0%
2506,7636,975,201,20.6%
2507,3164,579,230,39.7%
2508,3165,602,239,39.7%
2509,7684,480,413,86.0%
2510,1278,829,162,19.5%
2511,7941,771,132,17.1%
2512,7413,385,191,49.6%
2513,1989,304,102,33.6%
2514,6805,224,89,39.7%
2515,1925,527,147,27.9%
2516,5043,199,150,75.4%
2517,1926,326,66,20.2%
2518,1928,298,59,19.8%
2519,4705,418,122,29.2%
2520,1930,230,68,29.6%
2521,1934,"1,948",582,29.9%
2522,7218,"1,294",413,31.9%
2523,1932,329,208,63.2%
2524,4268,569,173,30.4%
2525,8197,737,385,52.2%
2526,8103,648,264,40.7%
2527,7019,994,347,34.9%
2528,9999,16,1,6.3%
2529,8189,674,262,38.9%
2530,0700,513,131,25.5%
2531,8188,353,112,31.7%
2532,5093,509,213,41.8%
2533,6748,348,177,50.9%
2534,2496,671,273,40.7%
2535,0000,272,178,65.4%
2536,6928,500,166,33.2%
2537,0295,347,66,19.0%
2538,6109,180,126,70.0%
2539,7532,358,358,100.0%
2540,7629,308,284,92.2%
2541,7333,446,333,74.7%
2542,8000,364,206,56.6%
2543,6209,407,160,39.3%
2544,6210,346,104,30.1%
2545,9999,5,2,40.0%
2546,1940,371,38,10.2%
2547,7365,434,27,6.2%
2548,6514,436,54,12.4%
2549,1942,"1,300",158,12.2%
2550,1937,337,32,9.5%
2551,6625,864,119,13.8%
2552,7677,481,424,88.1%
2553,5355,273,121,44.3%
2554,3930,570,301,52.8%
2555,1978,138,60,43.5%
2556,1991,193,65,33.7%
2557,6697,657,255,38.8%
2558,1992,512,168,32.8%
2559,5169,719,215,29.9%
2560,6864,425,157,36.9%
2561,5365,372,101,27.2%
2562,2833,579,115,19.9%
2563,2832,216,31,14.4%
2564,6818,134,66,49.3%
2565,4002,134,41,30.6%
2566,9999,1,0,0.0%
2567,7834,59,54,91.5%
2568,8083,591,442,74.8%
2569,3485,"1,010",233,23.1%
2570,7210,550,96,17.5%
2571,9999,8,3,37.5%
2572,5352,726,116,16.0%
2573,0965,484,202,41.7%
2574,6713,631,311,49.3%
2575,7568,642,243,37.9%
2576,9999,3,0,0.0%
2577,7331,450,187,41.6%
2578,3935,304,149,49.0%
2579,5264,513,181,35.3%
2580,0000,172,120,69.8%
2581,6587,138,80,58.0%
2582,7066,174,80,46.0%
2583,7429,724,186,25.7%
2584,0864,647,92,14.2%
2585,6888,592,131,22.1%
2586,5149,315,215,68.3%
2587,2474,615,389,63.3%
2588,2476,297,260,87.5%
2589,2481,734,470,64.0%
2590,2455,298,257,86.2%
2591,4736,432,328,75.9%
2592,4858,537,371,69.1%
2593,6970,493,406,82.4%
2594,5232,604,421,69.7%
2595,7700,834,643,77.1%
2596,4952,351,150,42.7%
2597,6413,"1,773","1,203",67.9%
2598,9999,27,16,59.3%
2599,2487,546,425,77.8%
2600,2489,941,606,64.4%
2601,6791,756,531,70.2%
2602,4857,328,188,57.3%
2603,3968,634,229,36.1%
2604,3969,849,271,31.9%
2605,6817,600,216,36.0%
2606,9999,7,1,14.3%
2607,7507,642,257,40.0%
2608,7013,262,130,49.6%
2609,0000,672,0,0.0%
2610,1178,731,117,16.0%
2611,1180,547,112,20.5%
2612,7488,472,94,19.9%
2613,4907,783,139,17.8%
2614,7489,686,94,13.7%
2615,1179,583,60,10.3%
2616,7412,"1,165",176,15.1%
2617,5311,"1,141",188,16.5%
2618,9999,28,8,28.6%
2619,1183,"1,108",144,13.0%
2620,8084,351,42,12.0%
2621,6594,248,130,52.4%
2622,4006,260,109,41.9%
2623,4696,382,101,26.4%
2624,0457,209,66,31.6%
2625,5101,379,156,41.2%
2626,4843,194,105,54.1%
2627,0458,205,32,15.6%
2628,8001,992,346,34.9%
2629,0460,"1,557",438,28.1%
2630,8002,736,256,34.8%
2631,7009,"1,292",800,61.9%
2632,7893,687,365,53.1%
2633,7892,365,240,65.8%
2634,7397,165,41,24.8%
2635,6800,113,23,20.4%
2636,7398,93,31,33.3%
2637,9999,4,0,0.0%
2638,3173,562,314,55.9%
2639,3170,346,308,89.0%
2640,8093,570,371,65.1%
2641,8092,315,232,73.7%
2642,3171,318,307,96.5%
2643,7705,583,233,40.0%
2644,7387,322,137,42.5%
2645,3124,416,146,35.1%
2646,3938,628,512,81.5%
2647,3940,453,320,70.6%
2648,9999,3,3,100.0%
2649,9999,4,2,50.0%
2650,2706,623,213,34.2%
2651,2708,544,128,23.5%
2652,7741,372,303,81.5%
2653,6357,343,255,74.3%
2654,3567,436,152,34.9%
2655,3549,461,216,46.9%
2656,3569,865,357,41.3%
2657,8181,456,235,51.5%
2658,1724,122,11,9.0%
2659,7925,469,217,46.3%
2660,7924,479,210,43.8%
2661,1729,821,317,38.6%
2662,9999,5,2,40.0%
2663,5221,"1,048",356,34.0%
2664,7921,473,225,47.6%
2665,1167,100,35,35.0%
2666,1169,402,151,37.6%
2667,1171,450,160,35.6%
2668,1172,661,192,29.0%
2669,6647,505,171,33.9%
2670,3116,504,282,56.0%
2671,3117,439,173,39.4%
2672,2656,235,87,37.0%
2673,7354,595,249,41.8%
2674,2654,373,168,45.0%
2675,2655,483,171,35.4%
2676,2657,447,184,41.2%
2677,2658,"1,099",358,32.6%
2678,9999,11,5,45.5%
2679,5054,440,163,37.0%
2680,8227,195,92,47.2%
2681,7481,465,225,48.4%
2682,4009,440,238,54.1%
2683,4015,775,294,37.9%
2684,4014,572,234,40.9%
2685,9999,1,1,100.0%
2686,6660,383,187,48.8%
2687,3357,332,121,36.4%
2688,3266,453,107,23.6%
2689,8062,826,206,24.9%
2690,4722,798,66,8.3%
2691,3306,357,45,12.6%
2692,7262,506,58,11.5%
2693,3350,287,34,11.8%
2694,3354,"2,104",302,14.4%
2695,7752,350,28,8.0%
2696,4900,522,121,23.2%
2697,7638,197,14,7.1%
2698,0438,253,109,43.1%
2699,7751,583,354,60.7%
2700,0440,738,357,48.4%
2701,1177,976,170,17.4%
2702,7460,613,114,18.6%
2703,7718,394,80,20.3%
2704,7717,626,123,19.6%
2705,4599,313,131,41.9%
2706,4601,292,79,27.1%
2707,4602,879,173,19.7%
2708,6832,456,108,23.7%
2709,7699,423,112,26.5%
2710,4600,463,92,19.9%
2711,7490,804,86,10.7%
2712,9999,18,11,61.1%
2713,0468,"1,164",96,8.2%
2714,0470,727,81,11.1%
2715,6328,671,82,12.2%
2716,6853,313,61,19.5%
2717,1730,631,136,21.6%
2718,7611,525,83,15.8%
2719,7682,683,172,25.2%
2720,6906,648,155,23.9%
2721,9999,32,0,0.0%
2722,0467,706,118,16.7%
2723,9999,2,0,0.0%
2724,6568,510,169,33.1%
2725,0714,381,98,25.7%
2726,6937,292,103,35.3%
2727,4603,533,179,33.6%
2728,4605,264,63,23.9%
2729,6641,925,286,30.9%
2730,4606,518,174,33.6%
2731,9999,11,0,0.0%
2732,4608,"1,220",303,24.8%
2733,4607,555,110,19.8%
2734,3054,512,171,33.4%
2735,7719,197,67,34.0%
2736,3056,611,183,30.0%
2737,6516,"1,120",616,55.0%
2738,1861,637,402,63.1%
2739,6505,626,447,71.4%
2740,6501,769,517,67.2%
2741,1943,530,383,72.3%
2742,7946,306,143,46.7%
2743,2271,312,179,57.4%
2744,2284,289,143,49.5%
2745,9999,7,6,85.7%
2746,6900,561,170,30.3%
2747,1627,438,103,23.5%
2748,7668,457,139,30.4%
2749,7391,428,214,50.0%
2750,2253,405,193,47.7%
2751,2309,176,85,48.3%
2752,2310,163,51,31.3%
2753,2313,686,277,40.4%
2754,2312,230,115,50.0%
2755,8072,303,58,19.1%
2756,8073,320,54,16.9%
2757,8074,186,25,13.4%
2758,8075,732,93,12.7%
2759,4808,527,60,11.4%
2760,2839,"1,029",102,9.9%
2761,4070,306,165,53.9%
2762,4062,232,97,41.8%
2763,4064,231,101,43.7%
2764,4068,409,147,35.9%
2765,4071,257,116,45.1%
2766,4839,497,208,41.9%
2767,4613,523,182,34.8%
2768,7556,566,129,22.8%
2769,6692,618,113,18.3%
2770,6286,465,92,19.8%
2771,4614,978,152,15.5%
2772,6932,593,297,50.1%
2773,8102,450,234,52.0%
2774,7978,295,151,51.2%
2775,9999,30,13,43.3%
2776,6191,629,274,43.6%
2777,7960,470,353,75.1%
2778,7648,32,22,68.8%
2779,0941,516,182,35.3%
2780,0936,335,117,34.9%
2781,8076,546,238,43.6%
2782,5130,427,163,38.2%
2783,9999,7,4,57.1%
2784,4617,434,140,32.3%
2785,4620,379,138,36.4%
2786,4623,"1,108",249,22.5%
2787,4622,610,179,29.3%
2788,6725,602,199,33.1%
2789,9999,11,5,45.5%
2790,4618,653,195,29.9%
2791,7321,409,34,8.3%
2792,7940,628,34,5.4%
2793,3358,368,22,6.0%
2794,4809,547,48,8.8%
2795,3364,461,113,24.5%
2796,7458,124,45,36.3%
2797,3365,"1,227",146,11.9%
2798,7817,659,96,14.6%
2799,7818,591,70,11.8%
2800,3367,"1,762",195,11.1%
2801,7599,569,86,15.1%
2802,7763,514,20,3.9%
2803,1949,842,140,16.6%
2804,6518,617,109,17.7%
2805,6519,597,55,9.2%
2806,1950,"1,196",157,13.1%
2807,8134,566,37,6.5%
2808,3368,388,55,14.2%
2809,3370,688,100,14.5%
2810,3376,634,82,12.9%
2811,3375,507,81,16.0%
2812,1354,244,41,16.8%
2813,1356,336,127,37.8%
2814,1350,355,58,16.3%
2815,7735,371,60,16.2%
2816,1357,357,68,19.0%
2817,1358,355,137,38.6%
2818,7426,718,169,23.5%
2819,6233,488,102,20.9%
2820,6234,824,129,15.7%
2821,1359,378,80,21.2%
2822,1364,"2,368",388,16.4%
2823,6113,636,267,42.0%
2824,0193,284,230,81.0%
2825,0256,126,75,59.5%
2826,0259,328,122,37.2%
2827,0260,397,231,58.2%
2828,0196,575,250,43.5%
2829,1799,884,661,74.8%
2830,1801,566,401,70.8%
2831,7505,687,610,88.8%
2832,0477,345,286,82.9%
2833,7606,298,266,89.3%
2834,8158,77,26,33.8%
2835,7123,267,129,48.3%
2836,3221,193,99,51.3%
2837,3219,180,65,36.1%
2838,3223,255,84,32.9%
2839,3224,"1,341",488,36.4%
2840,6683,736,321,43.6%
2841,7593,878,349,39.7%
2842,7839,"1,202",507,42.2%
2843,3222,133,72,54.1%
2844,7635,319,197,61.8%
2845,8180,335,122,36.4%
2846,4030,295,84,28.5%
2847,7567,155,96,61.9%
2848,6885,494,305,61.7%
2849,4054,341,176,51.6%
2850,7106,408,151,37.0%
2851,4945,585,227,38.8%
2852,1806,929,273,29.4%
2853,1805,717,248,34.6%
2854,1802,593,225,37.9%
2855,6608,671,253,37.7%
2856,3589,545,152,27.9%
2857,7367,540,189,35.0%
2858,7551,218,183,83.9%
2859,8126,873,479,54.9%
2860,8136,278,136,48.9%
2861,7662,464,176,37.9%
2862,5070,662,195,29.5%
2863,7031,464,245,52.8%
2864,3948,264,73,27.7%
2865,8252,877,874,99.7%
2866,7833,295,169,57.3%
2867,7363,284,126,44.4%
2868,1666,235,167,71.1%
2869,1663,280,176,62.9%
2870,6168,236,152,64.4%
2871,7601,472,312,66.1%
2872,1668,566,317,56.0%
2873,4811,419,204,48.7%
2874,7862,441,245,55.6%
2875,5208,745,314,42.1%
2876,4690,425,30,7.1%
2877,1423,"2,056",103,5.0%
2878,1434,526,26,4.9%
2879,1439,458,25,5.5%
2880,1440,418,15,3.6%
2881,1421,"1,082",59,5.5%
2882,1438,509,13,2.6%
2883,4689,"1,013",34,3.4%
2884,3955,363,146,40.2%
2885,3954,112,41,36.6%
2886,3957,408,156,38.2%
2887,4276,415,40,9.6%
2888,6638,785,218,27.8%
2889,7402,398,190,47.7%
2890,6012,"1,073",230,21.4%
2891,7424,295,67,22.7%
2892,7388,366,140,38.3%
2893,1000,725,251,34.6%
2894,8192,453,202,44.6%
2895,0996,352,91,25.9%
2896,7983,307,170,55.4%
2897,6321,396,183,46.2%
2898,6322,358,108,30.2%
2899,4670,713,253,35.5%
2900,6991,236,101,42.8%
2901,6993,202,106,52.5%
2902,6992,240,112,46.7%
2903,6396,308,113,36.7%
2904,5271,860,289,33.6%
2905,4536,836,330,39.5%
2906,6215,213,135,63.4%
2907,6216,191,98,51.3%
2908,6280,785,217,27.6%
2909,6281,662,214,32.3%
2910,6282,277,91,32.9%
2911,2221,264,83,31.4%
2912,2222,294,119,40.5%
2913,2226,305,144,47.2%
2914,0748,139,106,76.3%
2915,0751,150,92,61.3%
2916,0752,294,178,60.5%
2917,0753,319,160,50.2%
2918,8144,182,107,58.8%
2919,0872,421,114,27.1%
2920,0868,397,77,19.4%
2921,5029,470,114,24.3%
2922,0873,997,219,22.0%
2923,7328,"1,113",264,23.7%
2924,7614,817,422,51.7%
2925,0949,549,231,42.1%
2926,7518,545,262,48.1%
2927,2712,245,99,40.4%
2928,7083,250,97,38.8%
2929,9999,2,0,0.0%
2930,2709,311,87,28.0%
2931,6795,640,380,59.4%
2932,2075,339,201,59.3%
2933,7289,268,172,64.2%
2934,5033,113,65,57.5%
2935,5034,208,125,60.1%
2936,1501,276,133,48.2%
2937,9999,1,1,100.0%
2938,6933,219,102,46.6%
2939,2182,488,315,64.5%
2940,6007,123,47,38.2%
2941,7933,316,300,94.9%
2942,7934,138,117,84.8%
2943,2137,117,68,58.1%
2944,2139,316,169,53.5%
2945,9999,33,12,36.4%
2946,2184,846,430,50.8%
2947,2185,222,107,48.2%
2948,1441,361,8,2.2%
2949,6719,"1,039",37,3.6%
2950,7214,320,4,1.3%
2951,7736,580,8,1.4%
2952,1442,384,29,7.6%
2953,1443,"1,334",47,3.5%
2954,6680,593,239,40.3%
2955,2358,522,197,37.7%
2956,9999,15,6,40.0%
2957,8195,611,611,100.0%
2958,8145,506,506,100.0%
2959,8251,685,19,2.8%
2960,8146,624,624,100.0%
2961,7580,621,621,100.0%
2962,8196,395,384,97.2%
2963,0018,212,90,42.5%
2964,0019,175,78,44.6%
2965,7938,519,273,52.6%
2966,0021,517,199,38.5%
2967,7437,246,115,46.7%
2968,4699,627,243,38.8%
2969,1959,309,115,37.2%
2970,1970,"1,525","1,185",77.7%
2971,1960,648,528,81.5%
2972,7943,309,257,83.2%
2973,1971,"1,298",519,40.0%
2974,1964,642,266,41.4%
2975,1965,651,427,65.6%
2976,1966,701,235,33.5%
2977,7359,469,239,51.0%
2978,1968,606,517,85.3%
2979,7480,606,27,4.5%
2980,9999,242,6,2.5%
2981,1972,"3,720","2,077",55.8%
2982,7845,269,211,78.4%
2983,1969,454,220,48.5%
2984,7263,450,204,45.3%
2985,6340,402,130,32.3%
2986,6339,385,148,38.4%
2987,3385,442,59,13.3%
2988,5251,486,45,9.3%
2989,3382,458,37,8.1%
2990,7652,413,21,5.1%
2991,4943,"1,013",109,10.8%
2992,5078,"1,483",184,12.4%
2993,6468,396,246,62.1%
2994,4832,478,69,14.4%
2995,3389,403,106,26.3%
2996,3391,333,42,12.6%
2997,9999,54,24,44.4%
2998,3395,"1,129",304,26.9%
2999,3394,"1,207",360,29.8%
3000,3401,989,181,18.3%
3001,7798,664,156,23.5%
3002,5249,705,172,24.4%
3003,7797,684,164,24.0%
3004,9999,40,3,7.5%
3005,7073,892,260,29.1%
3006,7264,671,129,19.2%
3007,5081,967,198,20.5%
3008,3406,721,181,25.1%
3009,5195,444,7,1.6%
3010,5196,660,35,5.3%
3011,0490,542,39,7.2%
3012,0491,661,39,5.9%
3013,4859,500,38,7.6%
3014,0492,"1,382",81,5.9%
3015,7563,214,183,85.5%
3016,7562,347,301,86.7%
3017,8194,215,186,86.5%
3018,4126,414,202,48.8%
3019,7920,533,327,61.4%
3020,9999,2,1,50.0%
3021,6776,581,187,32.2%
3022,6775,825,208,25.2%
3023,7487,579,178,30.7%
3024,7283,598,186,31.1%
3025,5162,539,331,61.4%
3026,8128,198,117,59.1%
3027,7581,393,298,75.8%
3028,4310,"1,256",593,47.2%
3029,6956,809,450,55.6%
3030,7169,547,311,56.9%
3031,7417,463,249,53.8%
3032,4305,285,150,52.6%
3033,1905,439,61,13.9%
3034,5287,"1,168",120,10.3%
3035,1908,852,77,9.0%
3036,1952,553,43,7.8%
3037,1906,488,40,8.2%
3038,9999,24,0,0.0%
3039,7674,"1,024","1,014",99.0%
3040,5356,301,122,40.5%
3041,6149,96,57,59.4%
3042,4148,367,147,40.1%
3043,4143,558,185,33.2%
3044,4140,265,109,41.1%
3045,4145,131,75,57.3%
3046,4146,309,161,52.1%
3047,6150,305,168,55.1%
3048,4142,140,65,46.4%
3049,7843,840,414,49.3%
3050,4149,764,266,34.8%
3051,4133,595,341,57.3%
3052,4135,291,137,47.1%
3053,3572,286,107,37.4%
3054,5103,529,123,23.3%
3055,3575,500,174,34.8%
3056,9999,2,1,50.0%
3057,3574,336,128,38.1%
3058,2661,534,83,15.5%
3059,7420,588,186,31.6%
3060,4823,606,142,23.4%
3061,2660,523,160,30.6%
3062,5336,685,161,23.5%
3063,9999,6,3,50.0%
3064,2663,"1,439",342,23.8%
3065,4286,420,252,60.0%
3066,6912,237,168,70.9%
3067,7456,856,607,70.9%
3068,6148,527,192,36.4%
3069,7475,509,174,34.2%
3070,6654,449,161,35.9%
3071,6424,322,125,38.8%
3072,4295,898,327,36.4%
3073,7446,488,243,49.8%
3074,6425,195,90,46.2%
3075,4291,408,233,57.1%
3076,6865,516,264,51.2%
3077,9999,9,3,33.3%
3078,2233,845,396,46.9%
3079,2234,352,108,30.7%
3080,2238,553,201,36.3%
3081,5330,620,176,28.4%
3082,5331,716,232,32.4%
3083,2243,"1,217",301,24.7%
3084,6446,264,116,43.9%
3085,6838,166,85,51.2%
3086,9999,5,4,80.0%
3087,1327,236,96,40.7%
3088,4075,201,60,29.9%
3089,5095,339,115,33.9%
3090,4079,499,189,37.9%
3091,4080,486,162,33.3%
3092,9999,1,1,100.0%
3093,7760,460,58,12.6%
3094,5366,484,89,18.4%
3095,6895,797,169,21.2%
3096,0509,"1,068",198,18.5%
3097,5367,454,132,29.1%
3098,6599,552,248,44.9%
3099,1566,549,272,49.5%
3100,1452,851,82,9.6%
3101,1392,347,59,17.0%
3102,1395,469,66,14.1%
3103,1456,547,59,10.8%
3104,1454,434,64,14.7%
3105,4812,507,129,25.4%
3106,6910,597,94,15.7%
3107,5137,995,132,13.3%
3108,1457,514,49,9.5%
3109,4813,547,64,11.7%
3110,7324,641,62,9.7%
3111,1451,916,80,8.7%
3112,7894,"1,285",103,8.0%
3113,6734,"1,324",164,12.4%
3114,1453,"1,244",109,8.8%
3115,1458,464,21,4.5%
3116,5332,268,127,47.4%
3117,2287,88,52,59.1%
3118,7136,256,113,44.1%
3119,7496,172,89,51.7%
3120,9999,15,5,33.3%
3121,0516,282,30,10.6%
3122,7382,570,92,16.1%
3123,0519,386,48,12.4%
3124,4867,668,112,16.8%
3125,0523,897,123,13.7%
3126,9999,10,4,40.0%
3127,6803,264,94,35.6%
3128,7307,239,102,42.7%
3129,6129,351,99,28.2%
3130,8164,169,55,32.5%
3131,0528,249,116,46.6%
3132,0532,368,175,47.6%
3133,0526,198,118,59.6%
3134,0536,"1,072",470,43.8%
3135,0535,"1,127",612,54.3%
3136,7548,902,788,87.4%
3137,6344,304,152,50.0%
3138,3594,373,150,40.2%
3139,4920,455,198,43.5%
3140,3597,610,237,38.9%
3141,9999,39,19,48.7%
3142,3596,802,239,29.8%
3143,7722,613,600,97.9%
3144,1741,472,118,25.0%
3145,1732,"1,308",365,27.9%
3146,7395,609,170,27.9%
3147,4588,254,41,16.1%
3148,4583,507,98,19.3%
3149,1736,467,136,29.1%
3150,1716,609,235,38.6%
3151,1740,392,153,39.0%
3152,1735,193,54,28.0%
3153,1718,353,112,31.7%
3154,4585,377,161,42.7%
3155,4704,"1,169",213,18.2%
3156,7332,584,159,27.2%
3157,1738,182,47,25.8%
3158,1734,399,189,47.4%
3159,5059,521,295,56.6%
3160,4625,535,299,55.9%
3161,4627,238,115,48.3%
3162,4629,392,87,22.2%
3163,4626,191,52,27.2%
3164,6705,901,301,33.4%
3165,7286,706,311,44.1%
3166,9999,25,13,52.0%
3167,6609,449,198,44.1%
3168,0715,320,122,38.1%
3169,0719,421,137,32.5%
3170,9999,11,3,27.3%
3171,4959,429,126,29.4%
3172,8173,593,286,48.2%
3173,6704,700,302,43.1%
3174,7341,512,239,46.7%
3175,9999,10,5,50.0%
3176,4311,366,184,50.3%
3177,1290,582,172,29.6%
3178,1293,552,126,22.8%
3179,1292,484,144,29.8%
3180,0000,214,144,67.3%
3181,6983,539,146,27.1%
3182,6841,599,284,47.4%
3183,2848,"1,385",586,42.3%
3184,5241,"1,004",464,46.2%
3185,8048,649,302,46.5%
3186,7907,373,285,76.4%
3187,6632,799,558,69.8%
3188,5152,554,490,88.4%
3189,2995,503,446,88.7%
3190,6924,929,714,76.9%
3191,3009,945,650,68.8%
3192,3008,841,663,78.8%
3193,6923,731,629,86.0%
3194,3007,"1,018",478,47.0%
3195,7492,955,426,44.6%
3196,7497,431,254,58.9%
3197,9999,27,4,14.8%
3198,5106,418,191,45.7%
3199,0553,265,121,45.7%
3200,0554,126,72,57.1%
3201,0555,206,109,52.9%
3202,6509,264,177,67.0%
3203,1887,425,306,72.0%
3204,7385,324,258,79.6%
3205,1856,186,162,87.1%
3206,1890,365,260,71.2%
3207,7020,463,408,88.1%
3208,8231,"1,587","1,190",75.0%
3209,7918,766,628,82.0%
3210,1974,370,262,70.8%
3211,8018,467,425,91.0%
3212,7357,589,314,53.3%
3213,3914,450,176,39.1%
3214,0950,272,149,54.8%
3215,0951,227,112,49.3%
3216,3057,610,366,60.0%
3217,3073,594,412,69.4%
3218,6367,426,202,47.4%
3219,3058,543,433,79.7%
3220,6861,625,318,50.9%
3221,3070,286,103,36.0%
3222,3062,272,188,69.1%
3223,7061,344,297,86.3%
3224,9999,7,7,100.0%
3225,6368,"1,502",752,50.1%
3226,6963,352,100,28.4%
3227,4865,94,52,55.3%
3228,2721,441,103,23.4%
3229,7352,412,134,32.5%
3230,9999,4,0,0.0%
3231,6773,512,114,22.3%
3232,8234,553,99,17.9%
3233,8233,542,147,27.1%
3234,7436,527,149,28.3%
3235,0883,507,118,23.3%
3236,6980,"1,845",360,19.5%
3237,6982,670,164,24.5%
3238,6981,720,128,17.8%
3239,3516,221,127,57.5%
3240,3520,251,37,14.7%
3241,3522,682,216,31.7%
3242,6785,659,266,40.4%
3243,9999,9,3,33.3%
3244,7053,376,195,51.9%
3245,4026,376,137,36.4%
3246,7145,260,124,47.7%
3247,9999,5,4,80.0%
3248,7500,601,295,49.1%
3249,7724,450,348,77.3%
3250,6470,423,54,12.8%
3251,7491,493,70,14.2%
3252,4914,176,98,55.7%
3253,6835,512,134,26.2%
3254,3414,368,42,11.4%
3255,3245,"1,011",181,17.9%
3256,3247,"1,453",226,15.6%
3257,7626,68,16,23.5%
3258,6969,332,282,84.9%
3259,8088,417,333,79.9%
3260,0274,249,238,95.6%
3261,8089,284,227,79.9%
3262,8090,431,369,85.6%
3263,8091,519,331,63.8%
3264,8038,512,431,84.2%
3265,9999,4,1,25.0%
3266,0107,"1,244",865,69.5%
3267,7512,561,334,59.5%
3268,8175,731,322,44.0%
3269,1005,636,221,34.7%
3270,2875,180,62,34.4%
3271,7273,420,161,38.3%
3272,6388,141,40,28.4%
3273,2874,562,194,34.5%
3274,6390,"1,146",287,25.0%
3275,6392,215,75,34.9%
3276,2878,605,267,44.1%
3277,2917,243,162,66.7%
3278,8243,"1,085",827,76.2%
3279,2918,151,77,51.0%
3280,6986,"1,178",678,57.6%
3281,6391,"1,315",607,46.2%
3282,0885,309,107,34.6%
3283,0887,932,262,28.1%
3284,0886,663,185,27.9%
3285,8131,296,99,33.4%
3286,8237,628,546,86.9%
3287,8238,617,518,84.0%
3288,8239,862,747,86.7%
3289,8240,718,639,89.0%
3290,8241,591,497,84.1%
3291,7945,43,42,97.7%
3292,8242,608,551,90.6%
3293,4647,880,760,86.4%
3294,5168,"1,564",831,53.1%
3295,4648,367,129,35.1%
3296,6688,331,64,19.3%
3297,4653,281,85,30.2%
3298,4657,669,176,26.3%
3299,9999,15,4,26.7%
3300,4658,893,235,26.3%
3301,8179,293,100,34.1%
3302,4512,294,118,40.1%
3303,4507,255,112,43.9%
3304,8003,229,111,48.5%
3305,4508,723,256,35.4%
3306,4735,770,222,28.8%
3307,7584,250,208,83.2%
3308,8150,765,765,100.0%
3309,7841,246,35,14.2%
3310,8156,178,116,65.2%
3311,7513,252,222,88.1%
3312,- 1 -,,www.pimsreports.state.pa.us,
